,Correlation
RV_21,0.8626084046643412
EWMA_Vol_094,0.8542541082204882
Downside_Vol_21,0.8514632956464828
RV_10,0.8447848940727053
RV_5,0.8022473201174669
Sector_HL_Range,0.7920642795448486
RV_63,0.788836142393183
Downside_Vol_63,0.7865883582389172
Sector_Parkinson_Vol,0.7822856590159135
Sector_Parkinson_Var,0.7457377994542174
RV_126,0.6809384188325154
AUS_UNEMPLOYMENT,0.576170133963782
Abs_Return_1D,0.5609976333691502
AUS_SHORT_RATE,-0.557937583142116
VolOfVol_21,0.5401450753253982
Squared_Return_1D,0.5291774467064254
AUS_LONG_RATE,-0.5192218981918207
AUS_CPI_YOY,-0.44422215566758727
VolOfVol_63,0.42917799340670215
Drawdown_21,-0.39675090246482164
AUS_YIELD_SPREAD,0.3461561909420805
VIX_Level,0.2821710945282799
Drawdown_63,-0.26813993543573994
ASX200_RV21,0.19943471076552047
Drawdown_126,-0.16643789390021133
Sector_Log_Dollar_Volume,-0.15332348507104898
COPPER_Return_21D,0.11963399308661134
GOLD_Return_21D,-0.11523382535364171
Return_63D,0.10887567120675586
GOLD_RV21,0.09423206941469495
VIX_RV21,0.07230963362579762
RV21_Change_5D,0.06635078560812556
AUDUSD_RV21,0.0641586823204414
ASX200_Return_21D,0.05993592322682688
AUDUSD_Return_21D,0.03681250251572936
RV21_Change_1D,0.03661954548650054
Return_21D,0.03557745979346524
COPPER_RV21,0.035553761974886036
Return_1D,0.03538927055324465
GOLD_Return_1D,-0.027780243567979198
Dollar_Volume_Change_21D,0.022579903829474002
AUS_GDP_QOQ,0.017957836788402372
Return_5D,0.01645880298651583
VIX_Return_21D,0.0109163364827561
COPPER_Return_1D,0.00980359439215201
VIX_Return_1D,0.006333051689955713
AUDUSD_Return_1D,-0.005807907777146537
ASX200_Return_1D,0.0019986513578698264
