Horizon,Period,Model,N,MAE,RMSE,QLIKE,Correlation,Bias,Actual_Std,Prediction_Std
5,Test,HAR_RV,430,0.07780406119046405,0.10214945409592538,0.3482995764361941,0.4165011707678825,0.009373286952222571,0.10932638633342931,0.06771358186437539
5,Test,GARCH_11,430,0.0842103030959523,0.10947188153040563,0.34923455838884376,0.39702112091349623,0.0317665596988623,0.10932638633342931,0.07393825105554223
5,Test,EWMA_094,430,0.07959870448216387,0.10585688142383634,0.3845024304497463,0.37234645285149165,0.011833028894405098,0.10932638633342931,0.06892568569766944
5,Test,Persistence_21D,430,0.08247649897023983,0.11223506135708017,0.4312465446995976,0.3324792586515697,0.00981971053166638,0.10932638633342931,0.07991931675784704
5,Test,Historical_Matched,430,0.0855799260900145,0.11479993132811328,0.6097483578863341,0.44948467262044395,-0.0017012799224206943,0.10932638633342931,0.10971591691190993
5,Validation,EWMA_094,506,0.052508384080112214,0.06475867942268772,0.2819828814352308,0.057063772201259716,0.01035387769080321,0.05987978723745023,0.026234998117377773
5,Validation,HAR_RV,506,0.05756002779676131,0.07019420258970326,0.29745126540034617,0.045972730720145766,0.0245565335413915,0.05987978723745023,0.030225636775141552
5,Validation,GARCH_11,506,0.0646117425663511,0.07786999874481369,0.31547138328973395,0.061058724995673844,0.041805831493115383,0.05987978723745023,0.03108489958876745
5,Validation,Persistence_21D,506,0.05371113925723832,0.06618044055901727,0.31904564329047735,0.05694469724478144,0.007848901704942686,0.05987978723745023,0.030847666081405684
5,Validation,Historical_Matched,506,0.06590259462488034,0.08429766967338644,0.9007274001746957,0.009223504364110303,0.0005877078911356281,0.05987978723745023,0.060004287354807125
21,Test,HAR_RV,414,0.06294822820805261,0.08384117969020402,0.20049849115366833,0.3941393311222054,0.01740039844397105,0.07920874310398113,0.06921237464628849
21,Test,GARCH_11,414,0.06761470506341971,0.09048972913294352,0.2047358690054308,0.37146123669858316,0.032927373489612395,0.07920874310398113,0.07081219349852791
21,Test,EWMA_094,414,0.06136992421424359,0.08240346432995918,0.24454502612472828,0.3953066249733529,-0.002731256755834161,0.07920874310398113,0.0701150232578234
21,Test,Historical_Matched,414,0.06816000688342636,0.0905342486243018,0.31365168532467175,0.3645736449633881,-0.004599513656074196,0.07920874310398113,0.0813652279411293
21,Test,Persistence_21D,414,0.06816000688342636,0.0905342486243018,0.31365168532467175,0.3645736449633881,-0.004599513656074196,0.07920874310398113,0.0813652279411293
21,Validation,EWMA_094,506,0.030243553644435883,0.03999660787986333,0.09792018961829002,0.04793611560771075,0.003601551677718951,0.03131098978119671,0.026234998117377773
21,Validation,Historical_Matched,506,0.032368624339357985,0.04310896876672978,0.13956229032504114,0.03680527287458914,0.0010965756918584278,0.03131098978119671,0.030847666081405684
21,Validation,Persistence_21D,506,0.032368624339357985,0.04310896876672978,0.13956229032504114,0.03680527287458914,0.0010965756918584278,0.03131098978119671,0.030847666081405684
21,Validation,HAR_RV,506,0.05104833811537794,0.06125158844491922,0.1531052383224577,0.05296651640701576,0.04412758246873443,0.03131098978119671,0.03047612252974906
21,Validation,GARCH_11,506,0.062237234771624086,0.07154219317386948,0.1905886776118701,0.05727705092172577,0.05798266153368855,0.03131098978119671,0.02976861137535015
63,Test,HAR_RV,372,0.052948562368992015,0.07283782142510231,0.11692459512736944,0.4036598488815246,0.029958521017519023,0.05868675675476067,0.0628911786411422
63,Test,GARCH_11,372,0.06833481586509912,0.0901192378180611,0.15207973384292744,0.344975549496598,0.05599373419295044,0.05868675675476067,0.06457791417758504
63,Test,Historical_Matched,372,0.0615964363549807,0.06741096878123266,0.18556662686986147,0.4357789339182265,-0.020677679264271023,0.05868675675476067,0.062148837260924156
63,Test,EWMA_094,372,0.0566087301787987,0.0725991152569328,0.20817682287335568,0.42776269599986705,-0.017531987056077558,0.05868675675476067,0.07160900169800802
63,Test,Persistence_21D,372,0.06420130183122807,0.08280444000193787,0.3105140820995697,0.40037168769025994,-0.019166359930541062,0.05868675675476067,0.08361862446450319
63,Validation,Historical_Matched,506,0.021625517964490748,0.02570892687124762,0.0366410412511835,0.40379848576914235,0.005931399106486927,0.019227953396535186,0.025584865634214863
63,Validation,EWMA_094,506,0.022642217827087426,0.02871422798716008,0.050073107153260826,0.23429375569270602,0.0021255796223114765,0.019227953396535186,0.026234998117377773
63,Validation,Persistence_21D,506,0.025736597473582486,0.0341408923450019,0.08095581402607703,0.12942047570957158,-0.0003793963635490464,0.019227953396535186,0.030847666081405684
63,Validation,HAR_RV,506,0.08697991673504155,0.0926176696584091,0.25953847516198675,0.24699921721472734,0.08697991673504155,0.019227953396535186,0.03058286022564164
63,Validation,GARCH_11,506,0.10781200085964496,0.11232478607053528,0.3449064319112112,0.20587686538570057,0.10781200085964496,0.019227953396535186,0.02928354829941464
