Date,Horizon,Stock_Level_ML_Aggregated,N_Stocks,Refit_Every,Correlation_Window,Model,Transform
2025-01-02,5,0.1629209842578585,50,21,63,RF_leaf5,raw
2025-01-03,5,0.16412110672244037,50,21,63,RF_leaf5,raw
2025-01-06,5,0.1618107681801842,50,21,63,RF_leaf5,raw
2025-01-07,5,0.16745562645124615,50,21,63,RF_leaf5,raw
2025-01-08,5,0.16520461092998023,50,21,63,RF_leaf5,raw
2025-01-09,5,0.16996087347789213,50,21,63,RF_leaf5,raw
2025-01-10,5,0.1682620901723626,50,21,63,RF_leaf5,raw
2025-01-13,5,0.1827888170444362,50,21,63,RF_leaf5,raw
2025-01-14,5,0.1744470149287702,50,21,63,RF_leaf5,raw
2025-01-15,5,0.17580693045029103,50,21,63,RF_leaf5,raw
2025-01-16,5,0.1769249690687861,50,21,63,RF_leaf5,raw
2025-01-17,5,0.1891898599051509,50,21,63,RF_leaf5,raw
2025-01-20,5,0.18715266585364948,50,21,63,RF_leaf5,raw
2025-01-21,5,0.18847627252190294,50,21,63,RF_leaf5,raw
2025-01-22,5,0.18026919573913144,50,21,63,RF_leaf5,raw
2025-01-23,5,0.17418609383918202,50,21,63,RF_leaf5,raw
2025-01-24,5,0.17741399696611163,50,21,63,RF_leaf5,raw
2025-01-28,5,0.1884731631301968,50,21,63,RF_leaf5,raw
2025-01-29,5,0.18917061534045723,50,21,63,RF_leaf5,raw
2025-01-30,5,0.18331275965943583,50,21,63,RF_leaf5,raw
2025-01-31,5,0.1789346202855408,50,21,63,RF_leaf5,raw
2025-02-03,5,0.16358125438070573,50,21,63,RF_leaf5,raw
2025-02-04,5,0.16278419442153713,50,21,63,RF_leaf5,raw
2025-02-05,5,0.16135754523588167,50,21,63,RF_leaf5,raw
2025-02-06,5,0.16070062326485673,50,21,63,RF_leaf5,raw
2025-02-07,5,0.15467848570337447,50,21,63,RF_leaf5,raw
2025-02-10,5,0.15698882090804264,50,21,63,RF_leaf5,raw
2025-02-11,5,0.16891853680317942,50,21,63,RF_leaf5,raw
2025-02-12,5,0.1619581250230104,50,21,63,RF_leaf5,raw
2025-02-13,5,0.15958849791028937,50,21,63,RF_leaf5,raw
2025-02-14,5,0.15630929072487168,50,21,63,RF_leaf5,raw
2025-02-17,5,0.16044245407690494,50,21,63,RF_leaf5,raw
2025-02-18,5,0.1577585311607938,50,21,63,RF_leaf5,raw
2025-02-19,5,0.16231304259832083,49,21,63,RF_leaf5,raw
2025-02-20,5,0.16604589214428186,49,21,63,RF_leaf5,raw
2025-02-21,5,0.16217310044107477,49,21,63,RF_leaf5,raw
2025-02-24,5,0.16435355140883234,49,21,63,RF_leaf5,raw
2025-02-25,5,0.16380782912506503,49,21,63,RF_leaf5,raw
2025-02-26,5,0.16831793523870914,50,21,63,RF_leaf5,raw
2025-02-27,5,0.1628437374447573,50,21,63,RF_leaf5,raw
2025-02-28,5,0.19104822877023195,50,21,63,RF_leaf5,raw
2025-03-03,5,0.18507503477255383,50,21,63,RF_leaf5,raw
2025-03-04,5,0.1953959327198363,50,21,63,RF_leaf5,raw
2025-03-05,5,0.19675301774942916,49,21,63,RF_leaf5,raw
2025-03-06,5,0.20870622114627232,49,21,63,RF_leaf5,raw
2025-03-07,5,0.22630047656387475,49,21,63,RF_leaf5,raw
2025-03-10,5,0.21259056396056308,49,21,63,RF_leaf5,raw
2025-03-11,5,0.24107209458847856,49,21,63,RF_leaf5,raw
2025-03-12,5,0.2438930486846651,50,21,63,RF_leaf5,raw
2025-03-13,5,0.2834430694183501,50,21,63,RF_leaf5,raw
2025-03-14,5,0.2556631142164523,50,21,63,RF_leaf5,raw
2025-03-17,5,0.2263786986689582,50,21,63,RF_leaf5,raw
2025-03-18,5,0.22544390931896474,50,21,63,RF_leaf5,raw
2025-03-19,5,0.23337508587768122,50,21,63,RF_leaf5,raw
2025-03-20,5,0.19776967637945475,50,21,63,RF_leaf5,raw
2025-03-21,5,0.19692566156930494,50,21,63,RF_leaf5,raw
2025-03-24,5,0.1984754909280831,50,21,63,RF_leaf5,raw
2025-03-25,5,0.18997517558415303,50,21,63,RF_leaf5,raw
2025-03-26,5,0.1914483193443442,50,21,63,RF_leaf5,raw
2025-03-27,5,0.18882397205897708,50,21,63,RF_leaf5,raw
2025-03-28,5,0.19015957501588385,50,21,63,RF_leaf5,raw
2025-03-31,5,0.1935575390998365,50,21,63,RF_leaf5,raw
2025-04-01,5,0.1997860072120315,50,21,63,RF_leaf5,raw
2025-04-02,5,0.19191161085653202,50,21,63,RF_leaf5,raw
2025-04-03,5,0.19736415762265383,50,21,63,RF_leaf5,raw
2025-04-04,5,0.21759015071067722,50,21,63,RF_leaf5,raw
2025-04-07,5,0.3041017543059186,50,21,63,RF_leaf5,raw
2025-04-08,5,0.29810331284438807,50,21,63,RF_leaf5,raw
2025-04-09,5,0.30762421182118393,50,21,63,RF_leaf5,raw
2025-04-10,5,0.2716917776746213,50,21,63,RF_leaf5,raw
2025-04-11,5,0.3134068238425241,50,21,63,RF_leaf5,raw
2025-04-14,5,0.26392327902401347,50,21,63,RF_leaf5,raw
2025-04-15,5,0.24972458894395605,50,21,63,RF_leaf5,raw
2025-04-16,5,0.25020963180149286,50,21,63,RF_leaf5,raw
2025-04-17,5,0.25824271574412133,50,21,63,RF_leaf5,raw
2025-04-22,5,0.26130355266877386,50,21,63,RF_leaf5,raw
2025-04-23,5,0.2601089188256895,50,21,63,RF_leaf5,raw
2025-04-24,5,0.24965019440849168,50,21,63,RF_leaf5,raw
2025-04-28,5,0.2512265920146864,49,21,63,RF_leaf5,raw
2025-04-29,5,0.24749968331160793,49,21,63,RF_leaf5,raw
2025-04-30,5,0.25075543052426896,49,21,63,RF_leaf5,raw
2025-05-01,5,0.26337853144064693,49,21,63,RF_leaf5,raw
2025-05-02,5,0.2594827308390537,49,21,63,RF_leaf5,raw
2025-05-05,5,0.25366551084050376,50,21,63,RF_leaf5,raw
2025-05-06,5,0.22154208415936444,50,21,63,RF_leaf5,raw
2025-05-07,5,0.22650727503153095,50,21,63,RF_leaf5,raw
2025-05-08,5,0.22491156286803493,50,21,63,RF_leaf5,raw
2025-05-09,5,0.24047706444101427,50,21,63,RF_leaf5,raw
2025-05-12,5,0.24206761606086838,50,21,63,RF_leaf5,raw
2025-05-13,5,0.2432169259149994,50,21,63,RF_leaf5,raw
2025-05-14,5,0.24318476268463612,50,21,63,RF_leaf5,raw
2025-05-15,5,0.24229911692790243,49,21,63,RF_leaf5,raw
2025-05-16,5,0.2345729347903692,49,21,63,RF_leaf5,raw
2025-05-19,5,0.2343820444074691,49,21,63,RF_leaf5,raw
2025-05-20,5,0.23297074377251675,49,21,63,RF_leaf5,raw
2025-05-21,5,0.2300070545519421,49,21,63,RF_leaf5,raw
2025-05-22,5,0.23114566485658306,50,21,63,RF_leaf5,raw
2025-05-23,5,0.2329586998928084,50,21,63,RF_leaf5,raw
2025-05-26,5,0.23657490288620597,50,21,63,RF_leaf5,raw
2025-05-27,5,0.2372061267751345,50,21,63,RF_leaf5,raw
2025-05-28,5,0.22952415553591865,50,21,63,RF_leaf5,raw
2025-05-29,5,0.23217606820524903,50,21,63,RF_leaf5,raw
2025-05-30,5,0.25030650062439425,50,21,63,RF_leaf5,raw
2025-06-02,5,0.24093489550503608,50,21,63,RF_leaf5,raw
2025-06-03,5,0.23331602073484817,50,21,63,RF_leaf5,raw
2025-06-04,5,0.18514463927297373,50,21,63,RF_leaf5,raw
2025-06-05,5,0.18997216039775092,50,21,63,RF_leaf5,raw
2025-06-06,5,0.19598383888711526,50,21,63,RF_leaf5,raw
2025-06-10,5,0.20074769739192436,50,21,63,RF_leaf5,raw
2025-06-11,5,0.20010901773481388,50,21,63,RF_leaf5,raw
2025-06-12,5,0.20900287835362522,50,21,63,RF_leaf5,raw
2025-06-13,5,0.22112105564842097,50,21,63,RF_leaf5,raw
2025-06-16,5,0.22466252092454692,50,21,63,RF_leaf5,raw
2025-06-17,5,0.21684709688931822,50,21,63,RF_leaf5,raw
2025-06-18,5,0.22573046514444395,50,21,63,RF_leaf5,raw
2025-06-19,5,0.22692406662707124,50,21,63,RF_leaf5,raw
2025-06-20,5,0.22000137192730534,50,21,63,RF_leaf5,raw
2025-06-23,5,0.21261613743035687,50,21,63,RF_leaf5,raw
2025-06-24,5,0.20185561204393992,50,21,63,RF_leaf5,raw
2025-06-25,5,0.19195490862294418,50,21,63,RF_leaf5,raw
2025-06-26,5,0.19309771410961737,50,21,63,RF_leaf5,raw
2025-06-27,5,0.20743168759013367,50,21,63,RF_leaf5,raw
2025-06-30,5,0.2011895931149152,50,21,63,RF_leaf5,raw
2025-07-01,5,0.19115951394564562,50,21,63,RF_leaf5,raw
2025-07-02,5,0.1980619266862108,50,21,63,RF_leaf5,raw
2025-07-03,5,0.19696281746542763,50,21,63,RF_leaf5,raw
2025-07-04,5,0.1895492947399229,49,21,63,RF_leaf5,raw
2025-07-07,5,0.18690539377153453,49,21,63,RF_leaf5,raw
2025-07-08,5,0.19630766597151858,49,21,63,RF_leaf5,raw
2025-07-09,5,0.20564967533871642,49,21,63,RF_leaf5,raw
2025-07-10,5,0.18266313532943318,49,21,63,RF_leaf5,raw
2025-07-11,5,0.18726177659497134,50,21,63,RF_leaf5,raw
2025-07-14,5,0.18304190354015926,50,21,63,RF_leaf5,raw
2025-07-15,5,0.15882103839686762,50,21,63,RF_leaf5,raw
2025-07-16,5,0.16458949097306266,50,21,63,RF_leaf5,raw
2025-07-17,5,0.1603499064173792,50,21,63,RF_leaf5,raw
2025-07-18,5,0.14987242786315083,50,21,63,RF_leaf5,raw
2025-07-21,5,0.15597401974243058,50,21,63,RF_leaf5,raw
2025-07-22,5,0.16285863677652623,50,21,63,RF_leaf5,raw
2025-07-23,5,0.15579255247395632,50,21,63,RF_leaf5,raw
2025-07-24,5,0.16515763670461697,50,21,63,RF_leaf5,raw
2025-07-25,5,0.16188658089168678,50,21,63,RF_leaf5,raw
2025-07-28,5,0.15770685501382278,50,21,63,RF_leaf5,raw
2025-07-29,5,0.16069157792746303,50,21,63,RF_leaf5,raw
2025-07-30,5,0.1607813421157735,50,21,63,RF_leaf5,raw
2025-07-31,5,0.1635661474473432,50,21,63,RF_leaf5,raw
2025-08-01,5,0.17611006563608328,50,21,63,RF_leaf5,raw
2025-08-04,5,0.17035637464124806,50,21,63,RF_leaf5,raw
2025-08-05,5,0.15989139067392705,50,21,63,RF_leaf5,raw
2025-08-06,5,0.15883588483587527,50,21,63,RF_leaf5,raw
2025-08-07,5,0.16932438002621839,50,21,63,RF_leaf5,raw
2025-08-08,5,0.16107927561764188,50,21,63,RF_leaf5,raw
2025-08-11,5,0.15956664766932013,50,21,63,RF_leaf5,raw
2025-08-12,5,0.17525959420432824,50,21,63,RF_leaf5,raw
2025-08-13,5,0.16686201459876598,50,21,63,RF_leaf5,raw
2025-08-14,5,0.16652526431182754,50,21,63,RF_leaf5,raw
2025-08-15,5,0.16184355539553316,50,21,63,RF_leaf5,raw
2025-08-18,5,0.16285293967778702,50,21,63,RF_leaf5,raw
2025-08-19,5,0.1695342801304617,49,21,63,RF_leaf5,raw
2025-08-20,5,0.17568973308020083,49,21,63,RF_leaf5,raw
2025-08-21,5,0.1745291825137131,49,21,63,RF_leaf5,raw
2025-08-22,5,0.22013975392486504,49,21,63,RF_leaf5,raw
2025-08-25,5,0.2054715143765965,49,21,63,RF_leaf5,raw
2025-08-26,5,0.18644940321764294,50,21,63,RF_leaf5,raw
2025-08-27,5,0.17434891679237718,50,21,63,RF_leaf5,raw
2025-08-28,5,0.17247290228236759,50,21,63,RF_leaf5,raw
2025-08-29,5,0.17265991733762734,50,21,63,RF_leaf5,raw
2025-09-01,5,0.16320871371034273,50,21,63,RF_leaf5,raw
2025-09-02,5,0.15591822741178826,50,21,63,RF_leaf5,raw
2025-09-03,5,0.16615353560815257,50,21,63,RF_leaf5,raw
2025-09-04,5,0.16348422831731496,50,21,63,RF_leaf5,raw
2025-09-05,5,0.15923792968751302,50,21,63,RF_leaf5,raw
2025-09-08,5,0.17228518720809727,50,21,63,RF_leaf5,raw
2025-09-09,5,0.17918205005864257,50,21,63,RF_leaf5,raw
2025-09-10,5,0.17280027375671908,50,21,63,RF_leaf5,raw
2025-09-11,5,0.18148086170605,50,21,63,RF_leaf5,raw
2025-09-12,5,0.17400928811957933,50,21,63,RF_leaf5,raw
2025-09-15,5,0.1761970509658936,50,21,63,RF_leaf5,raw
2025-09-16,5,0.17520576710444158,50,21,63,RF_leaf5,raw
2025-09-17,5,0.17592225615219736,50,21,63,RF_leaf5,raw
2025-09-18,5,0.17643028894013904,49,21,63,RF_leaf5,raw
2025-09-19,5,0.18433538736915797,49,21,63,RF_leaf5,raw
2025-09-22,5,0.17136668340192832,49,21,63,RF_leaf5,raw
2025-09-23,5,0.17603060938986545,49,21,63,RF_leaf5,raw
2025-09-24,5,0.16767221746548502,49,21,63,RF_leaf5,raw
2025-09-25,5,0.16985267634833937,50,21,63,RF_leaf5,raw
2025-09-26,5,0.16797141307756275,50,21,63,RF_leaf5,raw
2025-09-29,5,0.17113982349449006,50,21,63,RF_leaf5,raw
2025-09-30,5,0.17007027651674783,50,21,63,RF_leaf5,raw
2025-10-01,5,0.17208046225511253,50,21,63,RF_leaf5,raw
2025-10-02,5,0.16273709686978027,50,21,63,RF_leaf5,raw
2025-10-03,5,0.16745452293482482,50,21,63,RF_leaf5,raw
2025-10-06,5,0.17627858677400243,50,21,63,RF_leaf5,raw
2025-10-07,5,0.17388092612214176,50,21,63,RF_leaf5,raw
2025-10-08,5,0.17101167980056256,50,21,63,RF_leaf5,raw
2025-10-09,5,0.18073078799048847,50,21,63,RF_leaf5,raw
2025-10-10,5,0.16940141410834123,50,21,63,RF_leaf5,raw
2025-10-13,5,0.20310800708698762,50,21,63,RF_leaf5,raw
2025-10-14,5,0.19453428599529435,50,21,63,RF_leaf5,raw
2025-10-15,5,0.19304799107887638,50,21,63,RF_leaf5,raw
2025-10-16,5,0.1949484895257656,50,21,63,RF_leaf5,raw
2025-10-17,5,0.21123745486805093,50,21,63,RF_leaf5,raw
2025-10-20,5,0.18967937798714832,50,21,63,RF_leaf5,raw
2025-10-21,5,0.18907697806616394,50,21,63,RF_leaf5,raw
2025-10-22,5,0.1996638514354341,50,21,63,RF_leaf5,raw
2025-10-23,5,0.20277578143905844,50,21,63,RF_leaf5,raw
2025-10-24,5,0.2080701658938613,50,21,63,RF_leaf5,raw
2025-10-27,5,0.1985233881282961,50,21,63,RF_leaf5,raw
2025-10-28,5,0.20089990876395178,50,21,63,RF_leaf5,raw
2025-10-29,5,0.19512325696303512,50,21,63,RF_leaf5,raw
2025-10-30,5,0.1885078449251681,50,21,63,RF_leaf5,raw
2025-10-31,5,0.1899344313723206,50,21,63,RF_leaf5,raw
2025-11-03,5,0.1855050623453627,50,21,63,RF_leaf5,raw
2025-11-04,5,0.18926163771149118,50,21,63,RF_leaf5,raw
2025-11-05,5,0.19098918380582175,50,21,63,RF_leaf5,raw
2025-11-06,5,0.18312484170298643,50,21,63,RF_leaf5,raw
2025-11-07,5,0.19349781452428308,50,21,63,RF_leaf5,raw
2025-11-10,5,0.1868782220726759,50,21,63,RF_leaf5,raw
2025-11-11,5,0.1882230529997131,50,21,63,RF_leaf5,raw
2025-11-12,5,0.1906010799205264,50,21,63,RF_leaf5,raw
2025-11-13,5,0.1951269072080906,50,21,63,RF_leaf5,raw
2025-11-14,5,0.19837248733402427,50,21,63,RF_leaf5,raw
2025-11-17,5,0.19898561856907646,50,21,63,RF_leaf5,raw
2025-11-18,5,0.24964755281914625,49,21,63,RF_leaf5,raw
2025-11-19,5,0.24166263288069334,49,21,63,RF_leaf5,raw
2025-11-20,5,0.2128726689446306,49,21,63,RF_leaf5,raw
2025-11-21,5,0.2454344599709073,49,21,63,RF_leaf5,raw
2025-11-24,5,0.23396539195528587,48,21,63,RF_leaf5,raw
2025-11-25,5,0.21296974543206132,50,21,63,RF_leaf5,raw
2025-11-26,5,0.2086306546550823,50,21,63,RF_leaf5,raw
2025-11-27,5,0.20911520546027718,50,21,63,RF_leaf5,raw
2025-11-28,5,0.22449611215116647,50,21,63,RF_leaf5,raw
2025-12-01,5,0.2150744729691463,49,21,63,RF_leaf5,raw
2025-12-02,5,0.21624255032682543,50,21,63,RF_leaf5,raw
2025-12-03,5,0.22358277872321894,50,21,63,RF_leaf5,raw
2025-12-04,5,0.2102198955977712,49,21,63,RF_leaf5,raw
2025-12-05,5,0.20620325725991023,49,21,63,RF_leaf5,raw
2025-12-08,5,0.20457405103137785,48,21,63,RF_leaf5,raw
2025-12-09,5,0.21247380867340673,48,21,63,RF_leaf5,raw
2025-12-10,5,0.2038943547385497,48,21,63,RF_leaf5,raw
2025-12-11,5,0.208983501817793,49,21,63,RF_leaf5,raw
2025-12-12,5,0.19806933167442528,49,21,63,RF_leaf5,raw
2025-12-15,5,0.20757929061711303,50,21,63,RF_leaf5,raw
2025-12-16,5,0.20710435925201012,50,21,63,RF_leaf5,raw
2025-12-17,5,0.20594396734413845,50,21,63,RF_leaf5,raw
2025-12-18,5,0.21164946898409104,50,21,63,RF_leaf5,raw
2025-12-19,5,0.21021609481494702,50,21,63,RF_leaf5,raw
2025-12-22,5,0.20130816032816867,50,21,63,RF_leaf5,raw
2025-12-23,5,0.2084392782645467,50,21,63,RF_leaf5,raw
2025-12-24,5,0.2004875596881707,50,21,63,RF_leaf5,raw
2025-12-29,5,0.2010220206052339,50,21,63,RF_leaf5,raw
2025-12-30,5,0.20739496290444648,50,21,63,RF_leaf5,raw
2025-12-31,5,0.2084043552158386,49,21,63,RF_leaf5,raw
2026-01-02,5,0.21235700979602512,50,21,63,RF_leaf5,raw
2026-01-05,5,0.20422970420605432,50,21,63,RF_leaf5,raw
2026-01-06,5,0.20836939043119349,50,21,63,RF_leaf5,raw
2026-01-07,5,0.20481808119438497,50,21,63,RF_leaf5,raw
2026-01-08,5,0.2105712785393543,50,21,63,RF_leaf5,raw
2026-01-09,5,0.22023676200609368,50,21,63,RF_leaf5,raw
2026-01-12,5,0.21013339286300892,50,21,63,RF_leaf5,raw
2026-01-13,5,0.21021016578315177,50,21,63,RF_leaf5,raw
2026-01-14,5,0.20888006494257644,49,21,63,RF_leaf5,raw
2026-01-15,5,0.20731324533074694,49,21,63,RF_leaf5,raw
2026-01-16,5,0.20467365435582927,49,21,63,RF_leaf5,raw
2026-01-19,5,0.20396716126765466,49,21,63,RF_leaf5,raw
2026-01-20,5,0.21070122043263653,49,21,63,RF_leaf5,raw
2026-01-21,5,0.21790007895567076,50,21,63,RF_leaf5,raw
2026-01-22,5,0.2311581541653048,50,21,63,RF_leaf5,raw
2026-01-23,5,0.21088162303448718,50,21,63,RF_leaf5,raw
2026-01-27,5,0.2156603435873086,50,21,63,RF_leaf5,raw
2026-01-28,5,0.21571623701630435,50,21,63,RF_leaf5,raw
2026-01-29,5,0.24213405583153236,50,21,63,RF_leaf5,raw
2026-01-30,5,0.25168206969342005,50,21,63,RF_leaf5,raw
2026-02-02,5,0.2771434965916239,50,21,63,RF_leaf5,raw
2026-02-03,5,0.26201458252220255,50,21,63,RF_leaf5,raw
2026-02-04,5,0.2897709804284074,50,21,63,RF_leaf5,raw
2026-02-05,5,0.2882042962323117,50,21,63,RF_leaf5,raw
2026-02-06,5,0.28965526656504437,50,21,63,RF_leaf5,raw
2026-02-09,5,0.2782893070952065,50,21,63,RF_leaf5,raw
2026-02-10,5,0.2745722227677084,50,21,63,RF_leaf5,raw
2026-02-11,5,0.26483351144415507,50,21,63,RF_leaf5,raw
2026-02-12,5,0.25944788778777944,50,21,63,RF_leaf5,raw
2026-02-13,5,0.2618544015727476,50,21,63,RF_leaf5,raw
2026-02-16,5,0.26509749457200404,50,21,63,RF_leaf5,raw
2026-02-17,5,0.2645387387358947,50,21,63,RF_leaf5,raw
2026-02-18,5,0.258534150035569,50,21,63,RF_leaf5,raw
2026-02-19,5,0.2614394329100194,49,21,63,RF_leaf5,raw
2026-02-20,5,0.26470250621310937,49,21,63,RF_leaf5,raw
2026-02-23,5,0.26004492655333344,49,21,63,RF_leaf5,raw
2026-02-24,5,0.2761223924929998,49,21,63,RF_leaf5,raw
2026-02-25,5,0.2559484420349017,49,21,63,RF_leaf5,raw
2026-02-26,5,0.2572867715925772,50,21,63,RF_leaf5,raw
2026-02-27,5,0.25636987023550156,50,21,63,RF_leaf5,raw
2026-03-02,5,0.2593581672576232,50,21,63,RF_leaf5,raw
2026-03-03,5,0.28226092668440383,50,21,63,RF_leaf5,raw
2026-03-04,5,0.2863602918672618,49,21,63,RF_leaf5,raw
2026-03-05,5,0.27430582445915447,49,21,63,RF_leaf5,raw
2026-03-06,5,0.2830798428265697,49,21,63,RF_leaf5,raw
2026-03-09,5,0.3050481512275263,49,21,63,RF_leaf5,raw
2026-03-10,5,0.2925752515074658,49,21,63,RF_leaf5,raw
2026-03-11,5,0.2853383209159391,50,21,63,RF_leaf5,raw
2026-03-12,5,0.29375452449974665,50,21,63,RF_leaf5,raw
2026-03-13,5,0.3126600729660775,50,21,63,RF_leaf5,raw
2026-03-16,5,0.3020671496670845,50,21,63,RF_leaf5,raw
2026-03-17,5,0.2889254630103703,50,21,63,RF_leaf5,raw
2026-03-18,5,0.2779949373447988,50,21,63,RF_leaf5,raw
2026-03-19,5,0.32112710043393694,50,21,63,RF_leaf5,raw
2026-03-20,5,0.36244354374462473,49,21,63,RF_leaf5,raw
2026-03-23,5,0.3728242198598219,50,21,63,RF_leaf5,raw
2026-03-24,5,0.3651689803223925,49,21,63,RF_leaf5,raw
2026-03-25,5,0.33066743545685995,49,21,63,RF_leaf5,raw
2026-03-26,5,0.3339477927935863,49,21,63,RF_leaf5,raw
2026-03-27,5,0.34833613625683446,49,21,63,RF_leaf5,raw
2026-03-30,5,0.35698132235164953,50,21,63,RF_leaf5,raw
2026-03-31,5,0.34081104999817624,50,21,63,RF_leaf5,raw
2026-04-01,5,0.3559437571438752,50,21,63,RF_leaf5,raw
2026-04-02,5,0.3648876235955546,50,21,63,RF_leaf5,raw
2026-04-07,5,0.33938301313278324,49,21,63,RF_leaf5,raw
2026-04-08,5,0.34301445894243404,49,21,63,RF_leaf5,raw
2026-04-09,5,0.3452350423075066,49,21,63,RF_leaf5,raw
2026-04-10,5,0.3369655064899045,49,21,63,RF_leaf5,raw
2026-04-13,5,0.33954797573914564,49,21,63,RF_leaf5,raw
2026-04-14,5,0.34857321216545284,49,21,63,RF_leaf5,raw
2026-04-15,5,0.33524709624587556,50,21,63,RF_leaf5,raw
2026-04-16,5,0.3371257613057918,50,21,63,RF_leaf5,raw
2026-04-17,5,0.33596473886705697,50,21,63,RF_leaf5,raw
2026-04-20,5,0.33544968453424856,49,21,63,RF_leaf5,raw
2026-04-21,5,0.345983803972011,49,21,63,RF_leaf5,raw
2026-04-22,5,0.3420264083175295,49,21,63,RF_leaf5,raw
2026-04-23,5,0.3163325905308954,49,21,63,RF_leaf5,raw
2026-04-24,5,0.31713226618801105,49,21,63,RF_leaf5,raw
2026-04-27,5,0.29332040897275535,50,21,63,RF_leaf5,raw
2026-04-28,5,0.30451212789403254,50,21,63,RF_leaf5,raw
2026-04-29,5,0.31181951980338435,50,21,63,RF_leaf5,raw
2026-04-30,5,0.3176369890538024,49,21,63,RF_leaf5,raw
2026-05-01,5,0.3107146193582141,50,21,63,RF_leaf5,raw
2026-05-04,5,0.24575770279341375,49,21,63,RF_leaf5,raw
2026-05-05,5,0.24716162478529166,49,21,63,RF_leaf5,raw
2026-05-06,5,0.25355914739772983,49,21,63,RF_leaf5,raw
2026-05-07,5,0.2430341204325584,48,21,63,RF_leaf5,raw
2026-05-08,5,0.2410320388508655,48,21,63,RF_leaf5,raw
2026-05-11,5,0.24346300655250577,49,21,63,RF_leaf5,raw
2026-05-12,5,0.24072298207284484,49,21,63,RF_leaf5,raw
2026-05-13,5,0.25110726021859164,50,21,63,RF_leaf5,raw
2026-05-14,5,0.2476169843998739,50,21,63,RF_leaf5,raw
2026-05-15,5,0.2620841569244867,50,21,63,RF_leaf5,raw
2026-05-18,5,0.3062041566842352,50,21,63,RF_leaf5,raw
2026-05-19,5,0.315248523843666,50,21,63,RF_leaf5,raw
2026-05-20,5,0.32422128099986586,50,21,63,RF_leaf5,raw
2026-05-21,5,0.2838584616380108,50,21,63,RF_leaf5,raw
2026-05-22,5,0.269577606197817,49,21,63,RF_leaf5,raw
2026-05-25,5,0.25102367538912973,50,21,63,RF_leaf5,raw
2026-05-26,5,0.26426604529705844,50,21,63,RF_leaf5,raw
2026-05-27,5,0.24737663364763826,50,21,63,RF_leaf5,raw
2026-05-28,5,0.27802248956997155,50,21,63,RF_leaf5,raw
2026-05-29,5,0.24965606409144098,50,21,63,RF_leaf5,raw
2026-06-01,5,0.25417544199060493,49,21,63,RF_leaf5,raw
2026-06-02,5,0.2937587788656372,49,21,63,RF_leaf5,raw
2026-06-03,5,0.28739346878079586,49,21,63,RF_leaf5,raw
2026-06-04,5,0.30580053780989874,49,21,63,RF_leaf5,raw
2026-06-05,5,0.3011886676909133,50,21,63,RF_leaf5,raw
2026-06-09,5,0.31412530770553854,49,21,63,RF_leaf5,raw
2026-06-10,5,0.3062005724099457,50,21,63,RF_leaf5,raw
2026-06-11,5,0.3208357549753668,50,21,63,RF_leaf5,raw
2026-06-12,5,0.29440007193493883,50,21,63,RF_leaf5,raw
2026-06-15,5,0.2934027381519714,50,21,63,RF_leaf5,raw
2026-06-16,5,0.2917360370117918,50,21,63,RF_leaf5,raw
2026-06-17,5,0.27322235901813313,50,21,63,RF_leaf5,raw
2026-06-18,5,0.29032843164721306,50,21,63,RF_leaf5,raw
2026-06-19,5,0.3064866608345393,50,21,63,RF_leaf5,raw
2026-06-22,5,0.2928224376024542,50,21,63,RF_leaf5,raw
2026-06-23,5,0.2993532684684085,50,21,63,RF_leaf5,raw
2026-06-24,5,0.3238985149181657,50,21,63,RF_leaf5,raw
2026-06-25,5,0.32576180351309936,50,21,63,RF_leaf5,raw
2026-06-26,5,0.29949726770679475,50,21,63,RF_leaf5,raw
2026-06-29,5,0.28771248605504757,50,21,63,RF_leaf5,raw
2026-06-30,5,0.30624921351938705,50,21,63,RF_leaf5,raw
2026-07-01,5,0.30082248025980524,49,21,63,RF_leaf5,raw
2026-07-02,5,0.2826148822903458,49,21,63,RF_leaf5,raw
2026-07-03,5,0.2839321567303923,49,21,63,RF_leaf5,raw
2026-07-06,5,0.2669240814670195,50,21,63,RF_leaf5,raw
2026-07-07,5,0.27820297858228255,50,21,63,RF_leaf5,raw
2026-07-08,5,0.27639766879722605,50,21,63,RF_leaf5,raw
2026-07-09,5,0.28702107458324244,50,21,63,RF_leaf5,raw
2026-07-10,5,0.2739052889155941,49,21,63,RF_leaf5,raw
2026-07-13,5,0.28287861469344716,49,21,63,RF_leaf5,raw
2026-07-14,5,0.2979930334060984,49,21,63,RF_leaf5,raw
2026-07-15,5,0.29111279097526055,50,21,63,RF_leaf5,raw
2026-07-16,5,0.2895593352895027,50,21,63,RF_leaf5,raw
2026-07-17,5,0.30208064355675274,50,21,63,RF_leaf5,raw
2026-07-20,5,0.30419892900981116,49,21,63,RF_leaf5,raw
2026-07-21,5,0.29707132356230065,50,21,63,RF_leaf5,raw
2026-07-22,5,0.2936621723516949,50,21,63,RF_leaf5,raw
2026-07-23,5,0.28435631020841096,49,21,63,RF_leaf5,raw
2026-07-24,5,0.3048541758862918,49,21,63,RF_leaf5,raw
2026-07-27,5,0.29052105010817975,49,21,63,RF_leaf5,raw
2026-07-28,5,0.2946819878283867,48,21,63,RF_leaf5,raw
2026-07-29,5,0.29202119856577724,49,21,63,RF_leaf5,raw
2026-07-30,5,0.2901751061497053,50,21,63,RF_leaf5,raw
2026-07-31,5,0.28470633304764725,50,21,63,RF_leaf5,raw
2026-08-03,5,0.2763733652696168,50,21,63,RF_leaf5,raw
2026-08-04,5,0.2720928718967789,49,21,63,RF_leaf5,raw
2026-08-05,5,0.27147996820899395,48,21,63,RF_leaf5,raw
2026-08-06,5,0.2713940926593636,49,21,63,RF_leaf5,raw
2026-08-07,5,0.2622234883096257,49,21,63,RF_leaf5,raw
2026-08-10,5,0.27251598027774815,49,21,63,RF_leaf5,raw
2026-08-11,5,0.27266334003678316,50,21,63,RF_leaf5,raw
2026-08-12,5,0.2737523830512943,50,21,63,RF_leaf5,raw
2026-08-13,5,0.26629848596931116,49,21,63,RF_leaf5,raw
2026-08-14,5,0.2746540957735318,49,21,63,RF_leaf5,raw
2026-08-17,5,0.27092243267525107,49,21,63,RF_leaf5,raw
2026-08-18,5,0.27097839165105236,49,21,63,RF_leaf5,raw
2026-08-19,5,0.2657189489716945,49,21,63,RF_leaf5,raw
2026-08-20,5,0.2724733255564544,48,21,63,RF_leaf5,raw
2026-08-21,5,0.27560362323092913,49,21,63,RF_leaf5,raw
2026-08-24,5,0.30233934352484654,49,21,63,RF_leaf5,raw
2026-08-25,5,0.29091819237014716,49,21,63,RF_leaf5,raw
2026-08-26,5,0.29253756012320326,50,21,63,RF_leaf5,raw
2026-08-27,5,0.2784195814589898,50,21,63,RF_leaf5,raw
2026-08-28,5,0.26600025561075763,50,21,63,RF_leaf5,raw
2026-08-31,5,0.25726365838052856,50,21,63,RF_leaf5,raw
2026-09-01,5,0.25369988985167297,50,21,63,RF_leaf5,raw
2026-09-02,5,0.26103967922870336,50,21,63,RF_leaf5,raw
2026-09-03,5,0.2547367234675286,50,21,63,RF_leaf5,raw
2026-09-04,5,0.25949639368725796,49,21,63,RF_leaf5,raw
2026-09-07,5,0.25992955904781706,49,21,63,RF_leaf5,raw
2026-09-08,5,0.2616151106991352,49,21,63,RF_leaf5,raw
2026-09-09,5,0.26454116758490315,48,21,63,RF_leaf5,raw
2026-09-10,5,0.2641787310389439,47,21,63,RF_leaf5,raw
2026-09-11,5,0.274478374731555,48,21,63,RF_leaf5,raw
2025-01-02,21,0.18823531303673516,50,21,63,RF_leaf15,raw
2025-01-03,21,0.18825331303311116,50,21,63,RF_leaf15,raw
2025-01-06,21,0.18819244219810344,50,21,63,RF_leaf15,raw
2025-01-07,21,0.19014478119360284,50,21,63,RF_leaf15,raw
2025-01-08,21,0.1885613985594319,50,21,63,RF_leaf15,raw
2025-01-09,21,0.19085016040009734,50,21,63,RF_leaf15,raw
2025-01-10,21,0.18800370305491257,50,21,63,RF_leaf15,raw
2025-01-13,21,0.19159568374491306,50,21,63,RF_leaf15,raw
2025-01-14,21,0.18887267698280422,49,21,63,RF_leaf15,raw
2025-01-15,21,0.1908361140952139,50,21,63,RF_leaf15,raw
2025-01-16,21,0.18729086173717446,49,21,63,RF_leaf15,raw
2025-01-17,21,0.18804939465974957,50,21,63,RF_leaf15,raw
2025-01-20,21,0.1880151985832738,50,21,63,RF_leaf15,raw
2025-01-21,21,0.18398973584544487,50,21,63,RF_leaf15,raw
2025-01-22,21,0.17352833917161345,50,21,63,RF_leaf15,raw
2025-01-23,21,0.17403508719944547,50,21,63,RF_leaf15,raw
2025-01-24,21,0.17323603504377177,50,21,63,RF_leaf15,raw
2025-01-28,21,0.1762382720499892,49,21,63,RF_leaf15,raw
2025-01-29,21,0.17722852719743806,49,21,63,RF_leaf15,raw
2025-01-30,21,0.17732181527795712,49,21,63,RF_leaf15,raw
2025-01-31,21,0.17815084822668117,49,21,63,RF_leaf15,raw
2025-02-03,21,0.1772325999797629,49,21,63,RF_leaf15,raw
2025-02-04,21,0.1767396054656161,49,21,63,RF_leaf15,raw
2025-02-05,21,0.17053043310651242,49,21,63,RF_leaf15,raw
2025-02-06,21,0.1724146581559088,49,21,63,RF_leaf15,raw
2025-02-07,21,0.1707356802199595,49,21,63,RF_leaf15,raw
2025-02-10,21,0.173999559513665,49,21,63,RF_leaf15,raw
2025-02-11,21,0.17823440912653352,48,21,63,RF_leaf15,raw
2025-02-12,21,0.1746066635546156,48,21,63,RF_leaf15,raw
2025-02-13,21,0.17002261226540566,48,21,63,RF_leaf15,raw
2025-02-14,21,0.16869621422009376,48,21,63,RF_leaf15,raw
2025-02-17,21,0.17080109534467397,48,21,63,RF_leaf15,raw
2025-02-18,21,0.16903040906936287,48,21,63,RF_leaf15,raw
2025-02-19,21,0.16967460231514203,48,21,63,RF_leaf15,raw
2025-02-20,21,0.17212790349732848,48,21,63,RF_leaf15,raw
2025-02-21,21,0.16995993181035982,48,21,63,RF_leaf15,raw
2025-02-24,21,0.17231299450266954,48,21,63,RF_leaf15,raw
2025-02-25,21,0.17818706498729392,48,21,63,RF_leaf15,raw
2025-02-26,21,0.17879041974141624,49,21,63,RF_leaf15,raw
2025-02-27,21,0.1800922941652113,49,21,63,RF_leaf15,raw
2025-02-28,21,0.19200977463661914,49,21,63,RF_leaf15,raw
2025-03-03,21,0.1939935645108311,49,21,63,RF_leaf15,raw
2025-03-04,21,0.19435621532810674,49,21,63,RF_leaf15,raw
2025-03-05,21,0.19265049411973856,49,21,63,RF_leaf15,raw
2025-03-06,21,0.19398601145413344,49,21,63,RF_leaf15,raw
2025-03-07,21,0.2014524727838675,49,21,63,RF_leaf15,raw
2025-03-10,21,0.20553696200598873,49,21,63,RF_leaf15,raw
2025-03-11,21,0.21530253009151845,49,21,63,RF_leaf15,raw
2025-03-12,21,0.2492940699790574,50,21,63,RF_leaf15,raw
2025-03-13,21,0.2601322933559523,50,21,63,RF_leaf15,raw
2025-03-14,21,0.23874609288969734,50,21,63,RF_leaf15,raw
2025-03-17,21,0.2390225872563577,50,21,63,RF_leaf15,raw
2025-03-18,21,0.2097647947813066,50,21,63,RF_leaf15,raw
2025-03-19,21,0.2097300315860459,50,21,63,RF_leaf15,raw
2025-03-20,21,0.20132488375289206,50,21,63,RF_leaf15,raw
2025-03-21,21,0.2009967073061582,50,21,63,RF_leaf15,raw
2025-03-24,21,0.19613009245730126,50,21,63,RF_leaf15,raw
2025-03-25,21,0.18844138163461888,50,21,63,RF_leaf15,raw
2025-03-26,21,0.1881364199071886,50,21,63,RF_leaf15,raw
2025-03-27,21,0.18522301799036103,50,21,63,RF_leaf15,raw
2025-03-28,21,0.1875427285994712,50,21,63,RF_leaf15,raw
2025-03-31,21,0.19139544967338115,50,21,63,RF_leaf15,raw
2025-04-01,21,0.19909569380696232,49,21,63,RF_leaf15,raw
2025-04-02,21,0.19916432279639343,49,21,63,RF_leaf15,raw
2025-04-03,21,0.20089900800727434,49,21,63,RF_leaf15,raw
2025-04-04,21,0.21028963905930623,49,21,63,RF_leaf15,raw
2025-04-07,21,0.3255831852516546,49,21,63,RF_leaf15,raw
2025-04-08,21,0.3368283565545017,49,21,63,RF_leaf15,raw
2025-04-09,21,0.35014081242376466,49,21,63,RF_leaf15,raw
2025-04-10,21,0.2439143825236912,49,21,63,RF_leaf15,raw
2025-04-11,21,0.3245903507706747,49,21,63,RF_leaf15,raw
2025-04-14,21,0.2875624341807897,49,21,63,RF_leaf15,raw
2025-04-15,21,0.2545292773286726,49,21,63,RF_leaf15,raw
2025-04-16,21,0.25540668255710813,49,21,63,RF_leaf15,raw
2025-04-17,21,0.25300589480797714,49,21,63,RF_leaf15,raw
2025-04-22,21,0.263590297571579,48,21,63,RF_leaf15,raw
2025-04-23,21,0.26433368462621026,48,21,63,RF_leaf15,raw
2025-04-24,21,0.25546887786604716,48,21,63,RF_leaf15,raw
2025-04-28,21,0.25317607998581376,48,21,63,RF_leaf15,raw
2025-04-29,21,0.2535633790529794,48,21,63,RF_leaf15,raw
2025-04-30,21,0.2526610756452952,48,21,63,RF_leaf15,raw
2025-05-01,21,0.2542830358039225,48,21,63,RF_leaf15,raw
2025-05-02,21,0.25434507950744817,48,21,63,RF_leaf15,raw
2025-05-05,21,0.25168175361735584,49,21,63,RF_leaf15,raw
2025-05-06,21,0.257689227565329,49,21,63,RF_leaf15,raw
2025-05-07,21,0.25775274609846105,49,21,63,RF_leaf15,raw
2025-05-08,21,0.2561582495554268,49,21,63,RF_leaf15,raw
2025-05-09,21,0.243028818610031,49,21,63,RF_leaf15,raw
2025-05-12,21,0.24023308697182247,49,21,63,RF_leaf15,raw
2025-05-13,21,0.23816197575211243,49,21,63,RF_leaf15,raw
2025-05-14,21,0.23366337258536665,49,21,63,RF_leaf15,raw
2025-05-15,21,0.2335975735487952,49,21,63,RF_leaf15,raw
2025-05-16,21,0.23390963866153514,49,21,63,RF_leaf15,raw
2025-05-19,21,0.236499319230067,49,21,63,RF_leaf15,raw
2025-05-20,21,0.23642301012241992,49,21,63,RF_leaf15,raw
2025-05-21,21,0.2375934763708699,49,21,63,RF_leaf15,raw
2025-05-22,21,0.23773661494866347,50,21,63,RF_leaf15,raw
2025-05-23,21,0.23350176030935493,50,21,63,RF_leaf15,raw
2025-05-26,21,0.22890351971684286,50,21,63,RF_leaf15,raw
2025-05-27,21,0.2327157356246022,50,21,63,RF_leaf15,raw
2025-05-28,21,0.23117594436011135,50,21,63,RF_leaf15,raw
2025-05-29,21,0.23253019852213994,50,21,63,RF_leaf15,raw
2025-05-30,21,0.22965020002893574,50,21,63,RF_leaf15,raw
2025-06-02,21,0.2184675076539399,50,21,63,RF_leaf15,raw
2025-06-03,21,0.2168820529546811,50,21,63,RF_leaf15,raw
2025-06-04,21,0.20647142644430763,50,21,63,RF_leaf15,raw
2025-06-05,21,0.20835161855799267,50,21,63,RF_leaf15,raw
2025-06-06,21,0.21028634918156702,50,21,63,RF_leaf15,raw
2025-06-10,21,0.20411791826250691,50,21,63,RF_leaf15,raw
2025-06-11,21,0.2025394496911841,50,21,63,RF_leaf15,raw
2025-06-12,21,0.2040262898339541,49,21,63,RF_leaf15,raw
2025-06-13,21,0.20503225634978214,49,21,63,RF_leaf15,raw
2025-06-16,21,0.20696398966536236,49,21,63,RF_leaf15,raw
2025-06-17,21,0.20421855454084753,49,21,63,RF_leaf15,raw
2025-06-18,21,0.20456249143693772,49,21,63,RF_leaf15,raw
2025-06-19,21,0.20517881736118207,49,21,63,RF_leaf15,raw
2025-06-20,21,0.20792938932370741,49,21,63,RF_leaf15,raw
2025-06-23,21,0.20903821297095573,49,21,63,RF_leaf15,raw
2025-06-24,21,0.20733947873746236,49,21,63,RF_leaf15,raw
2025-06-25,21,0.19302497752411127,49,21,63,RF_leaf15,raw
2025-06-26,21,0.1998191761044649,49,21,63,RF_leaf15,raw
2025-06-27,21,0.20401320494621836,49,21,63,RF_leaf15,raw
2025-06-30,21,0.19730834091254307,49,21,63,RF_leaf15,raw
2025-07-01,21,0.19387282126334635,49,21,63,RF_leaf15,raw
2025-07-02,21,0.20006553351473613,49,21,63,RF_leaf15,raw
2025-07-03,21,0.20197706955309203,49,21,63,RF_leaf15,raw
2025-07-04,21,0.1986728431716051,49,21,63,RF_leaf15,raw
2025-07-07,21,0.19480541916243216,49,21,63,RF_leaf15,raw
2025-07-08,21,0.19798168715785108,49,21,63,RF_leaf15,raw
2025-07-09,21,0.19884233692413328,49,21,63,RF_leaf15,raw
2025-07-10,21,0.19142683266815175,49,21,63,RF_leaf15,raw
2025-07-11,21,0.19429625938012177,50,21,63,RF_leaf15,raw
2025-07-14,21,0.19031812228995934,50,21,63,RF_leaf15,raw
2025-07-15,21,0.1661866987747176,50,21,63,RF_leaf15,raw
2025-07-16,21,0.16686461540070288,50,21,63,RF_leaf15,raw
2025-07-17,21,0.16503095062286788,50,21,63,RF_leaf15,raw
2025-07-18,21,0.16067342759288747,50,21,63,RF_leaf15,raw
2025-07-21,21,0.16079347791057194,50,21,63,RF_leaf15,raw
2025-07-22,21,0.1626389053200856,50,21,63,RF_leaf15,raw
2025-07-23,21,0.1643474177541971,50,21,63,RF_leaf15,raw
2025-07-24,21,0.1753970428338127,50,21,63,RF_leaf15,raw
2025-07-25,21,0.17347046230881302,50,21,63,RF_leaf15,raw
2025-07-28,21,0.1719024967095875,50,21,63,RF_leaf15,raw
2025-07-29,21,0.16956071021633176,50,21,63,RF_leaf15,raw
2025-07-30,21,0.1689329214491001,50,21,63,RF_leaf15,raw
2025-07-31,21,0.16654263287518203,50,21,63,RF_leaf15,raw
2025-08-01,21,0.16857808314848216,50,21,63,RF_leaf15,raw
2025-08-04,21,0.1719167942987444,50,21,63,RF_leaf15,raw
2025-08-05,21,0.16845935186360086,50,21,63,RF_leaf15,raw
2025-08-06,21,0.16800998017524849,50,21,63,RF_leaf15,raw
2025-08-07,21,0.17160340663859322,50,21,63,RF_leaf15,raw
2025-08-08,21,0.17180883552739845,50,21,63,RF_leaf15,raw
2025-08-11,21,0.17294496041191015,50,21,63,RF_leaf15,raw
2025-08-12,21,0.17713958950980854,50,21,63,RF_leaf15,raw
2025-08-13,21,0.1774627362348627,50,21,63,RF_leaf15,raw
2025-08-14,21,0.17616054219909702,50,21,63,RF_leaf15,raw
2025-08-15,21,0.17692630489687958,49,21,63,RF_leaf15,raw
2025-08-18,21,0.17721970869653064,49,21,63,RF_leaf15,raw
2025-08-19,21,0.1781517568297648,49,21,63,RF_leaf15,raw
2025-08-20,21,0.17939225020215385,49,21,63,RF_leaf15,raw
2025-08-21,21,0.18785124564779263,49,21,63,RF_leaf15,raw
2025-08-22,21,0.1845594029525524,49,21,63,RF_leaf15,raw
2025-08-25,21,0.1807758050368175,49,21,63,RF_leaf15,raw
2025-08-26,21,0.17931669271045186,50,21,63,RF_leaf15,raw
2025-08-27,21,0.17699359800718753,49,21,63,RF_leaf15,raw
2025-08-28,21,0.177248172231962,49,21,63,RF_leaf15,raw
2025-08-29,21,0.18006730753794423,49,21,63,RF_leaf15,raw
2025-09-01,21,0.1743675765218292,49,21,63,RF_leaf15,raw
2025-09-02,21,0.1651694243504947,49,21,63,RF_leaf15,raw
2025-09-03,21,0.16629787123179163,49,21,63,RF_leaf15,raw
2025-09-04,21,0.16801964380438122,49,21,63,RF_leaf15,raw
2025-09-05,21,0.16713269494673627,49,21,63,RF_leaf15,raw
2025-09-08,21,0.17554229757534226,49,21,63,RF_leaf15,raw
2025-09-09,21,0.17977185415356556,49,21,63,RF_leaf15,raw
2025-09-10,21,0.1771077320851796,49,21,63,RF_leaf15,raw
2025-09-11,21,0.1829925485850944,49,21,63,RF_leaf15,raw
2025-09-12,21,0.18161582689543643,49,21,63,RF_leaf15,raw
2025-09-15,21,0.18455316665635393,49,21,63,RF_leaf15,raw
2025-09-16,21,0.18534271897769178,49,21,63,RF_leaf15,raw
2025-09-17,21,0.19174670138785618,49,21,63,RF_leaf15,raw
2025-09-18,21,0.19265560944306034,49,21,63,RF_leaf15,raw
2025-09-19,21,0.19403407749663953,49,21,63,RF_leaf15,raw
2025-09-22,21,0.18834383835425228,49,21,63,RF_leaf15,raw
2025-09-23,21,0.19318661148030444,49,21,63,RF_leaf15,raw
2025-09-24,21,0.1913502797905996,49,21,63,RF_leaf15,raw
2025-09-25,21,0.19286778325024007,50,21,63,RF_leaf15,raw
2025-09-26,21,0.1938047433020514,50,21,63,RF_leaf15,raw
2025-09-29,21,0.19066597394620619,50,21,63,RF_leaf15,raw
2025-09-30,21,0.1855863973937911,50,21,63,RF_leaf15,raw
2025-10-01,21,0.18471131616108483,50,21,63,RF_leaf15,raw
2025-10-02,21,0.18493467725768897,50,21,63,RF_leaf15,raw
2025-10-03,21,0.18738881125192336,50,21,63,RF_leaf15,raw
2025-10-06,21,0.19541145060356513,49,21,63,RF_leaf15,raw
2025-10-07,21,0.191519149327821,50,21,63,RF_leaf15,raw
2025-10-08,21,0.19084716076052002,50,21,63,RF_leaf15,raw
2025-10-09,21,0.19351932955309745,50,21,63,RF_leaf15,raw
2025-10-10,21,0.19054884655366786,50,21,63,RF_leaf15,raw
2025-10-13,21,0.20059813182349262,50,21,63,RF_leaf15,raw
2025-10-14,21,0.19752537614073834,50,21,63,RF_leaf15,raw
2025-10-15,21,0.20148956932935458,50,21,63,RF_leaf15,raw
2025-10-16,21,0.20294200583789385,50,21,63,RF_leaf15,raw
2025-10-17,21,0.20387671621778636,50,21,63,RF_leaf15,raw
2025-10-20,21,0.2032109889245003,50,21,63,RF_leaf15,raw
2025-10-21,21,0.2094550955575149,50,21,63,RF_leaf15,raw
2025-10-22,21,0.22294490548876533,50,21,63,RF_leaf15,raw
2025-10-23,21,0.23552956367235445,50,21,63,RF_leaf15,raw
2025-10-24,21,0.23171360657120155,50,21,63,RF_leaf15,raw
2025-10-27,21,0.2314426890428449,48,21,63,RF_leaf15,raw
2025-10-28,21,0.2236607601295002,49,21,63,RF_leaf15,raw
2025-10-29,21,0.22188692991404624,49,21,63,RF_leaf15,raw
2025-10-30,21,0.21314478002178794,49,21,63,RF_leaf15,raw
2025-10-31,21,0.21203699590918768,49,21,63,RF_leaf15,raw
2025-11-03,21,0.21045121813812448,49,21,63,RF_leaf15,raw
2025-11-04,21,0.21219109526325525,49,21,63,RF_leaf15,raw
2025-11-05,21,0.21997479838140555,49,21,63,RF_leaf15,raw
2025-11-06,21,0.2172819510912002,49,21,63,RF_leaf15,raw
2025-11-07,21,0.2256801643210598,49,21,63,RF_leaf15,raw
2025-11-10,21,0.21947577766302925,49,21,63,RF_leaf15,raw
2025-11-11,21,0.2130949042442784,48,21,63,RF_leaf15,raw
2025-11-12,21,0.2103646825710622,47,21,63,RF_leaf15,raw
2025-11-13,21,0.21185119860988166,48,21,63,RF_leaf15,raw
2025-11-14,21,0.22831386907175896,47,21,63,RF_leaf15,raw
2025-11-17,21,0.22782717451177817,47,21,63,RF_leaf15,raw
2025-11-18,21,0.24867040520024583,46,21,63,RF_leaf15,raw
2025-11-19,21,0.24808043679827574,46,21,63,RF_leaf15,raw
2025-11-20,21,0.21222824740922588,47,21,63,RF_leaf15,raw
2025-11-21,21,0.2229320765777858,46,21,63,RF_leaf15,raw
2025-11-24,21,0.22615366533720518,46,21,63,RF_leaf15,raw
2025-11-25,21,0.22195317173611387,47,21,63,RF_leaf15,raw
2025-11-26,21,0.21978919554707071,47,21,63,RF_leaf15,raw
2025-11-27,21,0.2194758969862802,47,21,63,RF_leaf15,raw
2025-11-28,21,0.2176491654885443,47,21,63,RF_leaf15,raw
2025-12-01,21,0.22119157445679802,46,21,63,RF_leaf15,raw
2025-12-02,21,0.2192222382224781,47,21,63,RF_leaf15,raw
2025-12-03,21,0.2117031956525735,48,21,63,RF_leaf15,raw
2025-12-04,21,0.2096931268772154,48,21,63,RF_leaf15,raw
2025-12-05,21,0.20552302358280436,48,21,63,RF_leaf15,raw
2025-12-08,21,0.21137213839643906,48,21,63,RF_leaf15,raw
2025-12-09,21,0.2147141560033301,48,21,63,RF_leaf15,raw
2025-12-10,21,0.21453490222544075,48,21,63,RF_leaf15,raw
2025-12-11,21,0.21389771752896047,49,21,63,RF_leaf15,raw
2025-12-12,21,0.21031308346166375,49,21,63,RF_leaf15,raw
2025-12-15,21,0.21280889169180828,50,21,63,RF_leaf15,raw
2025-12-16,21,0.21436063036994937,50,21,63,RF_leaf15,raw
2025-12-17,21,0.2116168407153755,50,21,63,RF_leaf15,raw
2025-12-18,21,0.21336669270938793,49,21,63,RF_leaf15,raw
2025-12-19,21,0.21050936648977386,49,21,63,RF_leaf15,raw
2025-12-22,21,0.20982819023696164,49,21,63,RF_leaf15,raw
2025-12-23,21,0.21120463875439657,49,21,63,RF_leaf15,raw
2025-12-24,21,0.21227661138538279,49,21,63,RF_leaf15,raw
2025-12-29,21,0.21176237181887875,49,21,63,RF_leaf15,raw
2025-12-30,21,0.2148054834628116,49,21,63,RF_leaf15,raw
2025-12-31,21,0.22163415635818834,48,21,63,RF_leaf15,raw
2026-01-02,21,0.2225211743406242,49,21,63,RF_leaf15,raw
2026-01-05,21,0.2221569849158805,49,21,63,RF_leaf15,raw
2026-01-06,21,0.22760503066204882,49,21,63,RF_leaf15,raw
2026-01-07,21,0.23076510899553834,48,21,63,RF_leaf15,raw
2026-01-08,21,0.23336453385552544,48,21,63,RF_leaf15,raw
2026-01-09,21,0.2380480071226295,48,21,63,RF_leaf15,raw
2026-01-12,21,0.23814782372639623,49,21,63,RF_leaf15,raw
2026-01-13,21,0.23618002061728005,49,21,63,RF_leaf15,raw
2026-01-14,21,0.23787780808138814,49,21,63,RF_leaf15,raw
2026-01-15,21,0.2338552812794167,49,21,63,RF_leaf15,raw
2026-01-16,21,0.23152901028362932,49,21,63,RF_leaf15,raw
2026-01-19,21,0.23126887795529602,49,21,63,RF_leaf15,raw
2026-01-20,21,0.2290732312789902,49,21,63,RF_leaf15,raw
2026-01-21,21,0.23529549467155428,49,21,63,RF_leaf15,raw
2026-01-22,21,0.23246331310163063,50,21,63,RF_leaf15,raw
2026-01-23,21,0.22492267506075458,50,21,63,RF_leaf15,raw
2026-01-27,21,0.22070102118883736,49,21,63,RF_leaf15,raw
2026-01-28,21,0.2280378711941799,48,21,63,RF_leaf15,raw
2026-01-29,21,0.23802884513520878,48,21,63,RF_leaf15,raw
2026-01-30,21,0.25031120979196353,48,21,63,RF_leaf15,raw
2026-02-02,21,0.2654925146265237,48,21,63,RF_leaf15,raw
2026-02-03,21,0.2599561033856199,49,21,63,RF_leaf15,raw
2026-02-04,21,0.26316976885719456,49,21,63,RF_leaf15,raw
2026-02-05,21,0.27192523382812955,49,21,63,RF_leaf15,raw
2026-02-06,21,0.27727718090972425,49,21,63,RF_leaf15,raw
2026-02-09,21,0.2742108890115676,49,21,63,RF_leaf15,raw
2026-02-10,21,0.26800559029930393,49,21,63,RF_leaf15,raw
2026-02-11,21,0.26508213479147336,49,21,63,RF_leaf15,raw
2026-02-12,21,0.26291392294791177,49,21,63,RF_leaf15,raw
2026-02-13,21,0.26598109553682037,49,21,63,RF_leaf15,raw
2026-02-16,21,0.27669736154231317,49,21,63,RF_leaf15,raw
2026-02-17,21,0.27704572539475586,49,21,63,RF_leaf15,raw
2026-02-18,21,0.2727014001080316,49,21,63,RF_leaf15,raw
2026-02-19,21,0.27621616798051846,49,21,63,RF_leaf15,raw
2026-02-20,21,0.2701349593032122,49,21,63,RF_leaf15,raw
2026-02-23,21,0.2632377433881673,49,21,63,RF_leaf15,raw
2026-02-24,21,0.27289307986853584,48,21,63,RF_leaf15,raw
2026-02-25,21,0.2599779898279538,49,21,63,RF_leaf15,raw
2026-02-26,21,0.25898221434261004,48,21,63,RF_leaf15,raw
2026-02-27,21,0.2554939037855245,49,21,63,RF_leaf15,raw
2026-03-02,21,0.24872903180986322,48,21,63,RF_leaf15,raw
2026-03-03,21,0.26193780160750224,48,21,63,RF_leaf15,raw
2026-03-04,21,0.2672643203503861,48,21,63,RF_leaf15,raw
2026-03-05,21,0.27684970465246117,48,21,63,RF_leaf15,raw
2026-03-06,21,0.2752898811241955,48,21,63,RF_leaf15,raw
2026-03-09,21,0.28964580506668547,48,21,63,RF_leaf15,raw
2026-03-10,21,0.2923501688063511,48,21,63,RF_leaf15,raw
2026-03-11,21,0.2914218649665214,49,21,63,RF_leaf15,raw
2026-03-12,21,0.2974451046798788,49,21,63,RF_leaf15,raw
2026-03-13,21,0.31120635955085496,48,21,63,RF_leaf15,raw
2026-03-16,21,0.30210620303817926,48,21,63,RF_leaf15,raw
2026-03-17,21,0.29745047209622844,49,21,63,RF_leaf15,raw
2026-03-18,21,0.29334452896673296,48,21,63,RF_leaf15,raw
2026-03-19,21,0.30320432599767755,48,21,63,RF_leaf15,raw
2026-03-20,21,0.31832905749156626,48,21,63,RF_leaf15,raw
2026-03-23,21,0.32413753169955895,48,21,63,RF_leaf15,raw
2026-03-24,21,0.313980211109231,48,21,63,RF_leaf15,raw
2026-03-25,21,0.31182185021829967,47,21,63,RF_leaf15,raw
2026-03-26,21,0.3178985967684195,47,21,63,RF_leaf15,raw
2026-03-27,21,0.3214891729267544,47,21,63,RF_leaf15,raw
2026-03-30,21,0.3344428125793103,48,21,63,RF_leaf15,raw
2026-03-31,21,0.33283329350474095,48,21,63,RF_leaf15,raw
2026-04-01,21,0.33441212222758127,48,21,63,RF_leaf15,raw
2026-04-02,21,0.33663030997632787,47,21,63,RF_leaf15,raw
2026-04-07,21,0.334697732893338,47,21,63,RF_leaf15,raw
2026-04-08,21,0.33959810315257655,48,21,63,RF_leaf15,raw
2026-04-09,21,0.33365855136505784,47,21,63,RF_leaf15,raw
2026-04-10,21,0.330596420609223,48,21,63,RF_leaf15,raw
2026-04-13,21,0.32026849776602395,48,21,63,RF_leaf15,raw
2026-04-14,21,0.3186293443043137,48,21,63,RF_leaf15,raw
2026-04-15,21,0.31190960930309347,49,21,63,RF_leaf15,raw
2026-04-16,21,0.31011871460729035,49,21,63,RF_leaf15,raw
2026-04-17,21,0.30818735105154715,49,21,63,RF_leaf15,raw
2026-04-20,21,0.31146024793277527,49,21,63,RF_leaf15,raw
2026-04-21,21,0.3072996013995362,49,21,63,RF_leaf15,raw
2026-04-22,21,0.30391535016662297,48,21,63,RF_leaf15,raw
2026-04-23,21,0.29775571704004844,49,21,63,RF_leaf15,raw
2026-04-24,21,0.29474018549590614,49,21,63,RF_leaf15,raw
2026-04-27,21,0.2926039282968779,49,21,63,RF_leaf15,raw
2026-04-28,21,0.2928708182517422,48,21,63,RF_leaf15,raw
2026-04-29,21,0.29319662365427335,48,21,63,RF_leaf15,raw
2026-04-30,21,0.2993294414483654,47,21,63,RF_leaf15,raw
2026-05-01,21,0.2953715507912282,48,21,63,RF_leaf15,raw
2026-05-04,21,0.3053746742518753,48,21,63,RF_leaf15,raw
2026-05-05,21,0.298981716725165,49,21,63,RF_leaf15,raw
2026-05-06,21,0.2931025092951317,49,21,63,RF_leaf15,raw
2026-05-07,21,0.290896415214335,48,21,63,RF_leaf15,raw
2026-05-08,21,0.2920219099828273,48,21,63,RF_leaf15,raw
2026-05-11,21,0.2883664510870113,48,21,63,RF_leaf15,raw
2026-05-12,21,0.2897406084866817,48,21,63,RF_leaf15,raw
2026-05-13,21,0.2932831486595284,49,21,63,RF_leaf15,raw
2026-05-14,21,0.2882460754345458,49,21,63,RF_leaf15,raw
2026-05-15,21,0.29604118622563896,49,21,63,RF_leaf15,raw
2026-05-18,21,0.3040221895202265,50,21,63,RF_leaf15,raw
2026-05-19,21,0.30627682055076677,50,21,63,RF_leaf15,raw
2026-05-20,21,0.31126275361056244,50,21,63,RF_leaf15,raw
2026-05-21,21,0.30759230459456405,50,21,63,RF_leaf15,raw
2026-05-22,21,0.3029395219398354,49,21,63,RF_leaf15,raw
2026-05-25,21,0.2977192860557979,50,21,63,RF_leaf15,raw
2026-05-26,21,0.29914523895159006,50,21,63,RF_leaf15,raw
2026-05-27,21,0.29635458147584187,50,21,63,RF_leaf15,raw
2026-05-28,21,0.3031887288612151,50,21,63,RF_leaf15,raw
2026-05-29,21,0.30162693742698504,49,21,63,RF_leaf15,raw
2026-06-01,21,0.3057291742286584,48,21,63,RF_leaf15,raw
2026-06-02,21,0.2891259691501505,48,21,63,RF_leaf15,raw
2026-06-03,21,0.28439975893709296,48,21,63,RF_leaf15,raw
2026-06-04,21,0.28840389150732265,48,21,63,RF_leaf15,raw
2026-06-05,21,0.2922850220447521,49,21,63,RF_leaf15,raw
2026-06-09,21,0.31094453077428436,48,21,63,RF_leaf15,raw
2026-06-10,21,0.3088219772171403,49,21,63,RF_leaf15,raw
2026-06-11,21,0.314908331491915,49,21,63,RF_leaf15,raw
2026-06-12,21,0.29502721299318374,49,21,63,RF_leaf15,raw
2026-06-15,21,0.2870694308935023,49,21,63,RF_leaf15,raw
2026-06-16,21,0.28895755224022646,49,21,63,RF_leaf15,raw
2026-06-17,21,0.27799341447485687,49,21,63,RF_leaf15,raw
2026-06-18,21,0.2876154358816965,49,21,63,RF_leaf15,raw
2026-06-19,21,0.29864464783305456,49,21,63,RF_leaf15,raw
2026-06-22,21,0.28978354926256117,50,21,63,RF_leaf15,raw
2026-06-23,21,0.2972407290535435,50,21,63,RF_leaf15,raw
2026-06-24,21,0.3287782206129533,50,21,63,RF_leaf15,raw
2026-06-25,21,0.32048427243335237,50,21,63,RF_leaf15,raw
2026-06-26,21,0.307908206609919,50,21,63,RF_leaf15,raw
2026-06-29,21,0.30641567099354916,50,21,63,RF_leaf15,raw
2026-06-30,21,0.3115618843573191,50,21,63,RF_leaf15,raw
2026-07-01,21,0.29933879812683883,48,21,63,RF_leaf15,raw
2026-07-02,21,0.30170830115255404,48,21,63,RF_leaf15,raw
2026-07-03,21,0.2984531329855719,48,21,63,RF_leaf15,raw
2026-07-06,21,0.2927097463553427,48,21,63,RF_leaf15,raw
2026-07-07,21,0.29604802856090534,49,21,63,RF_leaf15,raw
2026-07-08,21,0.29663490566729256,49,21,63,RF_leaf15,raw
2026-07-09,21,0.2959270365254542,49,21,63,RF_leaf15,raw
2026-07-10,21,0.29445706054421517,48,21,63,RF_leaf15,raw
2026-07-13,21,0.29785703134247615,47,21,63,RF_leaf15,raw
2026-07-14,21,0.30084268714020085,47,21,63,RF_leaf15,raw
2026-07-15,21,0.3013034878988315,48,21,63,RF_leaf15,raw
2026-07-16,21,0.29900035904454253,48,21,63,RF_leaf15,raw
2026-07-17,21,0.3025645307166308,48,21,63,RF_leaf15,raw
2026-07-20,21,0.2955274599911575,47,21,63,RF_leaf15,raw
2026-07-21,21,0.31397417638663244,48,21,63,RF_leaf15,raw
2026-07-22,21,0.29518249649744543,48,21,63,RF_leaf15,raw
2026-07-23,21,0.29095537119959297,47,21,63,RF_leaf15,raw
2026-07-24,21,0.29862685073344136,47,21,63,RF_leaf15,raw
2026-07-27,21,0.2972074959434343,48,21,63,RF_leaf15,raw
2026-07-28,21,0.30367051075286355,47,21,63,RF_leaf15,raw
2026-07-29,21,0.30009396280740075,46,21,63,RF_leaf15,raw
2026-07-30,21,0.31605410223155006,47,21,63,RF_leaf15,raw
2026-07-31,21,0.2956218927678698,47,21,63,RF_leaf15,raw
2026-08-03,21,0.2858948207680635,47,21,63,RF_leaf15,raw
2026-08-04,21,0.2903014812664377,46,21,63,RF_leaf15,raw
2026-08-05,21,0.29046338706817465,46,21,63,RF_leaf15,raw
2026-08-06,21,0.29685581044458503,46,21,63,RF_leaf15,raw
2026-08-07,21,0.297627745121189,47,21,63,RF_leaf15,raw
2026-08-10,21,0.29816899757344056,48,21,63,RF_leaf15,raw
2026-08-11,21,0.3076150289957125,48,21,63,RF_leaf15,raw
2026-08-12,21,0.30937366984126397,47,21,63,RF_leaf15,raw
2026-08-13,21,0.30610430266990535,47,21,63,RF_leaf15,raw
2026-08-14,21,0.3093420986624853,47,21,63,RF_leaf15,raw
2026-08-17,21,0.3052234505835788,47,21,63,RF_leaf15,raw
2026-08-18,21,0.30398369502006095,46,21,63,RF_leaf15,raw
2026-08-19,21,0.295825960540341,46,21,63,RF_leaf15,raw
2026-08-20,21,0.2918861799788239,45,21,63,RF_leaf15,raw
2025-01-02,63,0.1749192084954855,49,21,63,RF_leaf5,raw
2025-01-03,63,0.17484486387939827,49,21,63,RF_leaf5,raw
2025-01-06,63,0.18030316891419604,49,21,63,RF_leaf5,raw
2025-01-07,63,0.18091018403415463,49,21,63,RF_leaf5,raw
2025-01-08,63,0.18052778206866787,49,21,63,RF_leaf5,raw
2025-01-09,63,0.18298354103920414,49,21,63,RF_leaf5,raw
2025-01-10,63,0.18160241746246786,49,21,63,RF_leaf5,raw
2025-01-13,63,0.18328772589095535,49,21,63,RF_leaf5,raw
2025-01-14,63,0.1812046165076431,48,21,63,RF_leaf5,raw
2025-01-15,63,0.18133527072148523,49,21,63,RF_leaf5,raw
2025-01-16,63,0.18057095521571398,48,21,63,RF_leaf5,raw
2025-01-17,63,0.18125682120252876,49,21,63,RF_leaf5,raw
2025-01-20,63,0.18556126625585537,49,21,63,RF_leaf5,raw
2025-01-21,63,0.18279568001687987,49,21,63,RF_leaf5,raw
2025-01-22,63,0.17979570713891851,49,21,63,RF_leaf5,raw
2025-01-23,63,0.1799530702683256,49,21,63,RF_leaf5,raw
2025-01-24,63,0.1796913030381619,49,21,63,RF_leaf5,raw
2025-01-28,63,0.18093242624565592,49,21,63,RF_leaf5,raw
2025-01-29,63,0.18655392588749384,49,21,63,RF_leaf5,raw
2025-01-30,63,0.18587417561129,49,21,63,RF_leaf5,raw
2025-01-31,63,0.1834059526356302,48,21,63,RF_leaf5,raw
2025-02-03,63,0.1894425631436975,48,21,63,RF_leaf5,raw
2025-02-04,63,0.18956625185449627,48,21,63,RF_leaf5,raw
2025-02-05,63,0.1834354888117203,48,21,63,RF_leaf5,raw
2025-02-06,63,0.1853410782782745,47,21,63,RF_leaf5,raw
2025-02-07,63,0.18617906964366118,47,21,63,RF_leaf5,raw
2025-02-10,63,0.18627958520387863,47,21,63,RF_leaf5,raw
2025-02-11,63,0.19132170365592768,47,21,63,RF_leaf5,raw
2025-02-12,63,0.1906042828737299,47,21,63,RF_leaf5,raw
2025-02-13,63,0.19083292372000993,47,21,63,RF_leaf5,raw
2025-02-14,63,0.19021384109845615,47,21,63,RF_leaf5,raw
2025-02-17,63,0.1926183143505559,47,21,63,RF_leaf5,raw
2025-02-18,63,0.19142205341815485,47,21,63,RF_leaf5,raw
2025-02-19,63,0.19189866353874774,46,21,63,RF_leaf5,raw
2025-02-20,63,0.19129092536863107,46,21,63,RF_leaf5,raw
2025-02-21,63,0.1900033631018567,46,21,63,RF_leaf5,raw
2025-02-24,63,0.18645720361693768,46,21,63,RF_leaf5,raw
2025-02-25,63,0.1880263061764248,46,21,63,RF_leaf5,raw
2025-02-26,63,0.19087560912865628,47,21,63,RF_leaf5,raw
2025-02-27,63,0.18919143778629358,47,21,63,RF_leaf5,raw
2025-02-28,63,0.19410127903264243,47,21,63,RF_leaf5,raw
2025-03-03,63,0.19609770290421588,47,21,63,RF_leaf5,raw
2025-03-04,63,0.19505966691261317,47,21,63,RF_leaf5,raw
2025-03-05,63,0.1943167830486282,47,21,63,RF_leaf5,raw
2025-03-06,63,0.1959772079317337,47,21,63,RF_leaf5,raw
2025-03-07,63,0.1981657079460605,47,21,63,RF_leaf5,raw
2025-03-10,63,0.20138369549134566,47,21,63,RF_leaf5,raw
2025-03-11,63,0.20585024011245234,47,21,63,RF_leaf5,raw
2025-03-12,63,0.2063852183746691,48,21,63,RF_leaf5,raw
2025-03-13,63,0.2094574848005992,48,21,63,RF_leaf5,raw
2025-03-14,63,0.20319203430139757,48,21,63,RF_leaf5,raw
2025-03-17,63,0.20336656782575563,48,21,63,RF_leaf5,raw
2025-03-18,63,0.2025936186536271,48,21,63,RF_leaf5,raw
2025-03-19,63,0.20180555983060977,48,21,63,RF_leaf5,raw
2025-03-20,63,0.19700498863084576,48,21,63,RF_leaf5,raw
2025-03-21,63,0.19612392117711927,48,21,63,RF_leaf5,raw
2025-03-24,63,0.19297179178288532,48,21,63,RF_leaf5,raw
2025-03-25,63,0.1866819700975083,48,21,63,RF_leaf5,raw
2025-03-26,63,0.18849737379400458,48,21,63,RF_leaf5,raw
2025-03-27,63,0.18676337274805055,48,21,63,RF_leaf5,raw
2025-03-28,63,0.1870536365009567,48,21,63,RF_leaf5,raw
2025-03-31,63,0.18750981579889395,48,21,63,RF_leaf5,raw
2025-04-01,63,0.19309666905766185,48,21,63,RF_leaf5,raw
2025-04-02,63,0.19257735716846686,48,21,63,RF_leaf5,raw
2025-04-03,63,0.1951776896482584,48,21,63,RF_leaf5,raw
2025-04-04,63,0.1964458093476142,48,21,63,RF_leaf5,raw
2025-04-07,63,0.20574412926665425,48,21,63,RF_leaf5,raw
2025-04-08,63,0.21881192699338478,48,21,63,RF_leaf5,raw
2025-04-09,63,0.22172348083639207,47,21,63,RF_leaf5,raw
2025-04-10,63,0.22045077544433797,47,21,63,RF_leaf5,raw
2025-04-11,63,0.23675797139308472,47,21,63,RF_leaf5,raw
2025-04-14,63,0.2302176672628177,47,21,63,RF_leaf5,raw
2025-04-15,63,0.22783822869314993,47,21,63,RF_leaf5,raw
2025-04-16,63,0.2294194539235791,47,21,63,RF_leaf5,raw
2025-04-17,63,0.22595365492316116,47,21,63,RF_leaf5,raw
2025-04-22,63,0.22918492490958062,47,21,63,RF_leaf5,raw
2025-04-23,63,0.23524592066497638,47,21,63,RF_leaf5,raw
2025-04-24,63,0.2241048983575459,47,21,63,RF_leaf5,raw
2025-04-28,63,0.22478164996131242,47,21,63,RF_leaf5,raw
2025-04-29,63,0.2249213896532241,47,21,63,RF_leaf5,raw
2025-04-30,63,0.2253803079262206,47,21,63,RF_leaf5,raw
2025-05-01,63,0.22595965972100096,47,21,63,RF_leaf5,raw
2025-05-02,63,0.22639757734371016,47,21,63,RF_leaf5,raw
2025-05-05,63,0.22672074075045207,48,21,63,RF_leaf5,raw
2025-05-06,63,0.22444968224709036,48,21,63,RF_leaf5,raw
2025-05-07,63,0.22337888957334823,48,21,63,RF_leaf5,raw
2025-05-08,63,0.22062179764233514,48,21,63,RF_leaf5,raw
2025-05-09,63,0.2153400970358865,48,21,63,RF_leaf5,raw
2025-05-12,63,0.21877443475580974,48,21,63,RF_leaf5,raw
2025-05-13,63,0.2175870815486002,48,21,63,RF_leaf5,raw
2025-05-14,63,0.21587903110382853,48,21,63,RF_leaf5,raw
2025-05-15,63,0.21836154907100175,48,21,63,RF_leaf5,raw
2025-05-16,63,0.22063672145691215,48,21,63,RF_leaf5,raw
2025-05-19,63,0.22281708642758047,48,21,63,RF_leaf5,raw
2025-05-20,63,0.21950017056189644,48,21,63,RF_leaf5,raw
2025-05-21,63,0.2205119096347446,48,21,63,RF_leaf5,raw
2025-05-22,63,0.219946575582193,49,21,63,RF_leaf5,raw
2025-05-23,63,0.21528217948828277,49,21,63,RF_leaf5,raw
2025-05-26,63,0.21531283902520498,49,21,63,RF_leaf5,raw
2025-05-27,63,0.21388676964406317,49,21,63,RF_leaf5,raw
2025-05-28,63,0.2113044799758719,49,21,63,RF_leaf5,raw
2025-05-29,63,0.20845095122226684,48,21,63,RF_leaf5,raw
2025-05-30,63,0.20901303265113477,48,21,63,RF_leaf5,raw
2025-06-02,63,0.20638092831071084,48,21,63,RF_leaf5,raw
2025-06-03,63,0.1991243792672367,48,21,63,RF_leaf5,raw
2025-06-04,63,0.20493877392201135,48,21,63,RF_leaf5,raw
2025-06-05,63,0.212519494771709,49,21,63,RF_leaf5,raw
2025-06-06,63,0.21496040595825183,49,21,63,RF_leaf5,raw
2025-06-10,63,0.21214455218035339,49,21,63,RF_leaf5,raw
2025-06-11,63,0.21170739773591202,49,21,63,RF_leaf5,raw
2025-06-12,63,0.2098397008967647,49,21,63,RF_leaf5,raw
2025-06-13,63,0.20932410914073743,49,21,63,RF_leaf5,raw
2025-06-16,63,0.21468367651862186,49,21,63,RF_leaf5,raw
2025-06-17,63,0.20855230529862034,49,21,63,RF_leaf5,raw
2025-06-18,63,0.20888935711935686,49,21,63,RF_leaf5,raw
2025-06-19,63,0.20911316976831074,49,21,63,RF_leaf5,raw
2025-06-20,63,0.21190673998155496,48,21,63,RF_leaf5,raw
2025-06-23,63,0.21307058846981586,48,21,63,RF_leaf5,raw
2025-06-24,63,0.21543604180095183,48,21,63,RF_leaf5,raw
2025-06-25,63,0.20816044666322814,49,21,63,RF_leaf5,raw
2025-06-26,63,0.22015914225753103,49,21,63,RF_leaf5,raw
2025-06-27,63,0.2302964539537911,49,21,63,RF_leaf5,raw
2025-06-30,63,0.22505875774285586,48,21,63,RF_leaf5,raw
2025-07-01,63,0.21847296741397887,48,21,63,RF_leaf5,raw
2025-07-02,63,0.23340684672920844,48,21,63,RF_leaf5,raw
2025-07-03,63,0.2285392251122895,48,21,63,RF_leaf5,raw
2025-07-04,63,0.2412039357616329,48,21,63,RF_leaf5,raw
2025-07-07,63,0.223956469096614,48,21,63,RF_leaf5,raw
2025-07-08,63,0.22558870814336862,48,21,63,RF_leaf5,raw
2025-07-09,63,0.20439491327366996,48,21,63,RF_leaf5,raw
2025-07-10,63,0.1959993741334163,48,21,63,RF_leaf5,raw
2025-07-11,63,0.19651991186589834,49,21,63,RF_leaf5,raw
2025-07-14,63,0.1898948619118443,49,21,63,RF_leaf5,raw
2025-07-15,63,0.16558427203318601,49,21,63,RF_leaf5,raw
2025-07-16,63,0.1675303965758317,49,21,63,RF_leaf5,raw
2025-07-17,63,0.16490065423126346,49,21,63,RF_leaf5,raw
2025-07-18,63,0.16573596848203323,49,21,63,RF_leaf5,raw
2025-07-21,63,0.1632330825684774,49,21,63,RF_leaf5,raw
2025-07-22,63,0.16376178720095497,49,21,63,RF_leaf5,raw
2025-07-23,63,0.16704530973176498,49,21,63,RF_leaf5,raw
2025-07-24,63,0.17929356302511598,49,21,63,RF_leaf5,raw
2025-07-25,63,0.17872792809479804,49,21,63,RF_leaf5,raw
2025-07-28,63,0.1758378649825614,49,21,63,RF_leaf5,raw
2025-07-29,63,0.1744475575084792,49,21,63,RF_leaf5,raw
2025-07-30,63,0.17031103124081023,49,21,63,RF_leaf5,raw
2025-07-31,63,0.1715192201391308,49,21,63,RF_leaf5,raw
2025-08-01,63,0.16830924521400126,49,21,63,RF_leaf5,raw
2025-08-04,63,0.17589860737205723,49,21,63,RF_leaf5,raw
2025-08-05,63,0.18003776628662024,49,21,63,RF_leaf5,raw
2025-08-06,63,0.18132239432217626,48,21,63,RF_leaf5,raw
2025-08-07,63,0.18312516859546824,48,21,63,RF_leaf5,raw
2025-08-08,63,0.18314157813853355,48,21,63,RF_leaf5,raw
2025-08-11,63,0.18658376158652165,48,21,63,RF_leaf5,raw
2025-08-12,63,0.1920295829840471,48,21,63,RF_leaf5,raw
2025-08-13,63,0.19174882391243667,48,21,63,RF_leaf5,raw
2025-08-14,63,0.19207208829240371,47,21,63,RF_leaf5,raw
2025-08-15,63,0.1934388512480015,46,21,63,RF_leaf5,raw
2025-08-18,63,0.1933058792280664,46,21,63,RF_leaf5,raw
2025-08-19,63,0.1939655355825361,46,21,63,RF_leaf5,raw
2025-08-20,63,0.1944731650430371,46,21,63,RF_leaf5,raw
2025-08-21,63,0.19514557620847842,46,21,63,RF_leaf5,raw
2025-08-22,63,0.19644413865658936,46,21,63,RF_leaf5,raw
2025-08-25,63,0.19903797605741402,46,21,63,RF_leaf5,raw
2025-08-26,63,0.19991942343314245,47,21,63,RF_leaf5,raw
2025-08-27,63,0.1990198357175946,46,21,63,RF_leaf5,raw
2025-08-28,63,0.19963220291983694,46,21,63,RF_leaf5,raw
2025-08-29,63,0.19986773373100167,46,21,63,RF_leaf5,raw
2025-09-01,63,0.19894694997938878,46,21,63,RF_leaf5,raw
2025-09-02,63,0.19572475426486968,46,21,63,RF_leaf5,raw
2025-09-03,63,0.1973289345580022,46,21,63,RF_leaf5,raw
2025-09-04,63,0.19976861265586154,46,21,63,RF_leaf5,raw
2025-09-05,63,0.19392524047436704,46,21,63,RF_leaf5,raw
2025-09-08,63,0.19781810456776927,46,21,63,RF_leaf5,raw
2025-09-09,63,0.19915858579323917,46,21,63,RF_leaf5,raw
2025-09-10,63,0.20020053622463352,46,21,63,RF_leaf5,raw
2025-09-11,63,0.20555951040971257,46,21,63,RF_leaf5,raw
2025-09-12,63,0.2028941441355066,46,21,63,RF_leaf5,raw
2025-09-15,63,0.203270286833787,46,21,63,RF_leaf5,raw
2025-09-16,63,0.208251189686593,46,21,63,RF_leaf5,raw
2025-09-17,63,0.206000425069226,45,21,63,RF_leaf5,raw
2025-09-18,63,0.20923564115528254,45,21,63,RF_leaf5,raw
2025-09-19,63,0.20646018390013784,45,21,63,RF_leaf5,raw
2025-09-22,63,0.20646689596670284,45,21,63,RF_leaf5,raw
2025-09-23,63,0.20783909807803855,45,21,63,RF_leaf5,raw
2025-09-24,63,0.20678890896464164,45,21,63,RF_leaf5,raw
2025-09-25,63,0.21034938206004974,46,21,63,RF_leaf5,raw
2025-09-26,63,0.20602102893000412,47,21,63,RF_leaf5,raw
2025-09-29,63,0.20519648552461972,47,21,63,RF_leaf5,raw
2025-09-30,63,0.20039777685371757,48,21,63,RF_leaf5,raw
2025-10-01,63,0.19772066757397957,48,21,63,RF_leaf5,raw
2025-10-02,63,0.19564510856851844,47,21,63,RF_leaf5,raw
2025-10-03,63,0.19774517959680105,47,21,63,RF_leaf5,raw
2025-10-06,63,0.20324965264849348,46,21,63,RF_leaf5,raw
2025-10-07,63,0.19799222259150676,47,21,63,RF_leaf5,raw
2025-10-08,63,0.19665040758190352,47,21,63,RF_leaf5,raw
2025-10-09,63,0.1965277827062315,47,21,63,RF_leaf5,raw
2025-10-10,63,0.1971214716516488,46,21,63,RF_leaf5,raw
2025-10-13,63,0.20531926006411869,46,21,63,RF_leaf5,raw
2025-10-14,63,0.20360689291280082,46,21,63,RF_leaf5,raw
2025-10-15,63,0.20859890104325135,45,21,63,RF_leaf5,raw
2025-10-16,63,0.2090871127542088,45,21,63,RF_leaf5,raw
2025-10-17,63,0.20792196153279757,45,21,63,RF_leaf5,raw
2025-10-20,63,0.20874935668916822,45,21,63,RF_leaf5,raw
2025-10-21,63,0.21949830647706886,45,21,63,RF_leaf5,raw
2025-10-22,63,0.2263905892576508,44,21,63,RF_leaf5,raw
2025-10-23,63,0.23543119070336624,44,21,63,RF_leaf5,raw
2025-10-24,63,0.23558287410098877,44,21,63,RF_leaf5,raw
2025-10-27,63,0.23307209635059725,44,21,63,RF_leaf5,raw
2025-10-28,63,0.23421212304144498,45,21,63,RF_leaf5,raw
2025-10-29,63,0.23053135386486795,45,21,63,RF_leaf5,raw
2025-10-30,63,0.23402507553645038,45,21,63,RF_leaf5,raw
2025-10-31,63,0.23643810363366818,45,21,63,RF_leaf5,raw
2025-11-03,63,0.23348914826694867,45,21,63,RF_leaf5,raw
2025-11-04,63,0.22967258885549532,45,21,63,RF_leaf5,raw
2025-11-05,63,0.22602597002552335,45,21,63,RF_leaf5,raw
2025-11-06,63,0.2256822956474303,45,21,63,RF_leaf5,raw
2025-11-07,63,0.2270238608495419,45,21,63,RF_leaf5,raw
2025-11-10,63,0.22917529663146982,45,21,63,RF_leaf5,raw
2025-11-11,63,0.23131646610054857,45,21,63,RF_leaf5,raw
2025-11-12,63,0.23062437794291102,45,21,63,RF_leaf5,raw
2025-11-13,63,0.23077951486114337,46,21,63,RF_leaf5,raw
2025-11-14,63,0.23211774319473835,46,21,63,RF_leaf5,raw
2025-11-17,63,0.23407793925591647,46,21,63,RF_leaf5,raw
2025-11-18,63,0.2398857129454556,45,21,63,RF_leaf5,raw
2025-11-19,63,0.23235667226124293,45,21,63,RF_leaf5,raw
2025-11-20,63,0.21122885494069746,46,21,63,RF_leaf5,raw
2025-11-21,63,0.2122196463586889,45,21,63,RF_leaf5,raw
2025-11-24,63,0.2202501065925566,45,21,63,RF_leaf5,raw
2025-11-25,63,0.22086969438068027,45,21,63,RF_leaf5,raw
2025-11-26,63,0.22275085420757593,45,21,63,RF_leaf5,raw
2025-11-27,63,0.2236160766881974,45,21,63,RF_leaf5,raw
2025-11-28,63,0.22146127474596017,45,21,63,RF_leaf5,raw
2025-12-01,63,0.22146476255365888,44,21,63,RF_leaf5,raw
2025-12-02,63,0.22027554810095307,45,21,63,RF_leaf5,raw
2025-12-03,63,0.21950818832892963,46,21,63,RF_leaf5,raw
2025-12-04,63,0.21928215694322536,46,21,63,RF_leaf5,raw
2025-12-05,63,0.21379578409495364,46,21,63,RF_leaf5,raw
2025-12-08,63,0.22045661088721577,46,21,63,RF_leaf5,raw
2025-12-09,63,0.21936947746163876,46,21,63,RF_leaf5,raw
2025-12-10,63,0.22106664719284347,46,21,63,RF_leaf5,raw
2025-12-11,63,0.2241206089589362,47,21,63,RF_leaf5,raw
2025-12-12,63,0.2240590170366199,47,21,63,RF_leaf5,raw
2025-12-15,63,0.22698797535768594,48,21,63,RF_leaf5,raw
2025-12-16,63,0.2317508277135208,48,21,63,RF_leaf5,raw
2025-12-17,63,0.23181229867094652,48,21,63,RF_leaf5,raw
2025-12-18,63,0.23192591425376693,48,21,63,RF_leaf5,raw
2025-12-19,63,0.2301192920591893,48,21,63,RF_leaf5,raw
2025-12-22,63,0.2271344937651194,48,21,63,RF_leaf5,raw
2025-12-23,63,0.22773715992184596,48,21,63,RF_leaf5,raw
2025-12-24,63,0.22845867889303334,48,21,63,RF_leaf5,raw
2025-12-29,63,0.2278652343629052,48,21,63,RF_leaf5,raw
2025-12-30,63,0.23094269727114114,48,21,63,RF_leaf5,raw
2025-12-31,63,0.2318807336441754,47,21,63,RF_leaf5,raw
2026-01-02,63,0.2317459802539955,48,21,63,RF_leaf5,raw
2026-01-05,63,0.22524005812289102,48,21,63,RF_leaf5,raw
2026-01-06,63,0.22874809128081194,48,21,63,RF_leaf5,raw
2026-01-07,63,0.23114695331566426,47,21,63,RF_leaf5,raw
2026-01-08,63,0.23147953680535216,47,21,63,RF_leaf5,raw
2026-01-09,63,0.2346076180460295,47,21,63,RF_leaf5,raw
2026-01-12,63,0.23772517450499267,48,21,63,RF_leaf5,raw
2026-01-13,63,0.23650761266542855,47,21,63,RF_leaf5,raw
2026-01-14,63,0.23558845287026772,47,21,63,RF_leaf5,raw
2026-01-15,63,0.23201083153354493,46,21,63,RF_leaf5,raw
2026-01-16,63,0.22773229385637508,47,21,63,RF_leaf5,raw
2026-01-19,63,0.23009902726118567,46,21,63,RF_leaf5,raw
2026-01-20,63,0.2313548087702973,46,21,63,RF_leaf5,raw
2026-01-21,63,0.23895845807409047,47,21,63,RF_leaf5,raw
2026-01-22,63,0.24735571747820803,47,21,63,RF_leaf5,raw
2026-01-23,63,0.24408779456966545,46,21,63,RF_leaf5,raw
2026-01-27,63,0.24344218794477182,45,21,63,RF_leaf5,raw
2026-01-28,63,0.24811843372910794,45,21,63,RF_leaf5,raw
2026-01-29,63,0.24848060287516863,45,21,63,RF_leaf5,raw
2026-01-30,63,0.24740083773005198,45,21,63,RF_leaf5,raw
2026-02-02,63,0.2532372441677471,45,21,63,RF_leaf5,raw
2026-02-03,63,0.25382436281068826,46,21,63,RF_leaf5,raw
2026-02-04,63,0.2589029333100443,46,21,63,RF_leaf5,raw
2026-02-05,63,0.25727978529017165,46,21,63,RF_leaf5,raw
2026-02-06,63,0.2610155876605795,46,21,63,RF_leaf5,raw
2026-02-09,63,0.2630305819879367,46,21,63,RF_leaf5,raw
2026-02-10,63,0.2597053605870615,46,21,63,RF_leaf5,raw
2026-02-11,63,0.2587432532812864,47,21,63,RF_leaf5,raw
2026-02-12,63,0.2597936359689905,47,21,63,RF_leaf5,raw
2026-02-13,63,0.25738084666254035,47,21,63,RF_leaf5,raw
2026-02-16,63,0.26335532184073557,47,21,63,RF_leaf5,raw
2026-02-17,63,0.26649598627105403,47,21,63,RF_leaf5,raw
2026-02-18,63,0.260862941736826,47,21,63,RF_leaf5,raw
2026-02-19,63,0.2660943009005156,47,21,63,RF_leaf5,raw
2026-02-20,63,0.2620917764890868,46,21,63,RF_leaf5,raw
2026-02-23,63,0.2577061654562544,46,21,63,RF_leaf5,raw
2026-02-24,63,0.2644308586013136,46,21,63,RF_leaf5,raw
2026-02-25,63,0.2563422858001697,46,21,63,RF_leaf5,raw
2026-02-26,63,0.25993505743614653,46,21,63,RF_leaf5,raw
2026-02-27,63,0.25178326049030253,46,21,63,RF_leaf5,raw
2026-03-02,63,0.2507938200994237,45,21,63,RF_leaf5,raw
2026-03-03,63,0.2596643279309586,45,21,63,RF_leaf5,raw
2026-03-04,63,0.264370107633203,45,21,63,RF_leaf5,raw
2026-03-05,63,0.27091917755931205,45,21,63,RF_leaf5,raw
2026-03-06,63,0.2673508730044831,45,21,63,RF_leaf5,raw
2026-03-09,63,0.26909336360827846,45,21,63,RF_leaf5,raw
2026-03-10,63,0.27709778639331806,45,21,63,RF_leaf5,raw
2026-03-11,63,0.27839952016797037,46,21,63,RF_leaf5,raw
2026-03-12,63,0.28152505375898995,46,21,63,RF_leaf5,raw
2026-03-13,63,0.29185714974724825,46,21,63,RF_leaf5,raw
2026-03-16,63,0.28403454869158323,46,21,63,RF_leaf5,raw
2026-03-17,63,0.27957575105350874,46,21,63,RF_leaf5,raw
2026-03-18,63,0.2768819151311037,46,21,63,RF_leaf5,raw
2026-03-19,63,0.28279203450520457,46,21,63,RF_leaf5,raw
2026-03-20,63,0.29243707219127535,46,21,63,RF_leaf5,raw
2026-03-23,63,0.3003111253264115,46,21,63,RF_leaf5,raw
2026-03-24,63,0.29506961168802526,46,21,63,RF_leaf5,raw
2026-03-25,63,0.2882591313029158,46,21,63,RF_leaf5,raw
2026-03-26,63,0.2937739468129243,46,21,63,RF_leaf5,raw
2026-03-27,63,0.29151167406644385,46,21,63,RF_leaf5,raw
2026-03-30,63,0.3025533213104641,46,21,63,RF_leaf5,raw
2026-03-31,63,0.2990444652439506,46,21,63,RF_leaf5,raw
2026-04-01,63,0.3028407443067067,46,21,63,RF_leaf5,raw
2026-04-02,63,0.31073733523712177,46,21,63,RF_leaf5,raw
2026-04-07,63,0.3054505024691108,46,21,63,RF_leaf5,raw
2026-04-08,63,0.30470105625028593,46,21,63,RF_leaf5,raw
2026-04-09,63,0.3057989170280605,46,21,63,RF_leaf5,raw
2026-04-10,63,0.30445760275724476,47,21,63,RF_leaf5,raw
2026-04-13,63,0.3047246693746017,47,21,63,RF_leaf5,raw
2026-04-14,63,0.3091829099335985,46,21,63,RF_leaf5,raw
2026-04-15,63,0.30071699145083625,47,21,63,RF_leaf5,raw
2026-04-16,63,0.3009482400755682,48,21,63,RF_leaf5,raw
2026-04-17,63,0.29427820006777033,48,21,63,RF_leaf5,raw
2026-04-20,63,0.29808297671520556,48,21,63,RF_leaf5,raw
2026-04-21,63,0.3004232481503593,48,21,63,RF_leaf5,raw
2026-04-22,63,0.29996532835684886,47,21,63,RF_leaf5,raw
2026-04-23,63,0.29825788989758717,48,21,63,RF_leaf5,raw
2026-04-24,63,0.3003097685710032,47,21,63,RF_leaf5,raw
2026-04-27,63,0.3000282551004336,47,21,63,RF_leaf5,raw
2026-04-28,63,0.29994934375195376,47,21,63,RF_leaf5,raw
2026-04-29,63,0.30194295393351345,47,21,63,RF_leaf5,raw
2026-04-30,63,0.3023325881417634,46,21,63,RF_leaf5,raw
2026-05-01,63,0.2961780917144142,46,21,63,RF_leaf5,raw
2026-05-04,63,0.2945673440191474,46,21,63,RF_leaf5,raw
2026-05-05,63,0.2903078799720285,46,21,63,RF_leaf5,raw
2026-05-06,63,0.2887060675196301,46,21,63,RF_leaf5,raw
2026-05-07,63,0.2845146763938796,46,21,63,RF_leaf5,raw
2026-05-08,63,0.2969684742997411,46,21,63,RF_leaf5,raw
2026-05-11,63,0.29284507094855683,46,21,63,RF_leaf5,raw
2026-05-12,63,0.2817934929733528,45,21,63,RF_leaf5,raw
2026-05-13,63,0.28437849983832025,45,21,63,RF_leaf5,raw
2026-05-14,63,0.2972579160727339,45,21,63,RF_leaf5,raw
2026-05-15,63,0.328722101400655,45,21,63,RF_leaf5,raw
2026-05-18,63,0.34670339730050465,46,21,63,RF_leaf5,raw
2026-05-19,63,0.2859716821739181,46,21,63,RF_leaf5,raw
2026-05-20,63,0.28876774629836394,46,21,63,RF_leaf5,raw
2026-05-21,63,0.2870177835227284,46,21,63,RF_leaf5,raw
2026-05-22,63,0.28720501400604037,46,21,63,RF_leaf5,raw
2026-05-25,63,0.28836068145321553,46,21,63,RF_leaf5,raw
2026-05-26,63,0.2922916209902559,46,21,63,RF_leaf5,raw
2026-05-27,63,0.2928836157299384,46,21,63,RF_leaf5,raw
2026-05-28,63,0.29238273669810083,46,21,63,RF_leaf5,raw
2026-05-29,63,0.2921155445746752,46,21,63,RF_leaf5,raw
2026-06-01,63,0.29404969138289894,46,21,63,RF_leaf5,raw
2026-06-02,63,0.3061597889445683,46,21,63,RF_leaf5,raw
2026-06-03,63,0.30574090232793844,45,21,63,RF_leaf5,raw
2026-06-04,63,0.3014368953189277,46,21,63,RF_leaf5,raw
2026-06-05,63,0.30199468425428405,46,21,63,RF_leaf5,raw
2026-06-09,63,0.30232969266122645,46,21,63,RF_leaf5,raw
2026-06-10,63,0.2962461972363407,46,21,63,RF_leaf5,raw
2026-06-11,63,0.29906475912252856,46,21,63,RF_leaf5,raw
2026-06-12,63,0.2972571873329918,46,21,63,RF_leaf5,raw
2026-06-15,63,0.30565652809618277,45,21,63,RF_leaf5,raw
2026-06-16,63,0.31124375596687753,46,21,63,RF_leaf5,raw
2026-06-17,63,0.3106116782614625,46,21,63,RF_leaf5,raw
2026-06-18,63,0.31170299227388104,46,21,63,RF_leaf5,raw
2026-06-19,63,0.3120995729350102,45,21,63,RF_leaf5,raw
2026-06-22,63,0.3492816480129624,45,21,63,RF_leaf5,raw
2026-06-23,63,0.3677667794298167,45,21,63,RF_leaf5,raw
