Horizon,Model,N,MAE,RMSE,QLIKE,Correlation,Bias,Actual_Std,Prediction_Std,MASE,Variability_Ratio
21,Stock_Level_ML_Aggregated,414,0.053823436668064856,0.07164588835127003,0.18479215231370646,0.4711494629955169,-0.00923696648580485,0.07920874310398113,0.05068809655693362,0.7896630169084157,0.6399305754718632
21,GARCH_11,414,0.06761470506341972,0.09048972913294352,0.2047358690054308,0.37146123669858305,0.03292737348961239,0.07920874310398113,0.07081219349852791,0.9919996806787404,0.8939946617454759
21,HAR_RV,414,0.06385928411377896,0.08485396347102457,0.2049192653833006,0.3916574219207088,0.018146075136573087,0.07920874310398113,0.07072072877238426,0.9369025478972894,0.8928399315659606
21,EWMA_094,414,0.06136992421424359,0.08240346432995918,0.24454502612472814,0.39530662497335284,-0.0027312567558340794,0.07920874310398113,0.07011502325782343,0.9003802525901174,0.8851929788329057
21,ARIMA_101,414,0.06795708225220869,0.09031820659287035,0.3082735711506148,0.366429655420195,-0.003941037990018196,0.07920874310398113,0.08127338717406653,0.9970228196783378,1.0260658607772004
21,Selected_ML_WalkForward,414,0.0651248851943446,0.08499502890535944,0.3086991240972173,0.29087773335372114,-0.034568168465024404,0.07920874310398113,0.04037829980814443,0.9554706369928523,0.5097707427971416
21,Historical_Matched,414,0.06816000688342636,0.0905342486243018,0.31365168532467175,0.3645736449633881,-0.004599513656074196,0.07920874310398113,0.0813652279411293,0.9999999999999996,1.0272253384240329
21,Persistence_21D,414,0.06816000688342636,0.0905342486243018,0.31365168532467175,0.3645736449633881,-0.004599513656074196,0.07920874310398113,0.0813652279411293,0.9999999999999996,1.0272253384240329
21,Naive_h_Target_Lag,414,0.06816000688342638,0.09053424862430182,0.3136516853246726,0.3645736449633882,-0.004599513656074293,0.07920874310398113,0.08136522794112933,1.0,1.0272253384240333
