Yahoo_Ticker,Name,Sector,Industry,Quote_Type,Status
10X.AX,Exultant Mining Limited,Basic Materials,Other Industrial Metals & Mining,EQUITY,INCLUDE
1MC.AX,Morella Corporation Limited,Basic Materials,Other Industrial Metals & Mining,EQUITY,INCLUDE
29M.AX,29Metals Limited,Basic Materials,Other Precious Metals & Mining,EQUITY,INCLUDE
3DA.AX,Amaero Inc.,Basic Materials,Other Industrial Metals & Mining,EQUITY,INCLUDE
49M.AX,49 Metals Limited,Basic Materials,Gold,EQUITY,INCLUDE
6KA.AX,"6K Additive, Inc.",Basic Materials,Other Industrial Metals & Mining,EQUITY,INCLUDE
A11.AX,Atlantic Lithium Limited,Basic Materials,Other Industrial Metals & Mining,EQUITY,INCLUDE
A1M.AX,AIC Mines Limited,Basic Materials,Other Precious Metals & Mining,EQUITY,INCLUDE
A4N.AX,Alpha HPA Limited,Basic Materials,Aluminum,EQUITY,INCLUDE
A8G.AX,Australasian Metals Limited,Basic Materials,Gold,EQUITY,INCLUDE
AA2.AX,Ariana Resources plc,Basic Materials,Gold,EQUITY,INCLUDE
AAI.AX,Alcoa Corporation,Basic Materials,Aluminum,EQUITY,INCLUDE
AAJ.AX,Aruma Resources Limited,Basic Materials,Gold,EQUITY,INCLUDE
AAM.AX,AuMEGA Metals Ltd,Basic Materials,Gold,EQUITY,INCLUDE
AAR.AX,Astral Resources NL,Basic Materials,Gold,EQUITY,INCLUDE
AAU.AX,Antilles Gold Limited,Basic Materials,Gold,EQUITY,INCLUDE
ABR.AX,Albright Metals Ltd,Basic Materials,Other Industrial Metals & Mining,EQUITY,INCLUDE
ABX.AX,ABx Group Limited,Basic Materials,Aluminum,EQUITY,INCLUDE
ACM.AX,Australian Critical Minerals Limited,Basic Materials,Other Precious Metals & Mining,EQUITY,INCLUDE
ACP.AX,Audalia Resources Limited,Basic Materials,Other Industrial Metals & Mining,EQUITY,INCLUDE
ACS.AX,Accent Resources NL,Basic Materials,Other Industrial Metals & Mining,EQUITY,INCLUDE
ADC.AX,ACDC Metals Limited,Basic Materials,Other Industrial Metals & Mining,EQUITY,INCLUDE
ADN.AX,Andromeda Metals Limited,Basic Materials,Other Industrial Metals & Mining,EQUITY,INCLUDE
ADO.AX,AnteoTech Limited,Basic Materials,Specialty Chemicals,EQUITY,INCLUDE
ADY.AX,Admiralty Resources NL,Basic Materials,Other Industrial Metals & Mining,EQUITY,INCLUDE
AEM.AX,Advanced Engineered Materials Ltd,Basic Materials,Aluminum,EQUITY,INCLUDE
AEV.AX,Avenira Limited,Basic Materials,Other Industrial Metals & Mining,EQUITY,INCLUDE
AGC.AX,Australian Gold and Copper Limited,Basic Materials,Gold,EQUITY,INCLUDE
AGD.AX,Austral Gold Limited,Basic Materials,Other Precious Metals & Mining,EQUITY,INCLUDE
AGR.AX,Aguia Resources Limited,Basic Materials,Other Industrial Metals & Mining,EQUITY,INCLUDE
AGY.AX,Argosy Minerals Limited,Basic Materials,Other Industrial Metals & Mining,EQUITY,INCLUDE
AHK.AX,Ark Mines Limited,Basic Materials,Gold,EQUITY,INCLUDE
AHN.AX,Athena Resources Limited,Basic Materials,Other Industrial Metals & Mining,EQUITY,INCLUDE
AIS.AX,Aeris Resources Limited,Basic Materials,Other Industrial Metals & Mining,EQUITY,INCLUDE
AIV.AX,ActivEX Limited,Basic Materials,Other Industrial Metals & Mining,EQUITY,INCLUDE
AJL.AX,AJ Lucas Group Limited,Basic Materials,Coking Coal,EQUITY,INCLUDE
AJX.AX,Alexium International Group Limited,Basic Materials,Specialty Chemicals,EQUITY,INCLUDE
AKA.AX,Aureka Limited,Basic Materials,Gold,EQUITY,INCLUDE
AKM.AX,Aspire Mining Limited,Basic Materials,Coking Coal,EQUITY,INCLUDE
AKN.AX,AuKing Mining Limited,Basic Materials,Other Industrial Metals & Mining,EQUITY,INCLUDE
AKO.AX,AKORA Resources Limited,Basic Materials,Other Industrial Metals & Mining,EQUITY,INCLUDE
ALB.AX,Albion Resources Limited,Basic Materials,Other Industrial Metals & Mining,EQUITY,INCLUDE
ALK.AX,Alkane Resources Ltd,Basic Materials,Gold,EQUITY,INCLUDE
ALM.AX,Alma Metals Limited,Basic Materials,Copper,EQUITY,INCLUDE
ALR.AX,Altair Minerals Limited,Basic Materials,Other Industrial Metals & Mining,EQUITY,INCLUDE
ALU.AX,Alurion Resources Limited,Basic Materials,Other Industrial Metals & Mining,EQUITY,INCLUDE
ALV.AX,Alvo Minerals Limited,Basic Materials,Other Precious Metals & Mining,EQUITY,INCLUDE
ALY.AX,Alchemy Resources Limited,Basic Materials,Gold,EQUITY,INCLUDE
AM3.AX,Amara Minerals Limited,Basic Materials,Gold,EQUITY,INCLUDE
AM5.AX,Antares Metals Limited,Basic Materials,Other Industrial Metals & Mining,EQUITY,INCLUDE
AM7.AX,Arcadia Minerals Limited,Basic Materials,Other Industrial Metals & Mining,EQUITY,INCLUDE
AMD.AX,Arrow Minerals Limited,Basic Materials,Other Industrial Metals & Mining,EQUITY,INCLUDE
AMI.AX,Aurelia Metals Limited,Basic Materials,Other Industrial Metals & Mining,EQUITY,INCLUDE
AMK.AX,Almasar Minerals Limited,Basic Materials,Gold,EQUITY,INCLUDE
AMN.AX,Agrimin Limited,Basic Materials,Other Industrial Metals & Mining,EQUITY,INCLUDE
ANO.AX,Advance ZincTek Limited,Basic Materials,Chemicals,EQUITY,INCLUDE
ANX.AX,Anax Metals Limited,Basic Materials,Other Industrial Metals & Mining,EQUITY,INCLUDE
AOA.AX,Ausmon Resources Limited,Basic Materials,Other Industrial Metals & Mining,EQUITY,INCLUDE
AON.AX,Apollo Minerals Limited,Basic Materials,Other Industrial Metals & Mining,EQUITY,INCLUDE
APC.AX,APC Minerals Limited,Basic Materials,Other Industrial Metals & Mining,EQUITY,INCLUDE
AQD.AX,AusQuest Limited,Basic Materials,Other Industrial Metals & Mining,EQUITY,INCLUDE
AQX.AX,Alice Queen Limited,Basic Materials,Other Industrial Metals & Mining,EQUITY,INCLUDE
AR1.AX,Austral Resources Australia Ltd,Basic Materials,Copper,EQUITY,INCLUDE
AR3.AX,Australian Rare Earths Limited,Basic Materials,Other Industrial Metals & Mining,EQUITY,INCLUDE
ARD.AX,Argent Minerals Limited,Basic Materials,Other Precious Metals & Mining,EQUITY,INCLUDE
ARI.AX,Arika Resources Limited,Basic Materials,Gold,EQUITY,INCLUDE
ARL.AX,Ardea Resources Limited,Basic Materials,Other Industrial Metals & Mining,EQUITY,INCLUDE
ARN.AX,Aldoro Resources Limited,Basic Materials,Other Industrial Metals & Mining,EQUITY,INCLUDE
ARO.AX,Altoro Metals Limited,Basic Materials,Other Industrial Metals & Mining,EQUITY,INCLUDE
ARR.AX,American Rare Earths Limited,Basic Materials,Other Industrial Metals & Mining,EQUITY,INCLUDE
ARU.AX,Arafura Rare Earths Limited,Basic Materials,Other Industrial Metals & Mining,EQUITY,INCLUDE
ARV.AX,Artemis Resources Limited,Basic Materials,Other Industrial Metals & Mining,EQUITY,INCLUDE
AS1.AX,Asara Resources Limited,Basic Materials,Gold,EQUITY,INCLUDE
AS2.AX,Askari Metals Limited,Basic Materials,Other Precious Metals & Mining,EQUITY,INCLUDE
ASL.AX,Andean Silver Limited,Basic Materials,Gold,EQUITY,INCLUDE
ASN.AX,Anson Resources Limited,Basic Materials,Other Industrial Metals & Mining,EQUITY,INCLUDE
ASQ.AX,Australian Silica Quartz Group Ltd.,Basic Materials,Other Industrial Metals & Mining,EQUITY,INCLUDE
AT4.AX,American Tungsten and Antimony Ltd,Basic Materials,Other Industrial Metals & Mining,EQUITY,INCLUDE
ATC.AX,Altech Batteries Limited,Basic Materials,Specialty Chemicals,EQUITY,INCLUDE
ATM.AX,PT Antam (Persero) Tbk,Basic Materials,Gold,EQUITY,INCLUDE
ATR.AX,Astron Corporation Limited,Basic Materials,Other Industrial Metals & Mining,EQUITY,INCLUDE
ATT.AX,Altitude Minerals Ltd,Basic Materials,Other Precious Metals & Mining,EQUITY,INCLUDE
AUC.AX,Ausgold Limited,Basic Materials,Gold,EQUITY,INCLUDE
AUE.AX,Aurum Resources Limited,Basic Materials,Other Industrial Metals & Mining,EQUITY,INCLUDE
AUG.AX,Augustus Minerals Ltd,Basic Materials,Other Industrial Metals & Mining,EQUITY,INCLUDE
AUQ.AX,Alara Resources Limited,Basic Materials,Other Industrial Metals & Mining,EQUITY,INCLUDE
AUR.AX,Auris Minerals Limited,Basic Materials,Other Industrial Metals & Mining,EQUITY,INCLUDE
AUV.AX,Auravelle Metals Limited,Basic Materials,Gold,EQUITY,INCLUDE
AUZ.AX,Australian Mines Limited,Basic Materials,Other Industrial Metals & Mining,EQUITY,INCLUDE
AVL.AX,Australian Vanadium Limited,Basic Materials,Other Industrial Metals & Mining,EQUITY,INCLUDE
AVM.AX,Advance Metals Limited,Basic Materials,Coking Coal,EQUITY,INCLUDE
AVW.AX,Avira Resources Limited,Basic Materials,Other Precious Metals & Mining,EQUITY,INCLUDE
AW1.AX,American West Metals Limited,Basic Materials,Other Industrial Metals & Mining,EQUITY,INCLUDE
AWJ.AX,Auric Mining Limited,Basic Materials,Gold,EQUITY,INCLUDE
AX8.AX,Accelerate Resources Limited,Basic Materials,Other Industrial Metals & Mining,EQUITY,INCLUDE
AXL.AX,Axel REE Limited,Basic Materials,Other Industrial Metals & Mining,EQUITY,INCLUDE
AXN.AX,Alliance Nickel Limited,Basic Materials,Other Industrial Metals & Mining,EQUITY,INCLUDE
AXR.AX,Axiant Resources Limited,Basic Materials,Gold,EQUITY,INCLUDE
AYM.AX,Australia United Mining Limited,Basic Materials,Gold,EQUITY,INCLUDE
AYT.AX,Austin Metals Limited,Basic Materials,Other Industrial Metals & Mining,EQUITY,INCLUDE
AZ9.AX,Azzuro Resources PLC,Basic Materials,Other Industrial Metals & Mining,EQUITY,INCLUDE
AZI.AX,Altamin Limited,Basic Materials,Other Industrial Metals & Mining,EQUITY,INCLUDE
AZY.AX,Antipa Minerals Limited,Basic Materials,Other Precious Metals & Mining,EQUITY,INCLUDE
BAK.AX,Barkly Rare Earths Limited,Basic Materials,Other Industrial Metals & Mining,EQUITY,INCLUDE
BC8.AX,Black Cat Syndicate Limited,Basic Materials,Gold,EQUITY,INCLUDE
BCA.AX,Black Canyon Limited,Basic Materials,Other Industrial Metals & Mining,EQUITY,INCLUDE
BCI.AX,BCI Minerals Limited,Basic Materials,Steel,EQUITY,INCLUDE
BCK.AX,Brockman Mining Limited,Basic Materials,Steel,EQUITY,INCLUDE
BCM.AX,Brazilian Critical Minerals Limited,Basic Materials,Gold,EQUITY,INCLUDE
BCN.AX,Beacon Minerals Limited,Basic Materials,Gold,EQUITY,INCLUDE
BDM.AX,Burgundy Diamond Mines Limited,Basic Materials,Other Precious Metals & Mining,EQUITY,INCLUDE
BEZ.AX,Besra Gold Inc.,Basic Materials,Gold,EQUITY,INCLUDE
BGD.AX,Barton Gold Holdings Limited,Basic Materials,Gold,EQUITY,INCLUDE
BGL.AX,Bellevue Gold Limited,Basic Materials,Gold,EQUITY,INCLUDE
BH6.AX,Broken Hill Gold Ltd.,Basic Materials,Gold,EQUITY,INCLUDE
BHL.AX,Black Horse Mining Limited,Basic Materials,Gold,EQUITY,INCLUDE
BHM.AX,Broken Hill Mines Limited,Basic Materials,Other Precious Metals & Mining,EQUITY,INCLUDE
BHP.AX,BHP Group Limited,Basic Materials,Other Industrial Metals & Mining,EQUITY,INCLUDE
BIM.AX,Bindi Metals Limited,Basic Materials,Other Precious Metals & Mining,EQUITY,INCLUDE
BIS.AX,Bisalloy Steel Group Limited,Basic Materials,Steel,EQUITY,INCLUDE
BKB.AX,Black Bear Minerals Limited,Basic Materials,Other Precious Metals & Mining,EQUITY,INCLUDE
BKT.AX,Black Rock Mining Limited,Basic Materials,Other Industrial Metals & Mining,EQUITY,INCLUDE
BLZ.AX,Blaze Minerals Limited,Basic Materials,Other Industrial Metals & Mining,EQUITY,INCLUDE
BM1.AX,Ballard Mining Limited,Basic Materials,Gold,EQUITY,INCLUDE
BM8.AX,Battery Age Minerals Ltd,Basic Materials,Other Industrial Metals & Mining,EQUITY,INCLUDE
BMC.AX,BMC Minerals Limited,Basic Materials,Other Industrial Metals & Mining,EQUITY,INCLUDE
BMH.AX,Baumart Holdings Limited,Basic Materials,Building Materials,EQUITY,INCLUDE
BML.AX,Boab Metals Limited,Basic Materials,Other Industrial Metals & Mining,EQUITY,INCLUDE
BMM.AX,Bayan Mining and Minerals Limited,Basic Materials,Other Industrial Metals & Mining,EQUITY,INCLUDE
BMR.AX,Ballymore Resources Limited,Basic Materials,Other Precious Metals & Mining,EQUITY,INCLUDE
BNR.AX,Bulletin Resources Limited,Basic Materials,Gold,EQUITY,INCLUDE
BNZ.AX,Benz Mining Corp.,Basic Materials,Other Industrial Metals & Mining,EQUITY,INCLUDE
BOA.AX,BOA Resources Limited,Basic Materials,Other Industrial Metals & Mining,EQUITY,INCLUDE
BOC.AX,Bougainville Copper Limited,Basic Materials,Other Precious Metals & Mining,EQUITY,INCLUDE
BPM.AX,BPM Minerals Limited,Basic Materials,Other Precious Metals & Mining,EQUITY,INCLUDE
BRE.AX,Brazilian Rare Earths Limited,Basic Materials,Other Precious Metals & Mining,EQUITY,INCLUDE
BRI.AX,Big River Industries Limited,Basic Materials,Lumber & Wood Production,EQUITY,INCLUDE
BRL.AX,Bathurst Resources Limited,Basic Materials,Coking Coal,EQUITY,INCLUDE
BRY.AX,Barys Resources Limited,Basic Materials,Other Industrial Metals & Mining,EQUITY,INCLUDE
BSL.AX,BlueScope Steel Limited,Basic Materials,Steel,EQUITY,INCLUDE
BSR.AX,Bison Resources Limited,Basic Materials,Gold,EQUITY,INCLUDE
BSX.AX,Blackstone Minerals Limited,Basic Materials,Other Industrial Metals & Mining,EQUITY,INCLUDE
BTM.AX,Breakthrough Minerals Limited,Basic Materials,Other Industrial Metals & Mining,EQUITY,INCLUDE
BTR.AX,Brightstar Resources Limited,Basic Materials,Gold,EQUITY,INCLUDE
BUR.AX,Burley Minerals Ltd,Basic Materials,Other Industrial Metals & Mining,EQUITY,INCLUDE
BUS.AX,Bubalus Resources Limited,Basic Materials,Other Industrial Metals & Mining,EQUITY,INCLUDE
BUX.AX,Buxton Resources Limited,Basic Materials,Other Industrial Metals & Mining,EQUITY,INCLUDE
BVR.AX,Bellavista Resources Limited,Basic Materials,Other Industrial Metals & Mining,EQUITY,INCLUDE
C29.AX,C29 Metals Limited,Basic Materials,Other Industrial Metals & Mining,EQUITY,INCLUDE
C7A.AX,Clara Resources Australia Ltd,Basic Materials,Other Industrial Metals & Mining,EQUITY,INCLUDE
CAA.AX,Capral Limited,Basic Materials,Aluminum,EQUITY,INCLUDE
CAE.AX,Cannindah Resources Limited,Basic Materials,Other Precious Metals & Mining,EQUITY,INCLUDE
CAV.AX,Carnavale Resources Limited,Basic Materials,Other Industrial Metals & Mining,EQUITY,INCLUDE
CAY.AX,Canyon Resources Limited,Basic Materials,Other Industrial Metals & Mining,EQUITY,INCLUDE
CAZ.AX,Cazaly Resources Limited,Basic Materials,Other Industrial Metals & Mining,EQUITY,INCLUDE
CBE.AX,Cobre Limited,Basic Materials,Other Industrial Metals & Mining,EQUITY,INCLUDE
CBY.AX,Canterbury Resources Limited,Basic Materials,Other Precious Metals & Mining,EQUITY,INCLUDE
CC9.AX,Chariot Resources Ltd,Basic Materials,Other Industrial Metals & Mining,EQUITY,INCLUDE
CCM.AX,Cadoux Limited,Basic Materials,Other Industrial Metals & Mining,EQUITY,INCLUDE
CDR.AX,Codrus Minerals Limited,Basic Materials,Gold,EQUITY,INCLUDE
CDT.AX,Castle Minerals Limited,Basic Materials,Gold,EQUITY,INCLUDE
CEL.AX,Challenger Gold Limited,Basic Materials,Other Precious Metals & Mining,EQUITY,INCLUDE
CG1.AX,Carbonxt Group Limited,Basic Materials,Specialty Chemicals,EQUITY,INCLUDE
CGR.AX,CGN Resources Limited,Basic Materials,Other Industrial Metals & Mining,EQUITY,INCLUDE
CHN.AX,Chalice Mining Limited,Basic Materials,Other Industrial Metals & Mining,EQUITY,INCLUDE
CHR.AX,Charger Metals NL,Basic Materials,Other Industrial Metals & Mining,EQUITY,INCLUDE
CHRCB.AX,Charger Metals NL,Basic Materials,Other Industrial Metals & Mining,EQUITY,INCLUDE
CHW.AX,Chilwa Minerals Limited,Basic Materials,Other Industrial Metals & Mining,EQUITY,INCLUDE
CIA.AX,Champion Iron Limited,Basic Materials,Steel,EQUITY,INCLUDE
CKA.AX,Cokal Limited,Basic Materials,Coking Coal,EQUITY,INCLUDE
CLA.AX,Celsius Resources Limited,Basic Materials,Other Industrial Metals & Mining,EQUITY,INCLUDE
CLZ.AX,Classic Minerals Limited,Basic Materials,Other Industrial Metals & Mining,EQUITY,INCLUDE
CMD.AX,Cassius Mining Limited,Basic Materials,Other Industrial Metals & Mining,EQUITY,INCLUDE
CMG.AX,Critical Minerals Group Limited,Basic Materials,Other Industrial Metals & Mining,EQUITY,INCLUDE
CML.AX,Connected Minerals Limited,Basic Materials,Other Industrial Metals & Mining,EQUITY,INCLUDE
CMM.AX,Capricorn Metals Ltd,Basic Materials,Gold,EQUITY,INCLUDE
CMO.AX,Cosmo Metals Limited,Basic Materials,Other Industrial Metals & Mining,EQUITY,INCLUDE
CNB.AX,Carnaby Resources Limited,Basic Materials,Other Precious Metals & Mining,EQUITY,INCLUDE
CNJ.AX,Conico Ltd,Basic Materials,Other Industrial Metals & Mining,EQUITY,INCLUDE
COB.AX,Cobalt Blue Holdings Limited,Basic Materials,Other Industrial Metals & Mining,EQUITY,INCLUDE
COD.AX,Coda Minerals Limited,Basic Materials,Other Industrial Metals & Mining,EQUITY,INCLUDE
COY.AX,Coppermoly Limited,Basic Materials,Other Precious Metals & Mining,EQUITY,INCLUDE
CP8.AX,Canadian Phosphate Limited,Basic Materials,Agricultural Inputs,EQUITY,INCLUDE
CPM.AX,Cooper Metals Limited,Basic Materials,Other Industrial Metals & Mining,EQUITY,INCLUDE
CPN.AX,Caspin Resources Limited,Basic Materials,Other Industrial Metals & Mining,EQUITY,INCLUDE
CPO.AX,Culpeo Minerals Limited,Basic Materials,Copper,EQUITY,INCLUDE
CR1.AX,Constellation Resources Limited,Basic Materials,Other Industrial Metals & Mining,EQUITY,INCLUDE
CR3.AX,Core Energy Minerals Ltd,Basic Materials,Other Industrial Metals & Mining,EQUITY,INCLUDE
CRB.AX,Carbine Resources Limited,Basic Materials,Other Industrial Metals & Mining,EQUITY,INCLUDE
CRI.AX,Critica Limited,Basic Materials,Other Industrial Metals & Mining,EQUITY,INCLUDE
CRN.AX,Coronado Global Resources Inc.,Basic Materials,Coking Coal,EQUITY,INCLUDE
CRR.AX,Critical Resources Limited,Basic Materials,Other Industrial Metals & Mining,EQUITY,INCLUDE
CRS.AX,Caprice Resources Limited,Basic Materials,Other Industrial Metals & Mining,EQUITY,INCLUDE
CSC.AX,Capstone Copper Corp.,Basic Materials,Copper,EQUITY,INCLUDE
CST.AX,Castile Resources Limited,Basic Materials,Other Industrial Metals & Mining,EQUITY,INCLUDE
CTM.AX,Centaurus Metals Limited,Basic Materials,Other Industrial Metals & Mining,EQUITY,INCLUDE
CTN.AX,Catalina Resources Ltd,Basic Materials,Gold,EQUITY,INCLUDE
CTO.AX,Citigold Corporation Limited,Basic Materials,Gold,EQUITY,INCLUDE
CUF.AX,CuFe Ltd,Basic Materials,Other Industrial Metals & Mining,EQUITY,INCLUDE
CUL.AX,Cullen Resources Limited,Basic Materials,Other Industrial Metals & Mining,EQUITY,INCLUDE
CVR.AX,Cavalier Resources Ltd,Basic Materials,Gold,EQUITY,INCLUDE
CVV.AX,Caravel Minerals Limited,Basic Materials,Copper,EQUITY,INCLUDE
CXL.AX,Calix Limited,Basic Materials,Specialty Chemicals,EQUITY,INCLUDE
CXO.AX,Core Lithium Ltd,Basic Materials,Other Industrial Metals & Mining,EQUITY,INCLUDE
CXU.AX,Cauldron Energy Limited,Basic Materials,Other Industrial Metals & Mining,EQUITY,INCLUDE
CY5.AX,Cygnus Metals Limited,Basic Materials,Other Industrial Metals & Mining,EQUITY,INCLUDE
CYL.AX,Catalyst Metals Limited,Basic Materials,Gold,EQUITY,INCLUDE
CYM.AX,Cyprium Metals Limited,Basic Materials,Copper,EQUITY,INCLUDE
CZN.AX,Corazon Mining Limited,Basic Materials,Other Industrial Metals & Mining,EQUITY,INCLUDE
CZR.AX,CZR Resources Ltd,Basic Materials,Other Industrial Metals & Mining,EQUITY,INCLUDE
DAF.AX,Discovery Alaska Limited,Basic Materials,Gold,EQUITY,INCLUDE
DAL.AX,Dalaroo Metals Ltd,Basic Materials,Other Industrial Metals & Mining,EQUITY,INCLUDE
DBO.AX,Diablo Resources Limited,Basic Materials,Gold,EQUITY,INCLUDE
DES.AX,DeSoto Resources Limited,Basic Materials,Other Industrial Metals & Mining,EQUITY,INCLUDE
DGL.AX,DGL Group Limited,Basic Materials,Specialty Chemicals,EQUITY,INCLUDE
DGR.AX,DGR Global Limited,Basic Materials,Other Industrial Metals & Mining,EQUITY,INCLUDE
DKM.AX,Duketon Mining Limited,Basic Materials,Other Industrial Metals & Mining,EQUITY,INCLUDE
DLI.AX,Delta Lithium Limited,Basic Materials,Gold,EQUITY,INCLUDE
DLY.AX,Daly Resources Ltd,Basic Materials,Other Industrial Metals & Mining,EQUITY,INCLUDE
DM1.AX,Desert Metals Limited,Basic Materials,Other Industrial Metals & Mining,EQUITY,INCLUDE
DME.AX,Dome Gold Mines Ltd,Basic Materials,Other Industrial Metals & Mining,EQUITY,INCLUDE
DNL.AX,Dyno Nobel Limited,Basic Materials,Specialty Chemicals,EQUITY,INCLUDE
DPM.AX,DPM Metals Inc.,Basic Materials,Gold,EQUITY,INCLUDE
DRE.AX,Dreadnought Resources Limited,Basic Materials,Other Industrial Metals & Mining,EQUITY,INCLUDE
DRR.AX,Deterra Royalties Limited,Basic Materials,Other Industrial Metals & Mining,EQUITY,INCLUDE
DRX.AX,Diatreme Resources Limited,Basic Materials,Other Industrial Metals & Mining,EQUITY,INCLUDE
DSM.AX,Desert Minerals Limited,Basic Materials,Gold,EQUITY,INCLUDE
DTM.AX,Dart Mining NL,Basic Materials,Other Industrial Metals & Mining,EQUITY,INCLUDE
DTR.AX,Dateline Resources Limited,Basic Materials,Gold,EQUITY,INCLUDE
DTZ.AX,Dotz Nano Limited,Basic Materials,Specialty Chemicals,EQUITY,INCLUDE
DUN.AX,Dundas Minerals Limited,Basic Materials,Other Precious Metals & Mining,EQUITY,INCLUDE
DVP.AX,Develop Global Limited,Basic Materials,Other Industrial Metals & Mining,EQUITY,INCLUDE
DYM.AX,Dynamic Metals Limited,Basic Materials,Other Industrial Metals & Mining,EQUITY,INCLUDE
E25.AX,Element 25 Limited,Basic Materials,Other Industrial Metals & Mining,EQUITY,INCLUDE
E79.AX,E79 Gold Mines Limited,Basic Materials,Gold,EQUITY,INCLUDE
EAU.AX,EAU Lithium Limited,Basic Materials,Other Precious Metals & Mining,EQUITY,INCLUDE
EE1.AX,Earths Energy Limited,Basic Materials,Other Industrial Metals & Mining,EQUITY,INCLUDE
EFE.AX,Eastern Resources Limited,Basic Materials,Other Industrial Metals & Mining,EQUITY,INCLUDE
EFR.AX,Everflow Resources Limited,Basic Materials,Gold,EQUITY,INCLUDE
EG1.AX,Evergold Minerals Limited,Basic Materials,Other Industrial Metals & Mining,EQUITY,INCLUDE
EGR.AX,EcoGraf Limited,Basic Materials,Other Industrial Metals & Mining,EQUITY,INCLUDE
ELK.AX,Elk Range Mining Limited,Basic Materials,Gold,EQUITY,INCLUDE
ELT.AX,Elementos Limited,Basic Materials,Other Industrial Metals & Mining,EQUITY,INCLUDE
ELV.AX,Elevra Lithium Limited,Basic Materials,Other Industrial Metals & Mining,EQUITY,INCLUDE
EM2.AX,Eagle Mountain Mining Limited,Basic Materials,Other Industrial Metals & Mining,EQUITY,INCLUDE
EM3.AX,EMC Gold Corporation,Basic Materials,Gold,EQUITY,INCLUDE
EMA.AX,Eminence Minerals Limited,Basic Materials,Other Industrial Metals & Mining,EQUITY,INCLUDE
EMC.AX,Everest Metals Corporation Ltd,Basic Materials,Other Industrial Metals & Mining,EQUITY,INCLUDE
EMH.AX,European Metals Holdings Limited,Basic Materials,Other Industrial Metals & Mining,EQUITY,INCLUDE
EMN.AX,Euro Manganese Inc.,Basic Materials,Other Industrial Metals & Mining,EQUITY,INCLUDE
EMR.AX,Emerald Resources NL,Basic Materials,Gold,EQUITY,INCLUDE
EMT.AX,eMetals Limited,Basic Materials,Other Industrial Metals & Mining,EQUITY,INCLUDE
EMU.AX,Emu NL,Basic Materials,Other Industrial Metals & Mining,EQUITY,INCLUDE
ENR.AX,Encounter Resources Limited,Basic Materials,Other Industrial Metals & Mining,EQUITY,INCLUDE
ENT.AX,Enterprise Metals Limited,Basic Materials,Other Industrial Metals & Mining,EQUITY,INCLUDE
ENV.AX,Enova Mining Limited,Basic Materials,Other Industrial Metals & Mining,EQUITY,INCLUDE
EPM.AX,Eclipse Metals Limited,Basic Materials,Other Industrial Metals & Mining,EQUITY,INCLUDE
EQR.AX,EQ Resources Limited,Basic Materials,Other Industrial Metals & Mining,EQUITY,INCLUDE
EQX.AX,Equatorial Resources Limited,Basic Materials,Steel,EQUITY,INCLUDE
ERE.AX,European Resources Limited,Basic Materials,Other Precious Metals & Mining,EQUITY,INCLUDE
ERL.AX,Empire Resources Limited,Basic Materials,Other Precious Metals & Mining,EQUITY,INCLUDE
ESR.AX,Estrella Resources Limited,Basic Materials,Other Industrial Metals & Mining,EQUITY,INCLUDE
ETM.AX,Energy Transition Minerals Ltd,Basic Materials,Other Industrial Metals & Mining,EQUITY,INCLUDE
EUR.AX,European Lithium Limited,Basic Materials,Other Industrial Metals & Mining,EQUITY,INCLUDE
EV1.AX,Evolution Energy Minerals Limited,Basic Materials,Other Industrial Metals & Mining,EQUITY,INCLUDE
EVG.AX,Evion Group NL,Basic Materials,Other Industrial Metals & Mining,EQUITY,INCLUDE
EVN.AX,Evolution Mining Limited,Basic Materials,Gold,EQUITY,INCLUDE
EVRDD.AX,EVRESOURCE DEF SET [EVRDD],Basic Materials,Other Industrial Metals & Mining,EQUITY,INCLUDE
FAL.AX,Falcon Metals Limited,Basic Materials,Gold,EQUITY,INCLUDE
FAU.AX,First Au Limited,Basic Materials,Gold,EQUITY,INCLUDE
FBU.AX,Fletcher Building Limited,Basic Materials,Building Materials,EQUITY,INCLUDE
FEG.AX,Far East Gold Limited,Basic Materials,Other Precious Metals & Mining,EQUITY,INCLUDE
FEX.AX,Fenix Resources Limited,Basic Materials,Steel,EQUITY,INCLUDE
FFM.AX,FireFly Metals Ltd,Basic Materials,Other Industrial Metals & Mining,EQUITY,INCLUDE
FG1.AX,Flynn Gold Limited,Basic Materials,Gold,EQUITY,INCLUDE
FGH.AX,Foresta Group Holding Limited,Basic Materials,Specialty Chemicals,EQUITY,INCLUDE
FGR.AX,First Graphene Limited,Basic Materials,Chemicals,EQUITY,INCLUDE
FHS.AX,Freehill Mining Limited,Basic Materials,Other Industrial Metals & Mining,EQUITY,INCLUDE
FIN.AX,Fin Resources Limited,Basic Materials,Other Industrial Metals & Mining,EQUITY,INCLUDE
FL1.AX,First Lithium Limited,Basic Materials,Other Industrial Metals & Mining,EQUITY,INCLUDE
FLG.AX,Flagship Minerals Limited,Basic Materials,Other Industrial Metals & Mining,EQUITY,INCLUDE
FME.AX,Future Metals NL,Basic Materials,Other Precious Metals & Mining,EQUITY,INCLUDE
FMG.AX,Fortescue Ltd,Basic Materials,Other Industrial Metals & Mining,EQUITY,INCLUDE
FML.AX,Focus Minerals Limited,Basic Materials,Gold,EQUITY,INCLUDE
FMN.AX,Famien Resources Limited,Basic Materials,Other Industrial Metals & Mining,EQUITY,INCLUDE
FNR.AX,Far Northern Resources Limited,Basic Materials,Gold,EQUITY,INCLUDE
FRB.AX,Firebird Metals Limited,Basic Materials,Other Industrial Metals & Mining,EQUITY,INCLUDE
FRS.AX,Forrestania Resources Limited,Basic Materials,Other Precious Metals & Mining,EQUITY,INCLUDE
FUL.AX,Fulcrum Lithium Ltd,Basic Materials,Other Industrial Metals & Mining,EQUITY,INCLUDE
FUN.AX,Fortuna Metals Limited,Basic Materials,Other Industrial Metals & Mining,EQUITY,INCLUDE
FXG.AX,Felix Gold Limited,Basic Materials,Gold,EQUITY,INCLUDE
G11.AX,G11 Resources Limited,Basic Materials,Other Industrial Metals & Mining,EQUITY,INCLUDE
G50.AX,G50 Corp Limited,Basic Materials,Other Precious Metals & Mining,EQUITY,INCLUDE
G6M.AX,Group 6 Metals Limited,Basic Materials,Other Industrial Metals & Mining,EQUITY,INCLUDE
G88.AX,Golden Mile Resources Limited,Basic Materials,Other Industrial Metals & Mining,EQUITY,INCLUDE
GA8.AX,GoldArc Resources Limited,Basic Materials,Gold,EQUITY,INCLUDE
GAL.AX,Galileo Mining Ltd,Basic Materials,Other Industrial Metals & Mining,EQUITY,INCLUDE
GBE.AX,Globe Metals & Mining Limited,Basic Materials,Other Industrial Metals & Mining,EQUITY,INCLUDE
GBL.AX,Great Bear Exploration Ltd,Basic Materials,Other Precious Metals & Mining,EQUITY,INCLUDE
GBM.AX,GBM Resources Limited,Basic Materials,Gold,EQUITY,INCLUDE
GBR.AX,Great Boulder Resources Limited,Basic Materials,Other Industrial Metals & Mining,EQUITY,INCLUDE
GCR.AX,Golden Cross Resources Limited,Basic Materials,Other Precious Metals & Mining,EQUITY,INCLUDE
GDM.AX,Great Divide Mining Ltd,Basic Materials,Gold,EQUITY,INCLUDE
GDR.AX,Golden Dragon Mining Ltd,Basic Materials,Other Industrial Metals & Mining,EQUITY,INCLUDE
GED.AX,Golden Deeps Limited,Basic Materials,Other Industrial Metals & Mining,EQUITY,INCLUDE
GEN.AX,Genmin Limited,Basic Materials,Other Industrial Metals & Mining,EQUITY,INCLUDE
GES.AX,Genesis Resources Limited,Basic Materials,Other Industrial Metals & Mining,EQUITY,INCLUDE
GG1.AX,Green & Gold Minerals Limited,Basic Materials,Gold,EQUITY,INCLUDE
GG8.AX,Gorilla Gold Mines Ltd,Basic Materials,Gold,EQUITY,INCLUDE
GGM.AX,Global Gold Mining Limited,Basic Materials,Gold,EQUITY,INCLUDE
GGP.AX,Greatland Resources Limited,Basic Materials,Gold,EQUITY,INCLUDE
GGR.AX,Golden Globe Resources Ltd,Basic Materials,Other Precious Metals & Mining,EQUITY,INCLUDE
GHM.AX,Golden Horse Minerals Limited,Basic Materials,Gold,EQUITY,INCLUDE
GIB.AX,Gibb River Diamonds Limited,Basic Materials,Other Precious Metals & Mining,EQUITY,INCLUDE
GL1.AX,Global Lithium Resources Limited,Basic Materials,Other Industrial Metals & Mining,EQUITY,INCLUDE
GLN.AX,Galan Lithium Limited,Basic Materials,Other Industrial Metals & Mining,EQUITY,INCLUDE
GMD.AX,Genesis Minerals Limited,Basic Materials,Gold,EQUITY,INCLUDE
GML.AX,Gateway Mining Limited,Basic Materials,Gold,EQUITY,INCLUDE
GMN.AX,Gold Mountain Limited,Basic Materials,Gold,EQUITY,INCLUDE
GNG.AX,GR Engineering Services Limited,Basic Materials,Other Industrial Metals & Mining,EQUITY,INCLUDE
GNM.AX,Great Northern Minerals Limited,Basic Materials,Gold,EQUITY,INCLUDE
GPR.AX,Geopacific Resources Limited,Basic Materials,Gold,EQUITY,INCLUDE
GR8.AX,Great Dirt Resources Ltd,Basic Materials,Other Industrial Metals & Mining,EQUITY,INCLUDE
GRE.AX,GreenTech Metals Limited,Basic Materials,Other Industrial Metals & Mining,EQUITY,INCLUDE
GRR.AX,Grange Resources Limited,Basic Materials,Steel,EQUITY,INCLUDE
GRS.AX,Gwardar Resources Limited,Basic Materials,Gold,EQUITY,INCLUDE
GRX.AX,GreenX Metals Limited,Basic Materials,Copper,EQUITY,INCLUDE
GSM.AX,Golden State Mining Limited,Basic Materials,Gold,EQUITY,INCLUDE
GSN.AX,Great Southern Mining Limited,Basic Materials,Other Precious Metals & Mining,EQUITY,INCLUDE
GT1.AX,Green Technology Metals Limited,Basic Materials,Other Industrial Metals & Mining,EQUITY,INCLUDE
GTE.AX,Great Western Exploration Limited,Basic Materials,Other Industrial Metals & Mining,EQUITY,INCLUDE
GUL.AX,Gullewa Limited,Basic Materials,Gold,EQUITY,INCLUDE
GW1.AX,Greenwing Resources Ltd,Basic Materials,Other Industrial Metals & Mining,EQUITY,INCLUDE
GWR.AX,GWR Group Limited,Basic Materials,Steel,EQUITY,INCLUDE
HAR.AX,Haranga Resources Limited,Basic Materials,Other Precious Metals & Mining,EQUITY,INCLUDE
HAS.AX,Hastings Technology Metals Limited,Basic Materials,Other Industrial Metals & Mining,EQUITY,INCLUDE
HAV.AX,Havilah Resources Limited,Basic Materials,Gold,EQUITY,INCLUDE
HAW.AX,Hawthorn Resources Limited,Basic Materials,Gold,EQUITY,INCLUDE
HCH.AX,Hot Chili Limited,Basic Materials,Copper,EQUITY,INCLUDE
HFR.AX,Highfield Resources Limited,Basic Materials,Agricultural Inputs,EQUITY,INCLUDE
HIO.AX,Hawsons Iron Limited,Basic Materials,Other Industrial Metals & Mining,EQUITY,INCLUDE
HLX.AX,Helix Resources Limited,Basic Materials,Other Industrial Metals & Mining,EQUITY,INCLUDE
HMG.AX,Hamelin Gold Limited,Basic Materials,Gold,EQUITY,INCLUDE
HMX.AX,Hammer Metals Limited,Basic Materials,Other Precious Metals & Mining,EQUITY,INCLUDE
HOR.AX,Horseshoe Metals Limited,Basic Materials,Other Industrial Metals & Mining,EQUITY,INCLUDE
HRN.AX,Horizon Gold Limited,Basic Materials,Gold,EQUITY,INCLUDE
HTM.AX,High-Tech Metals Limited,Basic Materials,Other Industrial Metals & Mining,EQUITY,INCLUDE
HVY.AX,Heavy Minerals Limited,Basic Materials,Other Industrial Metals & Mining,EQUITY,INCLUDE
HWK.AX,Hawk Resources Limited,Basic Materials,Other Industrial Metals & Mining,EQUITY,INCLUDE
HZR.AX,Hazer Group Limited,Basic Materials,Chemicals,EQUITY,INCLUDE
I88.AX,Infini Resources Limited,Basic Materials,Other Industrial Metals & Mining,EQUITY,INCLUDE
IBR.AX,Iron Bear Resources Ltd,Basic Materials,Other Industrial Metals & Mining,EQUITY,INCLUDE
ICL.AX,Iceni Gold Limited,Basic Materials,Gold,EQUITY,INCLUDE
IDA.AX,Indiana Resources Limited,Basic Materials,Other Precious Metals & Mining,EQUITY,INCLUDE
IG6.AX,International Graphite Limited,Basic Materials,Other Industrial Metals & Mining,EQUITY,INCLUDE
IGO.AX,IGO Limited,Basic Materials,Other Industrial Metals & Mining,EQUITY,INCLUDE
ILT.AX,Iltani Resources Limited,Basic Materials,Other Precious Metals & Mining,EQUITY,INCLUDE
ILU.AX,Iluka Resources Limited,Basic Materials,Other Industrial Metals & Mining,EQUITY,INCLUDE
IMA.AX,Image Resources NL,Basic Materials,Other Industrial Metals & Mining,EQUITY,INCLUDE
IMI.AX,Infinity Mining Limited,Basic Materials,Other Industrial Metals & Mining,EQUITY,INCLUDE
IND.AX,Industrial Minerals Ltd,Basic Materials,Other Industrial Metals & Mining,EQUITY,INCLUDE
INF.AX,Infinity Metals Limited,Basic Materials,Other Precious Metals & Mining,EQUITY,INCLUDE
INR.AX,ioneer Ltd,Basic Materials,Other Industrial Metals & Mining,EQUITY,INCLUDE
ION.AX,Iondrive Limited,Basic Materials,Gold,EQUITY,INCLUDE
IPT.AX,Impact Minerals Limited,Basic Materials,Other Industrial Metals & Mining,EQUITY,INCLUDE
IPX.AX,IperionX Limited,Basic Materials,Other Industrial Metals & Mining,EQUITY,INCLUDE
IRD.AX,Iron Road Limited,Basic Materials,Steel,EQUITY,INCLUDE
ITM.AX,iTech Minerals Ltd,Basic Materials,Other Industrial Metals & Mining,EQUITY,INCLUDE
IVG.AX,InVert Graphite Ltd,Basic Materials,Other Industrial Metals & Mining,EQUITY,INCLUDE
IVR.AX,Investigator Silver Limited,Basic Materials,Other Precious Metals & Mining,EQUITY,INCLUDE
IXR.AX,Ionic Rare Earths Limited,Basic Materials,Other Industrial Metals & Mining,EQUITY,INCLUDE
JAL.AX,Jameson Resources Limited,Basic Materials,Coking Coal,EQUITY,INCLUDE
JAV.AX,Javelin Minerals Limited,Basic Materials,Other Industrial Metals & Mining,EQUITY,INCLUDE
JHX.AX,James Hardie Industries plc,Basic Materials,Building Materials,EQUITY,INCLUDE
JLL.AX,Jindalee Lithium Limited,Basic Materials,Other Industrial Metals & Mining,EQUITY,INCLUDE
JMS.AX,Jupiter Mines Limited,Basic Materials,Other Industrial Metals & Mining,EQUITY,INCLUDE
JNO.AX,Juno Minerals Limited,Basic Materials,Other Industrial Metals & Mining,EQUITY,INCLUDE
KAL.AX,Kalgoorlie Gold Mining Limited,Basic Materials,Gold,EQUITY,INCLUDE
KAN.AX,Kantra Copper Ltd,Basic Materials,Copper,EQUITY,INCLUDE
KAO.AX,Kaoko Metals Limited,Basic Materials,Copper,EQUITY,INCLUDE
KAU.AX,Kaiser Reef Limited,Basic Materials,Gold,EQUITY,INCLUDE
KCC.AX,Kincora Copper Limited,Basic Materials,Copper,EQUITY,INCLUDE
KCN.AX,Kingsgate Consolidated Limited,Basic Materials,Gold,EQUITY,INCLUDE
KFM.AX,Kingfisher Mining Limited,Basic Materials,Other Precious Metals & Mining,EQUITY,INCLUDE
KGL.AX,KGL Resources Limited,Basic Materials,Other Industrial Metals & Mining,EQUITY,INCLUDE
KLI.AX,Killi Resources Limited,Basic Materials,Other Industrial Metals & Mining,EQUITY,INCLUDE
KLR.AX,Kaili Resources Limited,Basic Materials,Other Industrial Metals & Mining,EQUITY,INCLUDE
KM1.AX,Kali Metals Limited,Basic Materials,Other Industrial Metals & Mining,EQUITY,INCLUDE
KNB.AX,Koonenberry Gold Limited,Basic Materials,Gold,EQUITY,INCLUDE
KNG.AX,Kingsland Minerals Ltd,Basic Materials,Other Industrial Metals & Mining,EQUITY,INCLUDE
KNI.AX,Kuniko Limited,Basic Materials,Other Industrial Metals & Mining,EQUITY,INCLUDE
KOB.AX,Koba Resources Limited,Basic Materials,Other Precious Metals & Mining,EQUITY,INCLUDE
KP2.AX,Kore Potash plc,Basic Materials,Other Industrial Metals & Mining,EQUITY,INCLUDE
KRM.AX,Kingsrose Mining Limited,Basic Materials,Other Industrial Metals & Mining,EQUITY,INCLUDE
KRR.AX,King River Resources Limited,Basic Materials,Other Industrial Metals & Mining,EQUITY,INCLUDE
KSN.AX,Kingston Resources Limited,Basic Materials,Gold,EQUITY,INCLUDE
KTA.AX,Krakatoa Resources Limited,Basic Materials,Gold,EQUITY,INCLUDE
KZR.AX,Kalamazoo Resources Limited,Basic Materials,Gold,EQUITY,INCLUDE
L1M.AX,Lightning Minerals Ltd,Basic Materials,Other Industrial Metals & Mining,EQUITY,INCLUDE
LAC.AX,Lac Gold Limited,Basic Materials,Gold,EQUITY,INCLUDE
LAT.AX,Latitude 66 Limited,Basic Materials,Gold,EQUITY,INCLUDE
LCL.AX,LCL Resources Limited,Basic Materials,Other Precious Metals & Mining,EQUITY,INCLUDE
LCY.AX,Legacy Iron Ore Limited,Basic Materials,Gold,EQUITY,INCLUDE
LDR.AX,Lode Resources Ltd,Basic Materials,Other Precious Metals & Mining,EQUITY,INCLUDE
LEG.AX,Legend Mining Limited,Basic Materials,Other Industrial Metals & Mining,EQUITY,INCLUDE
LEL.AX,LE Minerals Limited,Basic Materials,Other Industrial Metals & Mining,EQUITY,INCLUDE
LEX.AX,Lefroy Exploration Limited,Basic Materials,Other Industrial Metals & Mining,EQUITY,INCLUDE
LFT.AX,Li-FT Power Ltd.,Basic Materials,Other Industrial Metals & Mining,EQUITY,INCLUDE
LGM.AX,Legacy Minerals Holdings Limited,Basic Materials,Other Industrial Metals & Mining,EQUITY,INCLUDE
LIB.AX,Liberty Metals Ltd,Basic Materials,Other Industrial Metals & Mining,EQUITY,INCLUDE
LIN.AX,Lindian Resources Limited,Basic Materials,Other Industrial Metals & Mining,EQUITY,INCLUDE
LKE.AX,Lake Resources NL,Basic Materials,Other Industrial Metals & Mining,EQUITY,INCLUDE
LKY.AX,Locksley Resources Limited,Basic Materials,Other Precious Metals & Mining,EQUITY,INCLUDE
LM1.AX,Leeuwin Metals Ltd,Basic Materials,Other Industrial Metals & Mining,EQUITY,INCLUDE
LM8.AX,Lunnon Metals Limited,Basic Materials,Other Industrial Metals & Mining,EQUITY,INCLUDE
LMG.AX,Latrobe Magnesium Limited,Basic Materials,Other Industrial Metals & Mining,EQUITY,INCLUDE
LML.AX,Lincoln Minerals Limited,Basic Materials,Other Industrial Metals & Mining,EQUITY,INCLUDE
LMS.AX,Litchfield Minerals Limited,Basic Materials,Other Precious Metals & Mining,EQUITY,INCLUDE
LNQ.AX,LinQ Minerals Limited,Basic Materials,Other Industrial Metals & Mining,EQUITY,INCLUDE
LOT.AX,Lotus Resources Limited,Basic Materials,Other Industrial Metals & Mining,EQUITY,INCLUDE
LPM.AX,Lithium Plus Minerals Ltd,Basic Materials,Other Industrial Metals & Mining,EQUITY,INCLUDE
LRD.AX,Lord Resources Limited,Basic Materials,Other Industrial Metals & Mining,EQUITY,INCLUDE
LRM.AX,Lion Rock Minerals Ltd,Basic Materials,Other Precious Metals & Mining,EQUITY,INCLUDE
LRV.AX,Larvotto Resources Limited,Basic Materials,Other Precious Metals & Mining,EQUITY,INCLUDE
LSA.AX,Lachlan Star Limited,Basic Materials,Other Industrial Metals & Mining,EQUITY,INCLUDE
LSR.AX,Lodestar Minerals Limited,Basic Materials,Gold,EQUITY,INCLUDE
LSX.AX,Lion Selection Group Limited,Basic Materials,Gold,EQUITY,INCLUDE
LTR.AX,Liontown Limited,Basic Materials,Other Industrial Metals & Mining,EQUITY,INCLUDE
LU7.AX,Lithium Universe Limited,Basic Materials,Other Industrial Metals & Mining,EQUITY,INCLUDE
LUX.AX,Lux Copper Corp. Ltd,Basic Materials,Copper,EQUITY,INCLUDE
LYC.AX,Lynas Rare Earths Limited,Basic Materials,Other Industrial Metals & Mining,EQUITY,INCLUDE
M24.AX,Mamba Exploration Limited,Basic Materials,Other Industrial Metals & Mining,EQUITY,INCLUDE
M2M.AX,Mt Malcolm Mines NL,Basic Materials,Gold,EQUITY,INCLUDE
M2R.AX,Miramar Resources Limited,Basic Materials,Other Industrial Metals & Mining,EQUITY,INCLUDE
M3M.AX,M3 Mining Limited,Basic Materials,Other Precious Metals & Mining,EQUITY,INCLUDE
M4M.AX,Macro Metals Limited,Basic Materials,Steel,EQUITY,INCLUDE
M79.AX,Mammoth Minerals Limited,Basic Materials,Other Precious Metals & Mining,EQUITY,INCLUDE
M96.AX,Maverick Minerals Australia Ltd,Basic Materials,Other Industrial Metals & Mining,EQUITY,INCLUDE
MAG.AX,Magmatic Resources Limited,Basic Materials,Gold,EQUITY,INCLUDE
MAH.AX,Macmahon Holdings Limited,Basic Materials,Other Industrial Metals & Mining,EQUITY,INCLUDE
MAN.AX,Mandrake Resources Limited,Basic Materials,Other Industrial Metals & Mining,EQUITY,INCLUDE
MAT.AX,Matsa Resources Limited,Basic Materials,Gold,EQUITY,INCLUDE
MBG.AX,MB Gold Limited,Basic Materials,Gold,EQUITY,INCLUDE
MBK.AX,Metal Bank Limited,Basic Materials,Gold,EQUITY,INCLUDE
MC2.AX,Marimaca Copper Corp.,Basic Materials,Copper,EQUITY,INCLUDE
MDI.AX,Middle Island Resources Limited,Basic Materials,Gold,EQUITY,INCLUDE
MDX.AX,Mindax Limited,Basic Materials,Gold,EQUITY,INCLUDE
MEG.AX,Megado Minerals Limited,Basic Materials,Other Industrial Metals & Mining,EQUITY,INCLUDE
MEI.AX,Meteoric Resources Limited,Basic Materials,Other Industrial Metals & Mining,EQUITY,INCLUDE
MEK.AX,Meeka Metals Limited,Basic Materials,Gold,EQUITY,INCLUDE
MEU.AX,Marmota Limited,Basic Materials,Other Industrial Metals & Mining,EQUITY,INCLUDE
MEX.AX,Minerals Exploration Limited,Basic Materials,Gold,EQUITY,INCLUDE
MGA.AX,MetalsGrove Mining Limited,Basic Materials,Other Industrial Metals & Mining,EQUITY,INCLUDE
MGL.AX,Magontec Limited,Basic Materials,Other Industrial Metals & Mining,EQUITY,INCLUDE
MGT.AX,Magnetite Mines Limited,Basic Materials,Other Industrial Metals & Mining,EQUITY,INCLUDE
MGU.AX,Magnum Mining and Exploration Limited,Basic Materials,Other Industrial Metals & Mining,EQUITY,INCLUDE
MGX.AX,MGX Resources Limited,Basic Materials,Steel,EQUITY,INCLUDE
MHC.AX,Manhattan Gold Corporation Limited,Basic Materials,Gold,EQUITY,INCLUDE
MHK.AX,Metal Hawk Limited,Basic Materials,Other Industrial Metals & Mining,EQUITY,INCLUDE
MHM.AX,Mount Hope Mining Limited,Basic Materials,Other Precious Metals & Mining,EQUITY,INCLUDE
MI6.AX,Minerals 260 Limited,Basic Materials,Other Precious Metals & Mining,EQUITY,INCLUDE
MIN.AX,Mineral Resources Limited,Basic Materials,Other Industrial Metals & Mining,EQUITY,INCLUDE
MIO.AX,Macarthur Minerals Limited,Basic Materials,Other Industrial Metals & Mining,EQUITY,INCLUDE
MKR.AX,Manuka Resources Limited,Basic Materials,Other Precious Metals & Mining,EQUITY,INCLUDE
ML8.AX,Moonlight Resources Limited,Basic Materials,Gold,EQUITY,INCLUDE
MLG.AX,MLG Oz Limited,Basic Materials,Other Industrial Metals & Mining,EQUITY,INCLUDE
MLS.AX,Metals Australia Ltd,Basic Materials,Other Industrial Metals & Mining,EQUITY,INCLUDE
MLX.AX,Metals X Limited,Basic Materials,Other Industrial Metals & Mining,EQUITY,INCLUDE
MM1.AX,Midas Minerals Limited,Basic Materials,Other Precious Metals & Mining,EQUITY,INCLUDE
MM8.AX,Medallion Metals Limited,Basic Materials,Other Precious Metals & Mining,EQUITY,INCLUDE
MMA.AX,Maronan Metals Limited,Basic Materials,Other Precious Metals & Mining,EQUITY,INCLUDE
MMI.AX,Metro Mining Limited,Basic Materials,Other Industrial Metals & Mining,EQUITY,INCLUDE
MML.AX,McLaren Minerals Limited,Basic Materials,Other Industrial Metals & Mining,EQUITY,INCLUDE
MNB.AX,Minbos Resources Limited,Basic Materials,Agricultural Inputs,EQUITY,INCLUDE
MOH.AX,Moho Resources Limited,Basic Materials,Other Precious Metals & Mining,EQUITY,INCLUDE
MOM.AX,Moab Minerals Limited,Basic Materials,Other Industrial Metals & Mining,EQUITY,INCLUDE
MPK.AX,Many Peaks Minerals Limited,Basic Materials,Other Precious Metals & Mining,EQUITY,INCLUDE
MPW.AX,Metal Powder Works Limited,Basic Materials,Other Industrial Metals & Mining,EQUITY,INCLUDE
MQR.AX,Marquee Resources Limited,Basic Materials,Other Industrial Metals & Mining,EQUITY,INCLUDE
MRD.AX,Mount Ridley Mines Limited,Basic Materials,Other Industrial Metals & Mining,EQUITY,INCLUDE
MRQ.AX,MRG Metals Ltd,Basic Materials,Other Industrial Metals & Mining,EQUITY,INCLUDE
MRR.AX,MinRex Resources Limited,Basic Materials,Other Industrial Metals & Mining,EQUITY,INCLUDE
MRT.AX,Maritana Minerals Limited,Basic Materials,Gold,EQUITY,INCLUDE
MRZ.AX,Mont Royal Resources Limited,Basic Materials,Other Industrial Metals & Mining,EQUITY,INCLUDE
MSV.AX,Mitchell Services Limited,Basic Materials,Other Industrial Metals & Mining,EQUITY,INCLUDE
MTH.AX,Mithril Silver and Gold Limited,Basic Materials,Other Industrial Metals & Mining,EQUITY,INCLUDE
MTL.AX,Mantle Minerals Limited,Basic Materials,Other Industrial Metals & Mining,EQUITY,INCLUDE
MTM.AX,Metallium Limited,Basic Materials,Other Industrial Metals & Mining,EQUITY,INCLUDE
MVL.AX,Marvel Gold Limited,Basic Materials,Gold,EQUITY,INCLUDE
MYE.AX,Mastermyne Group Limited,Basic Materials,Other Industrial Metals & Mining,EQUITY,INCLUDE
NAE.AX,New Age Exploration Limited,Basic Materials,Other Industrial Metals & Mining,EQUITY,INCLUDE
NAG.AX,Nagambie Resources Limited,Basic Materials,Gold,EQUITY,INCLUDE
NC1.AX,NICO Resources Limited,Basic Materials,Other Industrial Metals & Mining,EQUITY,INCLUDE
NEM.AX,Newmont Corporation,Basic Materials,Gold,EQUITY,INCLUDE
NES.AX,Nelson Resources Limited,Basic Materials,Gold,EQUITY,INCLUDE
NFL.AX,Norfolk Metals Limited,Basic Materials,Other Precious Metals & Mining,EQUITY,INCLUDE
NFM.AX,New Frontier Minerals Limited,Basic Materials,Other Industrial Metals & Mining,EQUITY,INCLUDE
NGX.AX,NGX Limited,Basic Materials,Other Industrial Metals & Mining,EQUITY,INCLUDE
NH3.AX,NH3 Clean Energy Limited,Basic Materials,Other Industrial Metals & Mining,EQUITY,INCLUDE
NHE.AX,Noble Helium Limited,Basic Materials,Specialty Chemicals,EQUITY,INCLUDE
NIC.AX,Nickel Industries Limited,Basic Materials,Other Industrial Metals & Mining,EQUITY,INCLUDE
NIM.AX,Nimy Resources Limited,Basic Materials,Other Industrial Metals & Mining,EQUITY,INCLUDE
NME.AX,Nex Metals Explorations Limited,Basic Materials,Gold,EQUITY,INCLUDE
NMG.AX,New Murchison Gold Limited,Basic Materials,Other Industrial Metals & Mining,EQUITY,INCLUDE
NMR.AX,Native Mineral Resources Holdings Limited,Basic Materials,Other Industrial Metals & Mining,EQUITY,INCLUDE
NNL.AX,Nordic Resources Limited,Basic Materials,Other Industrial Metals & Mining,EQUITY,INCLUDE
NPM.AX,NewPeak Metals Limited,Basic Materials,Gold,EQUITY,INCLUDE
NRX.AX,Noronex Limited,Basic Materials,Copper,EQUITY,INCLUDE
NRZ.AX,NeuRizer Ltd.,Basic Materials,Agricultural Inputs,EQUITY,INCLUDE
NSM.AX,North Stawell Minerals Limited,Basic Materials,Gold,EQUITY,INCLUDE
NST.AX,Northern Star Resources Limited,Basic Materials,Gold,EQUITY,INCLUDE
NTM.AX,NT Minerals Limited,Basic Materials,Copper,EQUITY,INCLUDE
NTU.AX,Northern Minerals Limited,Basic Materials,Other Industrial Metals & Mining,EQUITY,INCLUDE
NUF.AX,Nufarm Limited,Basic Materials,Agricultural Inputs,EQUITY,INCLUDE
NVA.AX,Nova Minerals Corp,Basic Materials,Other Industrial Metals & Mining,EQUITY,INCLUDE
NVO.AX,Novo Resources Corp.,Basic Materials,Gold,EQUITY,INCLUDE
NWM.AX,Norwest Minerals Limited,Basic Materials,Gold,EQUITY,INCLUDE
NXM.AX,Nexus Minerals Limited,Basic Materials,Gold,EQUITY,INCLUDE
NYM.AX,Narryer Metals Limited,Basic Materials,Other Industrial Metals & Mining,EQUITY,INCLUDE
OB1.AX,Orbminco Limited,Basic Materials,Other Industrial Metals & Mining,EQUITY,INCLUDE
OBM.AX,Ora Banda Mining Limited,Basic Materials,Gold,EQUITY,INCLUDE
OBT.AX,Orbit Resources Limited,Basic Materials,Other Precious Metals & Mining,EQUITY,INCLUDE
OCN.AX,Oceana Metals Limited,Basic Materials,Other Industrial Metals & Mining,EQUITY,INCLUDE
OCT.AX,Octava Minerals Limited,Basic Materials,Other Precious Metals & Mining,EQUITY,INCLUDE
OD6.AX,OD6 Metals Limited,Basic Materials,Other Industrial Metals & Mining,EQUITY,INCLUDE
ODE.AX,Odessa Minerals Limited,Basic Materials,Other Precious Metals & Mining,EQUITY,INCLUDE
ODY.AX,Odyssey Gold Limited,Basic Materials,Gold,EQUITY,INCLUDE
OKJ.AX,Oakajee Corporation Limited,Basic Materials,Other Industrial Metals & Mining,EQUITY,INCLUDE
OLY.AX,Olympio Metals Limited,Basic Materials,Other Industrial Metals & Mining,EQUITY,INCLUDE
OM1.AX,Omnia Metals Group Ltd,Basic Materials,Other Industrial Metals & Mining,EQUITY,INCLUDE
OMH.AX,OM Holdings Limited,Basic Materials,Other Industrial Metals & Mining,EQUITY,INCLUDE
OMX.AX,Orange Minerals NL,Basic Materials,Other Precious Metals & Mining,EQUITY,INCLUDE
OR3.AX,Ore Resources Limited,Basic Materials,Other Industrial Metals & Mining,EQUITY,INCLUDE
ORD.AX,Ordell Minerals Limited,Basic Materials,Gold,EQUITY,INCLUDE
ORE.AX,Orezone Gold Corporation,Basic Materials,Gold,EQUITY,INCLUDE
ORI.AX,Orica Limited,Basic Materials,Specialty Chemicals,EQUITY,INCLUDE
ORN.AX,Orion Minerals Limited,Basic Materials,Other Industrial Metals & Mining,EQUITY,INCLUDE
ORP.AX,Orpheus Uranium Limited,Basic Materials,Other Industrial Metals & Mining,EQUITY,INCLUDE
OSM.AX,Osmond Resources Limited,Basic Materials,Other Precious Metals & Mining,EQUITY,INCLUDE
OZM.AX,OzAurum Resources Limited,Basic Materials,Gold,EQUITY,INCLUDE
OZZ.AX,Ozz Resources Limited,Basic Materials,Gold,EQUITY,INCLUDE
PAF.AX,Pan African Resources PLC,Basic Materials,Gold,EQUITY,INCLUDE
PAT.AX,Patriot Resources Limited,Basic Materials,Other Industrial Metals & Mining,EQUITY,INCLUDE
PBL.AX,Parabellum Resources Limited,Basic Materials,Other Industrial Metals & Mining,EQUITY,INCLUDE
PC2.AX,PC Gold Limited,Basic Materials,Gold,EQUITY,INCLUDE
PDI.AX,PDI Gold Limited,Basic Materials,Gold,EQUITY,INCLUDE
PEC.AX,Perpetual Resources Limited,Basic Materials,Other Industrial Metals & Mining,EQUITY,INCLUDE
PFE.AX,Pantera Minerals Limited,Basic Materials,Other Industrial Metals & Mining,EQUITY,INCLUDE
PGD.AX,Peregrine Gold Limited,Basic Materials,Gold,EQUITY,INCLUDE
PGL.AX,Pilbara Gold Limited,Basic Materials,Gold,EQUITY,INCLUDE
PGM.AX,Platina Resources Limited,Basic Materials,Other Precious Metals & Mining,EQUITY,INCLUDE
PHO.AX,PhosCo Ltd,Basic Materials,Other Industrial Metals & Mining,EQUITY,INCLUDE
PIM.AX,Pinnacle Minerals Limited,Basic Materials,Other Industrial Metals & Mining,EQUITY,INCLUDE
PKO.AX,Peako Limited,Basic Materials,Other Precious Metals & Mining,EQUITY,INCLUDE
PL3.AX,Patagonia Lithium Limited,Basic Materials,Other Industrial Metals & Mining,EQUITY,INCLUDE
PL9.AX,Prairie Lithium Limited,Basic Materials,Other Industrial Metals & Mining,EQUITY,INCLUDE
PLA.AX,Pacific Lime and Cement Limited,Basic Materials,Other Industrial Metals & Mining,EQUITY,INCLUDE
PLC.AX,PLC Resources Limited,Basic Materials,Other Industrial Metals & Mining,EQUITY,INCLUDE
PLG.AX,Pearl Gull Iron Limited,Basic Materials,Steel,EQUITY,INCLUDE
PLS.AX,PLS Group Limited,Basic Materials,Other Industrial Metals & Mining,EQUITY,INCLUDE
PM1.AX,Palisade Metals Ltd,Basic Materials,Gold,EQUITY,INCLUDE
PMM.AX,Pioneer Minerals Limited,Basic Materials,Other Industrial Metals & Mining,EQUITY,INCLUDE
PMT.AX,PMET Resources Inc.,Basic Materials,Other Industrial Metals & Mining,EQUITY,INCLUDE
PNN.AX,Power Minerals Limited,Basic Materials,Other Industrial Metals & Mining,EQUITY,INCLUDE
PNR.AX,Pantoro Gold Limited,Basic Materials,Gold,EQUITY,INCLUDE
PNT.AX,Panther Metals Ltd,Basic Materials,Other Precious Metals & Mining,EQUITY,INCLUDE
POD.AX,Podium Minerals Limited,Basic Materials,Other Industrial Metals & Mining,EQUITY,INCLUDE
POL.AX,Polymetals Resources Ltd,Basic Materials,Gold,EQUITY,INCLUDE
PR1.AX,Pure Resources Limited,Basic Materials,Other Industrial Metals & Mining,EQUITY,INCLUDE
PR2.AX,Piche Resources Limited,Basic Materials,Other Industrial Metals & Mining,EQUITY,INCLUDE
PRN.AX,Perenti Limited,Basic Materials,Other Industrial Metals & Mining,EQUITY,INCLUDE
PRU.AX,Perseus Mining Limited,Basic Materials,Gold,EQUITY,INCLUDE
PRX.AX,Prodigy Gold NL,Basic Materials,Gold,EQUITY,INCLUDE
PSC.AX,Prospect Resources Limited,Basic Materials,Other Industrial Metals & Mining,EQUITY,INCLUDE
PSL.AX,Paterson Resources Ltd,Basic Materials,Other Industrial Metals & Mining,EQUITY,INCLUDE
PTN.AX,Patronus Resources Limited,Basic Materials,Gold,EQUITY,INCLUDE
PTR.AX,PTR Minerals Ltd,Basic Materials,Other Precious Metals & Mining,EQUITY,INCLUDE
PUR.AX,Pursuit Minerals Limited,Basic Materials,Other Industrial Metals & Mining,EQUITY,INCLUDE
PVT.AX,Pivotal Metals Limited,Basic Materials,Other Industrial Metals & Mining,EQUITY,INCLUDE
PXX.AX,PolarX Limited,Basic Materials,Other Industrial Metals & Mining,EQUITY,INCLUDE
QGL.AX,Quantum Graphite Limited,Basic Materials,Other Industrial Metals & Mining,EQUITY,INCLUDE
QML.AX,QMines Limited,Basic Materials,Copper,EQUITY,INCLUDE
QXR.AX,QX Resources Limited,Basic Materials,Other Industrial Metals & Mining,EQUITY,INCLUDE
R8R.AX,Regener8 Resources NL,Basic Materials,Gold,EQUITY,INCLUDE
RAG.AX,Ragnar Metals Limited,Basic Materials,Other Industrial Metals & Mining,EQUITY,INCLUDE
RAN.AX,Range International Limited,Basic Materials,Specialty Chemicals,EQUITY,INCLUDE
RAP.AX,Raptor Metals Limited,Basic Materials,Other Precious Metals & Mining,EQUITY,INCLUDE
RAS.AX,Ragusa Minerals Limited,Basic Materials,Gold,EQUITY,INCLUDE
RAU.AX,Resouro Strategic Metals Inc.,Basic Materials,Gold,EQUITY,INCLUDE
RB6.AX,Rubix Resources Limited,Basic Materials,Other Precious Metals & Mining,EQUITY,INCLUDE
RBX.AX,Resource Base Limited,Basic Materials,Gold,EQUITY,INCLUDE
RC1.AX,Redcastle Resources Limited,Basic Materials,Gold,EQUITY,INCLUDE
RCM.AX,Rapid Critical Metals Limited,Basic Materials,Other Industrial Metals & Mining,EQUITY,INCLUDE
RCR.AX,Rincon Resources Limited,Basic Materials,Other Precious Metals & Mining,EQUITY,INCLUDE
RDM.AX,Red Metal Limited,Basic Materials,Other Industrial Metals & Mining,EQUITY,INCLUDE
RDN.AX,Raiden Resources Limited,Basic Materials,Other Precious Metals & Mining,EQUITY,INCLUDE
RDS.AX,Redstone Resources Limited,Basic Materials,Copper,EQUITY,INCLUDE
RDX.AX,Redox Limited,Basic Materials,Chemicals,EQUITY,INCLUDE
REC.AX,Recharge Metals Limited,Basic Materials,Other Industrial Metals & Mining,EQUITY,INCLUDE
REE.AX,RareX Limited,Basic Materials,Other Industrial Metals & Mining,EQUITY,INCLUDE
REZ.AX,Resources & Energy Group Limited,Basic Materials,Gold,EQUITY,INCLUDE
RGL.AX,Riversgold Limited,Basic Materials,Gold,EQUITY,INCLUDE
RHI.AX,Red Hill Minerals Limited,Basic Materials,Other Industrial Metals & Mining,EQUITY,INCLUDE
RIE.AX,Riedel Resources Limited,Basic Materials,Gold,EQUITY,INCLUDE
RIM.AX,Rimfire Pacific Mining Limited,Basic Materials,Other Precious Metals & Mining,EQUITY,INCLUDE
RIO.AX,Rio Tinto Group,Basic Materials,Other Industrial Metals & Mining,EQUITY,INCLUDE
RKB.AX,Rokeby Resources Limited,Basic Materials,Other Industrial Metals & Mining,EQUITY,INCLUDE
RLC.AX,Reedy Lagoon Corporation Limited,Basic Materials,Other Industrial Metals & Mining,EQUITY,INCLUDE
RLF.AX,RLF AgTech Ltd,Basic Materials,Agricultural Inputs,EQUITY,INCLUDE
RMI.AX,Resource Minerals International Ltd,Basic Materials,Other Industrial Metals & Mining,EQUITY,INCLUDE
RML.AX,Resolution Minerals Ltd,Basic Materials,Other Industrial Metals & Mining,EQUITY,INCLUDE
RMS.AX,Ramelius Resources Limited,Basic Materials,Gold,EQUITY,INCLUDE
RMX.AX,Red Mountain Mining Limited,Basic Materials,Gold,EQUITY,INCLUDE
RND.AX,Rand Mining Limited,Basic Materials,Gold,EQUITY,INCLUDE
RNU.AX,Renascor Resources Limited,Basic Materials,Other Industrial Metals & Mining,EQUITY,INCLUDE
RNX.AX,Renegade Exploration Limited,Basic Materials,Other Industrial Metals & Mining,EQUITY,INCLUDE
RON.AX,Ronin Resources Ltd,Basic Materials,Other Precious Metals & Mining,EQUITY,INCLUDE
RR1.AX,Reach Resources Limited,Basic Materials,Gold,EQUITY,INCLUDE
RRE.AX,Right Resources Limited,Basic Materials,Gold,EQUITY,INCLUDE
RRL.AX,Regis Resources Limited,Basic Materials,Gold,EQUITY,INCLUDE
RRR.AX,Revolver Resources Holdings Ltd,Basic Materials,Copper,EQUITY,INCLUDE
RSG.AX,Resolute Mining Limited,Basic Materials,Gold,EQUITY,INCLUDE
RTG.AX,RTG Mining Inc.,Basic Materials,Other Industrial Metals & Mining,EQUITY,INCLUDE
RTR.AX,Rumble Resources Limited,Basic Materials,Other Industrial Metals & Mining,EQUITY,INCLUDE
RVT.AX,Richmond Vanadium Technology Limited,Basic Materials,Other Industrial Metals & Mining,EQUITY,INCLUDE
RWD.AX,Reward Minerals Ltd,Basic Materials,Other Industrial Metals & Mining,EQUITY,INCLUDE
RXL.AX,Rox Resources Limited,Basic Materials,Gold,EQUITY,INCLUDE
S2R.AX,S2 Resources Ltd,Basic Materials,Other Industrial Metals & Mining,EQUITY,INCLUDE
S32.AX,South32 Limited,Basic Materials,Other Industrial Metals & Mining,EQUITY,INCLUDE
SBM.AX,St Barbara Limited,Basic Materials,Gold,EQUITY,INCLUDE
SBR.AX,Sabre Resources Limited,Basic Materials,Other Industrial Metals & Mining,EQUITY,INCLUDE
SCN.AX,Scorpion Minerals Limited,Basic Materials,Other Precious Metals & Mining,EQUITY,INCLUDE
SDV.AX,SciDev Limited,Basic Materials,Specialty Chemicals,EQUITY,INCLUDE
SER.AX,Strategic Energy Resources Limited,Basic Materials,Other Industrial Metals & Mining,EQUITY,INCLUDE
SFM.AX,Santa Fe Minerals Limited,Basic Materials,Gold,EQUITY,INCLUDE
SFR.AX,Sandfire Resources Limited,Basic Materials,Copper,EQUITY,INCLUDE
SFX.AX,Sheffield Resources Limited,Basic Materials,Other Industrial Metals & Mining,EQUITY,INCLUDE
SGA.AX,Sarytogan Graphite Limited,Basic Materials,Other Industrial Metals & Mining,EQUITY,INCLUDE
SGC.AX,Sinclair Gold Ltd,Basic Materials,Gold,EQUITY,INCLUDE
SGM.AX,Sims Limited,Basic Materials,Steel,EQUITY,INCLUDE
SGQ.AX,St George Mining Limited,Basic Materials,Other Industrial Metals & Mining,EQUITY,INCLUDE
SHN.AX,Sunshine Metals Limited,Basic Materials,Other Industrial Metals & Mining,EQUITY,INCLUDE
SKM.AX,Skylark Minerals Limited,Basic Materials,Other Industrial Metals & Mining,EQUITY,INCLUDE
SKY.AX,Sky Metals Limited,Basic Materials,Gold,EQUITY,INCLUDE
SLA.AX,Solara Minerals Ltd,Basic Materials,Copper,EQUITY,INCLUDE
SLB.AX,Stelar Metals Limited,Basic Materials,Other Industrial Metals & Mining,EQUITY,INCLUDE
SLM.AX,Solis Minerals Ltd.,Basic Materials,Copper,EQUITY,INCLUDE
SLS.AX,Solstice Minerals Limited,Basic Materials,Other Industrial Metals & Mining,EQUITY,INCLUDE
SLZ.AX,Sultan Resources Limited,Basic Materials,Other Industrial Metals & Mining,EQUITY,INCLUDE
SMI.AX,Santana Minerals Limited,Basic Materials,Other Precious Metals & Mining,EQUITY,INCLUDE
SMM.AX,Somerset Minerals Limited,Basic Materials,Other Industrial Metals & Mining,EQUITY,INCLUDE
SMR.AX,Stanmore Resources Limited,Basic Materials,Coking Coal,EQUITY,INCLUDE
SMS.AX,Star Minerals Limited,Basic Materials,Gold,EQUITY,INCLUDE
SNG.AX,Siren Gold Limited,Basic Materials,Gold,EQUITY,INCLUDE
SNM.AX,Sentinel Metals Limited,Basic Materials,Gold,EQUITY,INCLUDE
SNX.AX,Sierra Nevada Gold Inc.,Basic Materials,Gold,EQUITY,INCLUDE
SPD.AX,Southern Palladium Limited,Basic Materials,Other Precious Metals & Mining,EQUITY,INCLUDE
SPN.AX,Sparc Technologies Limited,Basic Materials,Specialty Chemicals,EQUITY,INCLUDE
SPQ.AX,Superior Resources Limited,Basic Materials,Other Industrial Metals & Mining,EQUITY,INCLUDE
SQX.AX,SQX Resources Limited,Basic Materials,Other Industrial Metals & Mining,EQUITY,INCLUDE
SRK.AX,Strike Resources Limited,Basic Materials,Other Industrial Metals & Mining,EQUITY,INCLUDE
SRN.AX,Surefire Resources NL,Basic Materials,Other Industrial Metals & Mining,EQUITY,INCLUDE
SRR.AX,Sarama Resources Ltd,Basic Materials,Gold,EQUITY,INCLUDE
SRZ.AX,Stellar Resources Limited,Basic Materials,Other Industrial Metals & Mining,EQUITY,INCLUDE
SS1.AX,Sun Silver Limited,Basic Materials,Other Precious Metals & Mining,EQUITY,INCLUDE
STK.AX,Strickland Metals Limited,Basic Materials,Other Precious Metals & Mining,EQUITY,INCLUDE
STM.AX,Sunstone Metals Limited,Basic Materials,Other Industrial Metals & Mining,EQUITY,INCLUDE
STN.AX,Saturn Metals Limited,Basic Materials,Gold,EQUITY,INCLUDE
SUH.AX,Southern Hemisphere Mining Limited,Basic Materials,Other Industrial Metals & Mining,EQUITY,INCLUDE
SVG.AX,Savannah Goldfields Limited,Basic Materials,Gold,EQUITY,INCLUDE
SVM.AX,Sovereign Metals Limited,Basic Materials,Other Industrial Metals & Mining,EQUITY,INCLUDE
SVY.AX,Stavely Minerals Limited,Basic Materials,Other Industrial Metals & Mining,EQUITY,INCLUDE
SX2.AX,Southern Cross Gold Consolidated Ltd.,Basic Materials,Gold,EQUITY,INCLUDE
SYR.AX,Syrah Resources Limited,Basic Materials,Other Industrial Metals & Mining,EQUITY,INCLUDE
T88.AX,Taiton Resources Limited,Basic Materials,Other Precious Metals & Mining,EQUITY,INCLUDE
TAM.AX,Tanami Gold NL,Basic Materials,Gold,EQUITY,INCLUDE
TAR.AX,Taruga Minerals Limited,Basic Materials,Other Precious Metals & Mining,EQUITY,INCLUDE
TAS.AX,Tasman Resources Ltd,Basic Materials,Other Industrial Metals & Mining,EQUITY,INCLUDE
TAT.AX,Tartana Minerals Limited,Basic Materials,Other Industrial Metals & Mining,EQUITY,INCLUDE
TBR.AX,Tribune Resources Limited,Basic Materials,Gold,EQUITY,INCLUDE
TCG.AX,Turaco Gold Limited,Basic Materials,Gold,EQUITY,INCLUDE
TEM.AX,Tempest Minerals Limited,Basic Materials,Other Industrial Metals & Mining,EQUITY,INCLUDE
TG1.AX,TechGen Metals Ltd,Basic Materials,Other Precious Metals & Mining,EQUITY,INCLUDE
TG6.AX,TG Metals Limited,Basic Materials,Other Precious Metals & Mining,EQUITY,INCLUDE
TGH.AX,Terragen Holdings Limited,Basic Materials,Agricultural Inputs,EQUITY,INCLUDE
TGM.AX,Theta Gold Mines Limited,Basic Materials,Gold,EQUITY,INCLUDE
TGN.AX,Tungsten Mining NL,Basic Materials,Other Industrial Metals & Mining,EQUITY,INCLUDE
THR.AX,Thor Energy Plc,Basic Materials,Other Industrial Metals & Mining,EQUITY,INCLUDE
TIO.AX,Temas Resources Corp.,Basic Materials,Other Industrial Metals & Mining,EQUITY,INCLUDE
TKM.AX,Trek Metals Limited,Basic Materials,Other Industrial Metals & Mining,EQUITY,INCLUDE
TLG.AX,Talga Group Ltd,Basic Materials,Other Industrial Metals & Mining,EQUITY,INCLUDE
TLM.AX,Talisman Mining Limited,Basic Materials,Other Precious Metals & Mining,EQUITY,INCLUDE
TM1.AX,Terra Metals Limited,Basic Materials,Other Precious Metals & Mining,EQUITY,INCLUDE
TMB.AX,Tambourah Metals Limited,Basic Materials,Gold,EQUITY,INCLUDE
TMS.AX,Tennant Minerals Limited,Basic Materials,Other Industrial Metals & Mining,EQUITY,INCLUDE
TMX.AX,Terrain Minerals Limited,Basic Materials,Gold,EQUITY,INCLUDE
TNC.AX,True North Copper Limited,Basic Materials,Copper,EQUITY,INCLUDE
TOK.AX,Tolu Minerals Limited,Basic Materials,Other Precious Metals & Mining,EQUITY,INCLUDE
TON.AX,Triton Minerals Limited,Basic Materials,Other Industrial Metals & Mining,EQUITY,INCLUDE
TOR.AX,Torque Metals Limited,Basic Materials,Gold,EQUITY,INCLUDE
TR2.AX,Tali Resources Ltd,Basic Materials,Other Precious Metals & Mining,EQUITY,INCLUDE
TRE.AX,Toubani Resources Limited,Basic Materials,Gold,EQUITY,INCLUDE
TRM.AX,Truscott Mining Corporation Limited,Basic Materials,Gold,EQUITY,INCLUDE
TSK.AX,Tusker Minerals Ltd,Basic Materials,Other Industrial Metals & Mining,EQUITY,INCLUDE
TSL.AX,Titanium Sands Limited,Basic Materials,Other Industrial Metals & Mining,EQUITY,INCLUDE
TSO.AX,Tesoro Gold Ltd,Basic Materials,Gold,EQUITY,INCLUDE
TSR.AX,Turnstone Resources Ltd,Basic Materials,Other Industrial Metals & Mining,EQUITY,INCLUDE
TTM.AX,Titan Minerals Limited,Basic Materials,Gold,EQUITY,INCLUDE
TVN.AX,Tivan Limited,Basic Materials,Other Industrial Metals & Mining,EQUITY,INCLUDE
TXR.AX,TalonX Resources Limited,Basic Materials,Other Industrial Metals & Mining,EQUITY,INCLUDE
TYX.AX,Tyranna Resources Limited,Basic Materials,Gold,EQUITY,INCLUDE
TZN.AX,Terramin Australia Limited,Basic Materials,Other Industrial Metals & Mining,EQUITY,INCLUDE
UM1.AX,Unity Metals Limited,Basic Materials,Gold,EQUITY,INCLUDE
USC.AX,US1 Critical Minerals Limited,Basic Materials,Other Industrial Metals & Mining,EQUITY,INCLUDE
USL.AX,Unico Silver Limited,Basic Materials,Silver,EQUITY,INCLUDE
USM.AX,Union Star Metals Ltd,Basic Materials,Gold,EQUITY,INCLUDE
VAL.AX,Valiant Gold Limited,Basic Materials,Gold,EQUITY,INCLUDE
VAN.AX,Vantage Metals Limited,Basic Materials,Other Precious Metals & Mining,EQUITY,INCLUDE
VAU.AX,Vault Minerals Limited,Basic Materials,Gold,EQUITY,INCLUDE
VBX.AX,VBX Limited,Basic Materials,Aluminum,EQUITY,INCLUDE
VHM.AX,VHM Limited,Basic Materials,Other Industrial Metals & Mining,EQUITY,INCLUDE
VKA.AX,Viking Mines Limited,Basic Materials,Gold,EQUITY,INCLUDE
VMC.AX,Venus Metals Corporation Limited,Basic Materials,Other Industrial Metals & Mining,EQUITY,INCLUDE
VML.AX,Vital Metals Limited,Basic Materials,Other Industrial Metals & Mining,EQUITY,INCLUDE
VMM.AX,Viridis Mining and Minerals Limited,Basic Materials,Other Industrial Metals & Mining,EQUITY,INCLUDE
VMS.AX,Venari Minerals NL,Basic Materials,Other Industrial Metals & Mining,EQUITY,INCLUDE
VR8.AX,Vanadium Resources Limited,Basic Materials,Other Industrial Metals & Mining,EQUITY,INCLUDE
VRC.AX,Volt Resources Limited,Basic Materials,Other Industrial Metals & Mining,EQUITY,INCLUDE
VRL.AX,Verity Resources Limited,Basic Materials,Other Industrial Metals & Mining,EQUITY,INCLUDE
VRX.AX,VRX Silica Limited,Basic Materials,Other Industrial Metals & Mining,EQUITY,INCLUDE
VSL.AX,Vulcan Steel Limited,Basic Materials,Steel,EQUITY,INCLUDE
VTA.AX,Vita Resources NL,Basic Materials,Other Precious Metals & Mining,EQUITY,INCLUDE
VTM.AX,Victory Metals Limited,Basic Materials,Other Industrial Metals & Mining,EQUITY,INCLUDE
VTX.AX,Vertex Minerals Limited,Basic Materials,Gold,EQUITY,INCLUDE
VUL.AX,Vulcan Energy Resources Limited,Basic Materials,Other Industrial Metals & Mining,EQUITY,INCLUDE
WA1.AX,WA1 Resources Ltd,Basic Materials,Copper,EQUITY,INCLUDE
WAF.AX,West African Resources Limited,Basic Materials,Gold,EQUITY,INCLUDE
WAU.AX,WA Gold Limited,Basic Materials,Other Industrial Metals & Mining,EQUITY,INCLUDE
WC1.AX,West Cobar Metals Limited,Basic Materials,Gold,EQUITY,INCLUDE
WC8.AX,Wildcat Resources Limited,Basic Materials,Gold,EQUITY,INCLUDE
WCE.AX,West Coast Silver Limited,Basic Materials,Other Precious Metals & Mining,EQUITY,INCLUDE
WCN.AX,White Cliff Minerals Limited,Basic Materials,Gold,EQUITY,INCLUDE
WGN.AX,Wagners Holding Company Limited,Basic Materials,Building Materials,EQUITY,INCLUDE
WGR.AX,Western Gold Resources Limited,Basic Materials,Gold,EQUITY,INCLUDE
WGX.AX,Westgold Resources Limited,Basic Materials,Gold,EQUITY,INCLUDE
WIA.AX,WIA Gold Limited,Basic Materials,Gold,EQUITY,INCLUDE
WIN.AX,WIN Metals Ltd,Basic Materials,Other Industrial Metals & Mining,EQUITY,INCLUDE
WLC.AX,WhiteRock Lithium Corp.,Basic Materials,Other Industrial Metals & Mining,EQUITY,INCLUDE
WMG.AX,Western Mines Group Ltd,Basic Materials,Gold,EQUITY,INCLUDE
WRX.AX,Western Ridge Resources Limited,Basic Materials,Other Precious Metals & Mining,EQUITY,INCLUDE
WSR.AX,Westar Resources Limited,Basic Materials,Gold,EQUITY,INCLUDE
WTM.AX,Waratah Minerals Limited,Basic Materials,Other Industrial Metals & Mining,EQUITY,INCLUDE
WWI.AX,West Wits Mining Limited,Basic Materials,Gold,EQUITY,INCLUDE
WYX.AX,Western Yilgarn NL,Basic Materials,Other Industrial Metals & Mining,EQUITY,INCLUDE
XPD.AX,Xpedra Resources Limited,Basic Materials,Other Precious Metals & Mining,EQUITY,INCLUDE
XRA.AX,Xenora Minerals Limited,Basic Materials,Other Industrial Metals & Mining,EQUITY,INCLUDE
YRL.AX,Yandal Resources Limited,Basic Materials,Gold,EQUITY,INCLUDE
YUG.AX,Yugo Metals Limited,Basic Materials,Other Industrial Metals & Mining,EQUITY,INCLUDE
ZAG.AX,Zuleika Gold Limited,Basic Materials,Gold,EQUITY,INCLUDE
ZEO.AX,Zeotech Limited,Basic Materials,Other Industrial Metals & Mining,EQUITY,INCLUDE
ZIM.AX,Zimplats Holdings Limited,Basic Materials,Other Precious Metals & Mining,EQUITY,INCLUDE
ZMI.AX,Zinc of Ireland Limited,Basic Materials,Other Industrial Metals & Mining,EQUITY,INCLUDE
ZNC.AX,Zenith Minerals Limited,Basic Materials,Other Industrial Metals & Mining,EQUITY,INCLUDE
