Yahoo_Ticker,First_Date,Last_Date,Valid_Prices,MCap_Rows,Latest_MCap
10X.AX,2025-12-11,2026-09-18,195,159,5610000.372921377
1MC.AX,2012-01-03,2026-09-18,3726,1200,12369254.31379794
29M.AX,2021-07-02,2026-09-18,1321,1320,638777955.6150305
3DA.AX,2019-12-06,2026-09-18,1717,1656,247865062.90836334
49M.AX,2026-03-31,2026-09-18,121,81,11101948.596151784
6KA.AX,2025-12-04,2026-09-18,200,138,199509886.01196277
A11.AX,2022-09-26,2026-09-18,1009,1004,228428435.06860086
A1M.AX,2012-01-03,2026-09-18,3116,1841,639587939.9306028
A4N.AX,2012-01-03,2026-09-18,3726,1969,813061982.4215908
A8G.AX,2021-05-13,2026-09-18,1356,1355,14182828.4809151
AA2.AX,2025-09-10,2026-09-18,261,261,73997368.72884974
AAI.AX,2024-07-24,2026-09-18,548,548,17418023370.0
AAJ.AX,2012-01-03,2026-09-18,3726,2726,5863434.393984812
AAM.AX,2017-03-08,2026-09-18,2414,2414,50953255.681932196
AAR.AX,2012-01-03,2026-09-18,3726,2755,343673834.88746166
AAU.AX,2012-01-03,2026-09-18,3726,2730,22981653.34036757
ABR.AX,2017-10-17,2026-09-18,2259,2259,3884472.405675274
ABX.AX,2012-01-03,2026-09-18,3726,2802,11997374.649844691
ACM.AX,2023-07-03,2026-09-18,817,814,3749535.480872432
ACP.AX,2012-01-03,2026-09-18,3726,2560,19296996.097437218
ACS.AX,2012-01-03,2026-09-18,3726,3692,110145885.75713041
ADC.AX,2023-01-17,2026-09-18,931,871,5286345.915355384
ADN.AX,2012-01-03,2026-09-18,3726,2760,27741800.407141272
ADO.AX,2012-01-03,2026-09-18,3726,2868,58772767.129961625
ADY.AX,2012-01-03,2026-09-18,3725,2740,15776876.531138036
AEM.AX,2025-12-24,2026-09-18,186,186,179798493.63645577
AEV.AX,2012-01-03,2026-09-18,3726,2747,48870805.15121931
AGC.AX,2021-01-20,2026-09-18,1434,1433,44757682.94351046
AGD.AX,2012-01-03,2026-09-18,3726,2974,103556071.04144165
AGR.AX,2012-01-03,2026-09-18,3726,2773,33600291.509129785
AGY.AX,2012-01-03,2026-09-18,3726,2811,52057419.04859461
AHK.AX,2012-01-03,2026-09-18,3726,2730,23148245.242596388
AHN.AX,2012-01-03,2026-09-18,3726,2785,9894025.356133454
AIS.AX,2012-01-03,2026-09-18,3726,2714,735353847.7220013
AIV.AX,2012-01-03,2026-09-18,3726,2769,7812886.6414210815
AJL.AX,2012-01-03,2026-09-18,3726,3340,8254377.851749891
AJX.AX,2012-01-03,2026-09-18,3726,2732,21894495.332810603
AKA.AX,2012-01-03,2026-09-18,3234,2732,24451283.5
AKM.AX,2012-01-03,2026-09-18,3726,2852,124371063.74560177
AKN.AX,2012-01-03,2026-09-18,3726,2509,45126271.28295851
AKO.AX,2020-12-15,2026-09-18,1457,1456,17391594.891267553
ALB.AX,2021-04-30,2026-09-18,1365,1364,8710999.785293978
ALK.AX,2012-01-03,2026-09-18,3726,2984,2691423536.4574337
ALM.AX,2012-01-03,2026-09-18,3726,1165,26348313.30106929
ALR.AX,2012-02-01,2026-09-18,3706,2838,331446653.23893994
ALU.AX,2026-07-31,2026-09-18,36,36,62665324.2136538
ALV.AX,2021-10-20,2026-09-18,1243,1242,5739716.731707331
ALY.AX,2012-01-03,2026-09-18,3726,2915,10692685.84370339
AM3.AX,2012-01-03,2026-09-18,3726,90,15569636.001991509
AM5.AX,2021-10-18,2026-09-18,1245,451,4815578.591699932
AM7.AX,2021-06-25,2026-09-18,1326,1325,9002073.933221385
AMD.AX,2012-01-03,2026-09-18,3726,2287,37360521.523558125
AMI.AX,2012-01-03,2026-09-18,3726,2887,834434849.9717236
AMK.AX,2026-08-31,2026-09-18,15,5,32399999.51580356
AMN.AX,2012-01-03,2026-09-18,3726,2725,20786190.407174192
ANO.AX,2012-01-03,2026-09-18,3726,1987,34858760.86831093
ANX.AX,2012-01-03,2026-09-18,3726,1488,61025486.03981446
AOA.AX,2012-01-03,2026-09-18,3726,2805,2139770.154599618
AON.AX,2012-01-03,2026-09-18,3726,2767,84416841.31077313
APC.AX,2012-01-03,2026-09-18,3726,2515,6607132.905577458
AQD.AX,2012-01-03,2026-09-18,3726,2732,72278975.25634885
AQX.AX,2012-01-03,2026-09-18,3726,2740,16243605.319386331
AR1.AX,2021-11-03,2026-09-18,1233,1233,199114251.41208917
AR3.AX,2021-07-01,2026-09-18,1322,1321,28898974.03443861
ARD.AX,2012-01-03,2026-09-18,3726,2743,45969477.43040493
ARI.AX,2012-01-03,2026-09-18,3726,2809,50870979.114350304
ARL.AX,2017-02-09,2026-09-18,2433,2220,97772775.59848225
ARN.AX,2018-09-13,2026-09-18,2030,2030,58200416.307739615
ARO.AX,2012-01-03,2026-09-18,3726,2725,10059226.013787575
ARR.AX,2012-01-03,2026-09-18,3726,2730,189347527.72977382
ARU.AX,2012-01-03,2026-09-18,3726,3498,1153773662.5520484
ARV.AX,2012-01-03,2026-09-18,3726,2805,20307228.20381692
AS1.AX,2012-01-03,2026-09-18,3726,2171,272135682.2881223
AS2.AX,2021-07-07,2026-09-18,1318,1314,6060918.09208048
ASL.AX,2021-09-30,2026-09-18,1257,1257,448095490.2166128
ASN.AX,2012-01-03,2026-09-18,3726,2701,71439338.7928985
ASQ.AX,2012-01-03,2026-09-18,3726,1726,7129126.796435308
AT4.AX,2019-10-03,2026-09-18,1763,192,98477898.46042389
ATC.AX,2012-01-03,2026-09-18,3726,2732,4003584.5118005336
ATM.AX,2012-01-03,2026-09-18,3726,2379,4710029977.770092
ATR.AX,2012-01-03,2026-09-18,3726,3664,197775345.2877523
ATT.AX,2021-09-15,2026-09-18,1268,1268,2676702.4912668187
AUC.AX,2012-01-03,2026-09-18,3726,2726,734034373.0846729
AUE.AX,2021-11-02,2026-09-18,1234,1234,230674310.537813
AUG.AX,2012-01-03,2026-09-18,3726,842,11023238.697480194
AUQ.AX,2012-01-03,2026-09-18,3726,2747,68342700.0667659
AUR.AX,2012-01-03,2026-09-18,3726,2394,21872642.45767769
AUV.AX,2012-01-03,2026-09-18,3726,2745,6467166.506620024
AUZ.AX,2012-01-03,2026-09-18,3726,2751,59102403.59106065
AVL.AX,2012-01-03,2026-09-18,3726,3037,78941543.57532805
AVM.AX,2012-01-03,2026-09-18,3726,1080,28151412.20995277
AVW.AX,2013-01-09,2026-09-18,3468,2476,3450000.029988587
AW1.AX,2021-12-13,2026-09-18,1205,1204,43034952.42322022
AWJ.AX,2021-02-12,2026-09-18,1418,1417,51670741.66993314
AX8.AX,2018-02-14,2026-09-18,2177,2177,7507132.337254576
AXL.AX,2024-07-23,2026-09-18,549,549,11437041.30049181
AXN.AX,2012-01-03,2026-09-18,3726,924,27394752.214558683
AXR.AX,2026-09-02,2026-09-18,11,0,
AYM.AX,2012-01-03,2026-09-18,3726,2834,5527732.503048953
AYT.AX,2012-01-03,2026-09-18,3726,1209,6576574.104165845
AZ9.AX,2017-09-29,2026-09-18,2271,568,12310055.54484881
AZI.AX,2012-01-03,2026-09-18,3726,2313,21470582.91492669
AZY.AX,2012-01-03,2026-09-18,3726,2746,388045674.71411884
BAK.AX,2026-01-30,2026-09-18,163,129,18687500.339001417
BC8.AX,2018-01-30,2026-09-18,2188,2188,750849068.0837235
BCA.AX,2021-05-05,2026-09-18,1362,1361,52161621.67019683
BCI.AX,2012-01-03,2026-09-18,3726,2994,1718484125.2313757
BCK.AX,2012-01-03,2026-09-18,3726,2376,111362786.54000364
BCM.AX,2012-01-03,2026-09-18,3726,693,151844967.32407677
BCN.AX,2012-01-03,2026-09-18,3726,2776,417716425.2831228
BDM.AX,2013-01-04,2026-09-18,3471,1473,24168935.09247065
BEZ.AX,2021-10-08,2026-09-18,1251,1108,29267063.54460378
BGD.AX,2021-06-28,2026-09-18,1325,1324,298139902.3620082
BGL.AX,2012-01-03,2026-09-18,3726,2806,2408776364.384075
BH6.AX,2021-07-08,2026-09-18,1317,26,80373800.29376775
BHL.AX,2025-12-02,2026-09-18,202,202,12606558.437594175
BHM.AX,2022-07-28,2026-09-18,1050,297,265444638.0020675
BHP.AX,2012-01-03,2026-09-18,3726,2784,310314325734.114
BIM.AX,2022-06-28,2026-09-18,1072,1069,8288481.299354643
BIS.AX,2012-01-03,2026-09-18,3726,2734,204836945.6625805
BKB.AX,2023-09-12,2026-09-18,766,210,90611673.6763835
BKT.AX,2012-01-03,2026-09-18,3726,2743,26852925.07513976
BLZ.AX,2012-01-03,2026-09-18,3726,2731,3306250.1570384484
BM1.AX,2025-07-14,2026-09-18,303,299,309131949.9715941
BM8.AX,2020-11-04,2026-09-18,1486,916,9080580.169820733
BMC.AX,2025-12-12,2026-09-18,194,134,727795482.9416919
BMH.AX,2015-06-19,2026-09-18,2851,2851,2061635.3008288145
BML.AX,2012-01-03,2026-09-18,3726,2816,256477619.32759345
BMM.AX,2021-07-14,2026-09-18,1313,1313,8422083.148356132
BMR.AX,2021-09-03,2026-09-18,1276,1274,32217283.398277044
BNR.AX,2012-01-03,2026-09-18,3726,2908,7340333.184379486
BNZ.AX,2020-12-23,2026-09-18,1451,1451,1785451663.1430016
BOA.AX,2012-10-11,2026-09-18,3529,3040,24121645.499910906
BOC.AX,2012-01-03,2026-09-18,3726,1986,64169998.56568873
BPM.AX,2020-12-30,2026-09-18,1448,1395,30638409.805797413
BRE.AX,2023-12-21,2026-09-18,694,692,1143027139.9059677
BRI.AX,2017-05-01,2026-09-18,2379,2379,121976869.57777643
BRL.AX,2012-01-03,2026-09-18,3726,2739,100822248.45218003
BRY.AX,2012-01-03,2026-09-18,3726,161,2904372.6422623545
BSL.AX,2012-01-03,2026-09-18,3726,2791,13172988216.479378
BSR.AX,2026-04-16,2026-09-18,111,111,27162499.763071537
BSX.AX,2017-01-23,2026-09-18,2445,2445,74031376.27916364
BTM.AX,2012-01-03,2026-09-18,3726,443,21438795.723831654
BTR.AX,2012-01-03,2026-09-18,3726,3034,629382558.4722896
BUR.AX,2021-07-07,2026-09-18,1318,1318,5249769.951203609
BUS.AX,2022-10-13,2026-09-18,996,995,5031936.359386206
BUX.AX,2012-01-03,2026-09-18,3726,2797,16494619.227613237
BVR.AX,2022-05-25,2026-09-18,1095,1085,91789046.92461336
C29.AX,2021-11-03,2026-09-18,1233,1232,5823617.374155067
C7A.AX,2012-01-03,2026-09-18,3726,980,7512534.314301532
CAA.AX,2012-01-03,2026-09-18,3726,3178,183787286.62994957
CAE.AX,2012-01-03,2026-09-18,3726,2919,44382176.14965281
CAV.AX,2012-01-03,2026-09-18,3726,2761,33053310.21429041
CAY.AX,2012-01-03,2026-09-18,3726,2755,94857292.71436745
CAZ.AX,2012-01-03,2026-09-18,3726,3341,12369646.19223239
CBE.AX,2020-01-31,2026-09-18,1681,1675,460806802.875
CBY.AX,2019-03-07,2026-09-18,1909,1909,11747322.729622558
CC9.AX,2023-10-27,2026-09-18,733,693,12705942.8161904
CCM.AX,2012-01-03,2026-09-18,3726,693,12345775.241237776
CDR.AX,2021-06-23,2026-09-18,1328,1326,10853554.677672341
CDT.AX,2012-01-03,2026-09-18,3726,2740,16581606.105150841
CEL.AX,2012-01-03,2026-09-18,3726,2827,350796612.9903481
CG1.AX,2018-01-23,2026-09-18,2192,2189,34666429.385144904
CGR.AX,2023-10-18,2026-09-18,740,740,6449698.895080857
CHN.AX,2012-01-03,2026-09-18,3726,2970,485752362.91543996
CHR.AX,2021-07-09,2026-09-18,1316,1316,6472496.457373261
CHRCB.AX,2026-01-07,2026-09-18,179,173,1797915.7198134512
CHW.AX,2023-07-05,2026-09-18,815,814,84217483.70086133
CIA.AX,2012-01-03,2026-09-18,3726,2379,1820152496.5
CKA.AX,2012-01-03,2026-09-18,3726,2848,53947449.80387963
CLA.AX,2012-01-03,2026-09-18,3726,2734,14898656.72764819
CLZ.AX,2013-05-24,2026-09-18,3375,2757,5509605.718692217
CMD.AX,2012-01-03,2026-09-18,3726,2353,15306860.270168569
CMG.AX,2022-09-27,2026-09-18,1008,1004,7567375.870855965
CML.AX,2012-01-03,2026-09-18,3726,1940,57022376.049699605
CMM.AX,2012-01-03,2026-09-18,3726,2689,6907435045.612305
CMO.AX,2022-01-31,2026-09-18,1174,1171,3156208.317911844
CNB.AX,2016-08-30,2026-09-18,2546,1860,266455661.51846838
CNJ.AX,2012-01-03,2026-09-18,3726,2737,5215895.983741754
COB.AX,2017-02-02,2026-09-18,2438,2127,41710003.37260964
COD.AX,2020-10-28,2026-09-18,1491,1491,51184698.05593282
COY.AX,2012-01-03,2026-09-18,3726,2730,4413287.046355345
CP8.AX,2013-09-02,2026-09-18,3305,396,61151888.8303144
CPM.AX,2021-11-19,2026-09-18,1221,1220,10349510.991252601
CPN.AX,2020-11-25,2026-09-18,1471,1470,41614974.2771747
CPO.AX,2021-09-10,2026-09-18,1271,1271,14355748.830016583
CR1.AX,2018-07-30,2026-09-18,2063,2062,13935037.228865862
CR3.AX,2012-01-03,2026-09-18,3726,1988,6242863.763696541
CRB.AX,2012-01-03,2026-09-18,3726,3664,10726790.847235244
CRI.AX,2012-01-03,2026-09-18,3726,512,63646927.15791193
CRN.AX,2018-10-23,2026-09-18,2002,2002,413209133.6609833
CRR.AX,2012-01-03,2026-09-18,3726,2048,24067998.85789946
CRS.AX,2018-12-05,2026-09-18,1971,1969,65358288.64710495
CSC.AX,2024-04-08,2026-09-18,623,623,10977951914.002937
CST.AX,2020-02-14,2026-09-18,1671,1669,29128963.967354134
CTM.AX,2012-01-03,2026-09-18,3726,2726,281469874.4381752
CTN.AX,2012-01-03,2026-09-18,3726,2777,9355051.245187033
CTO.AX,2012-01-03,2026-09-18,3726,2772,42000001.296401024
CUF.AX,2012-01-03,2026-09-18,3726,1205,105754060.33745229
CUL.AX,2012-01-03,2026-09-18,3726,2735,4160411.1301637245
CVR.AX,2022-06-17,2026-09-18,1079,1077,20441304.743101224
CVV.AX,2012-01-03,2026-09-18,3726,2747,128515390.67133906
CXL.AX,2018-07-20,2026-09-18,2069,2068,50765767.94623934
CXO.AX,2012-01-03,2026-09-18,3726,2798,1197616631.114273
CXU.AX,2012-01-03,2026-09-18,3726,2750,203697706.2353323
CY5.AX,2018-01-15,2026-09-18,2198,2195,222542852.23511773
CYL.AX,2012-01-03,2026-09-18,3726,2785,1787675990.5799613
CYM.AX,2012-01-03,2026-09-18,3726,1830,283259074.19299793
CZN.AX,2012-01-03,2026-09-18,3726,2766,22706915.580065757
CZR.AX,2012-01-03,2026-09-18,3726,2727,46065097.95195919
DAF.AX,2012-01-03,2026-09-18,3726,3155,3709225.886491526
DAL.AX,2021-09-28,2026-09-18,1259,1258,24040373.078483894
DBO.AX,2021-10-12,2026-09-18,1249,1248,8116094.443591149
DES.AX,2022-12-16,2026-09-18,950,950,35982123.95018351
DGL.AX,2021-05-24,2026-09-18,1349,1348,78436948.47507504
DGR.AX,2012-01-03,2026-09-18,3726,2730,32354574.78922241
DKM.AX,2014-08-04,2026-09-18,3073,3073,14346268.315249108
DLI.AX,2017-11-03,2026-09-18,2246,859,111563243.69302419
DLY.AX,2026-06-23,2026-09-18,64,60,12740000.054240227
DM1.AX,2020-12-18,2026-09-18,1454,1454,4682151.751522527
DME.AX,2013-10-24,2026-09-18,3267,2748,20994388.41284076
DNL.AX,2012-01-03,2026-09-18,3726,372,7180530409.078352
DPM.AX,2025-09-18,2026-09-18,255,254,12984430092.243004
DRE.AX,2012-01-03,2026-09-18,3726,1909,74427601.5356183
DRR.AX,2020-10-23,2026-09-18,1494,1408,2282171152.9514194
DRX.AX,2012-01-03,2026-09-18,3726,2887,70115947.93824723
DSM.AX,2025-10-21,2026-09-18,232,232,20143710.81511146
DTM.AX,2012-01-03,2026-09-18,3726,2744,4010677.438862188
DTR.AX,2012-01-03,2026-09-18,3726,2747,268960477.226645
DTZ.AX,2012-01-03,2026-09-18,3726,2491,20413801.43918524
DUN.AX,2021-11-10,2026-09-18,1228,1227,10106083.212210517
DVP.AX,2012-01-03,2026-09-18,3726,1252,1745623155.452053
DYM.AX,2023-01-16,2026-09-18,932,926,29387084.285114765
E25.AX,2012-01-03,2026-09-18,3726,2562,83118056.03073418
E79.AX,2021-10-07,2026-09-18,1252,1251,9192447.869662046
EAU.AX,2021-12-01,2026-09-18,1213,5,31451313.28637266
EE1.AX,2012-01-03,2026-09-18,3726,664,3751622.6511446973
EFE.AX,2012-01-03,2026-09-18,3726,2834,3760143.806803152
EFR.AX,2012-01-03,2026-09-18,3597,0,
EG1.AX,2023-04-11,2026-09-18,874,874,10484288.659133043
EGR.AX,2012-01-03,2026-09-18,3726,1711,136157602.07766885
ELK.AX,2026-08-10,2026-09-18,30,30,276513505.6284981
ELT.AX,2012-01-03,2026-09-18,3726,2924,153407228.63749042
ELV.AX,2012-01-03,2026-09-18,3726,248,1235333452.0079026
EM2.AX,2018-03-16,2026-09-18,2155,2155,10771317.462474918
EM3.AX,2018-08-29,2026-09-18,2041,194,53083774.772898674
EMA.AX,2021-10-13,2026-09-18,1248,1248,6692045.120267104
EMC.AX,2012-01-03,2026-09-18,3726,2718,31016307.517652683
EMH.AX,2024-05-22,2026-09-18,592,592,53509207.20749006
EMN.AX,2018-10-02,2026-09-18,2017,2017,11436360.064377427
EMR.AX,2012-01-03,2026-09-18,3726,3072,4685165183.726986
EMT.AX,2012-01-03,2026-09-18,3726,1684,3900004.352828108
EMU.AX,2012-01-03,2026-09-18,3726,2423,6487962.676161677
ENR.AX,2012-01-03,2026-09-18,3726,2737,179271902.55296063
ENT.AX,2012-01-03,2026-09-18,3726,2728,5002285.138481583
ENV.AX,2012-01-03,2026-09-18,3726,1595,3961218.520147775
EPM.AX,2012-01-03,2026-09-18,3726,2860,49377034.296337254
EQR.AX,2012-01-03,2026-09-18,3726,1465,2506854369.2948728
EQX.AX,2012-01-03,2026-09-18,3726,2986,19716803.733475357
ERE.AX,2020-12-04,2026-09-18,1464,129,10498722.680335257
ERL.AX,2012-01-03,2026-09-18,3726,2742,20871415.08348751
ESR.AX,2012-05-14,2026-09-18,3636,2784,59666954.8109247
ETM.AX,2012-01-03,2026-09-18,3726,976,99022528.95480162
EUR.AX,2012-01-03,2026-09-18,3726,2459,665828544.9819195
EV1.AX,2021-11-16,2026-09-18,1224,1224,8984008.633319214
EVG.AX,2018-01-19,2026-09-18,2194,2194,14819700.842382696
EVN.AX,2012-01-03,2026-09-18,3726,2734,28010312648.933342
EVRDD.AX,2012-01-03,2026-09-18,3726,7,13543474.965406828
FAL.AX,2021-12-29,2026-09-18,1195,1194,121860319.5608545
FAU.AX,2012-01-03,2026-09-18,3726,2602,37634801.39879662
FBU.AX,2012-01-03,2026-09-18,3726,2379,3151396049.111494
FEG.AX,2022-03-28,2026-09-18,1134,1123,54213566.901458144
FEX.AX,2012-01-03,2026-09-18,3726,1973,192671207.75
FFM.AX,2012-01-03,2026-09-18,3726,693,1561427589.093967
FG1.AX,2021-06-17,2026-09-18,1332,1330,11564450.252143502
FGH.AX,2012-01-03,2026-09-18,3726,703,25722706.418694057
FGR.AX,2012-01-03,2026-09-18,3726,2728,49667072.02105812
FHS.AX,2012-01-03,2026-09-18,3726,2450,6099780.441521389
FIN.AX,2012-01-03,2026-09-18,3726,2786,8470647.420666272
FL1.AX,2012-01-03,2026-09-18,3726,702,18229862.637613177
FLG.AX,2020-10-08,2026-09-18,1505,429,64120585.31635344
FME.AX,2021-06-22,2026-09-18,1329,1164,15244925.32153904
FMG.AX,2012-01-03,2026-09-18,3726,2552,51511081685.43172
FML.AX,2012-01-03,2026-09-18,3726,2870,654301698.8803558
FMN.AX,2012-01-03,2026-09-18,3726,88,45077100.891202986
FNR.AX,2024-04-12,2026-09-18,619,619,10361864.27684091
FRB.AX,2021-03-18,2026-09-18,1394,1393,24618790.113262787
FRS.AX,2021-09-30,2026-09-18,1257,1256,851555451.4480969
FUL.AX,2024-11-22,2026-09-18,461,461,10728000.160210505
FUN.AX,2012-01-03,2026-09-18,3726,2762,37532392.77253626
FXG.AX,2022-01-31,2026-09-18,1174,1170,113596384.04446617
G11.AX,2012-01-03,2026-09-18,3726,693,31896117.487167567
G50.AX,2021-08-06,2026-09-18,1296,1296,118377489.26455826
G6M.AX,2012-01-03,2026-09-18,3726,1224,829635121.0820379
G88.AX,2017-06-19,2026-09-18,2345,2345,5257362.0622773655
GA8.AX,2012-01-03,2026-09-18,3726,254,37886937.25675145
GAL.AX,2018-05-29,2026-09-18,2106,2106,21738741.852206364
GBE.AX,2012-01-03,2026-09-18,3726,2778,56699779.3206851
GBL.AX,2012-01-03,2026-09-18,3726,65,12577468.354567647
GBM.AX,2012-01-03,2026-09-18,3726,2756,103076392.31032375
GBR.AX,2016-11-18,2026-09-18,2488,2488,169674531.70628026
GCR.AX,2012-01-03,2026-09-18,3726,2862,2194512.3242337373
GDM.AX,2023-08-25,2026-09-18,778,778,22226875.023190618
GDR.AX,2025-10-29,2026-09-18,226,226,9399807.208871558
GED.AX,2012-01-03,2026-09-18,3726,3553,11400356.469878547
GEN.AX,2021-03-10,2026-09-18,1400,1399,24216753.461491026
GES.AX,2012-01-03,2026-09-18,3726,2846,8611254.187339023
GG1.AX,2025-10-08,2026-09-18,241,239,6384237.595132552
GG8.AX,2012-01-03,2026-09-18,3726,412,249102044.72017154
GGM.AX,2017-02-24,2026-09-18,2422,19,73553676.39945722
GGP.AX,2025-06-24,2026-09-18,317,317,7455074467.732587
GGR.AX,2025-10-31,2026-09-18,224,222,22403873.2592344
GHM.AX,2024-12-16,2026-09-18,445,445,106601239.83595252
GIB.AX,2012-01-03,2026-09-18,3726,1973,6649792.686321046
GL1.AX,2021-05-06,2026-09-18,1361,1360,184534073.88939327
GLN.AX,2012-01-03,2026-09-18,3726,2761,475326236.625
GMD.AX,2012-01-03,2026-09-18,3726,2749,8929598927.1483
GML.AX,2012-01-03,2026-09-18,3726,2996,233781946.26712295
GMN.AX,2012-01-03,2026-09-18,3726,2737,21928990.81600517
GNG.AX,2012-01-03,2026-09-18,3726,2783,1433919030.4066873
GNM.AX,2012-01-03,2026-09-18,3726,2979,16790508.008487016
GPR.AX,2012-01-03,2026-09-18,3726,2786,106499645.35692059
GR8.AX,2023-11-10,2026-09-18,723,678,34557867.51148301
GRE.AX,2022-01-04,2026-09-18,1192,1188,19099650.29684615
GRR.AX,2012-01-03,2026-09-18,3726,2964,150454025.35137904
GRS.AX,2026-07-31,2026-09-18,36,35,14850044.606608152
GRX.AX,2012-01-03,2026-09-18,3726,1165,301327519.13574725
GSM.AX,2018-11-08,2026-09-18,1990,1989,5789583.41032505
GSN.AX,2012-01-03,2026-09-18,3726,2885,29235357.68564077
GT1.AX,2021-11-10,2026-09-18,1228,1227,16870383.392732896
GTE.AX,2012-01-03,2026-09-18,3726,2859,7775912.41619481
GUL.AX,2012-01-03,2026-09-18,3726,3242,15697595.708253026
GW1.AX,2012-01-03,2026-09-18,3726,1302,52502495.382348135
GWR.AX,2012-01-03,2026-09-18,3726,2736,42312938.597970605
HAR.AX,2022-01-27,2026-09-18,1176,1176,28541329.884052835
HAS.AX,2012-01-03,2026-09-18,3726,2729,60922447.925377846
HAV.AX,2012-01-03,2026-09-18,3726,2665,291985981.55591613
HAW.AX,2012-01-03,2026-09-18,3726,3287,26466234.645077683
HCH.AX,2012-01-03,2026-09-18,3726,2763,306381498.624979
HFR.AX,2012-02-07,2026-09-18,3702,2739,9007463.527363764
HIO.AX,2012-01-03,2026-09-18,3726,1285,12403216.689068798
HLX.AX,2012-01-03,2026-09-18,3726,3026,7890235.172941424
HMG.AX,2021-11-05,2026-09-18,1231,1230,59491069.79027094
HMX.AX,2012-01-03,2026-09-18,3726,2729,76777250.8074157
HOR.AX,2012-01-03,2026-09-18,3726,2767,18750227.154400155
HRN.AX,2016-12-21,2026-09-18,2465,2465,208855994.86825454
HTM.AX,2023-01-23,2026-09-18,927,927,26319956.75
HVY.AX,2021-09-14,2026-09-18,1269,1268,26679161.777074814
HWK.AX,2017-06-09,2026-09-18,2350,2350,23459427.728912182
HZR.AX,2015-12-02,2026-09-18,2733,2733,83032830.41859901
I88.AX,2024-01-16,2026-09-18,679,678,11902795.895503461
IBR.AX,2012-01-03,2026-09-18,3726,161,27656331.61211145
ICL.AX,2021-04-14,2026-09-18,1377,1376,10897681.0373881
IDA.AX,2012-01-03,2026-09-18,3726,2596,12884648.872005649
IG6.AX,2022-04-07,2026-09-18,1126,1122,13249939.237364277
IGO.AX,2012-01-03,2026-09-18,3726,2784,5210002640.102424
ILT.AX,2023-06-30,2026-09-18,818,757,39862190.0
ILU.AX,2012-01-03,2026-09-18,3726,2810,2613041675.326824
IMA.AX,2012-01-03,2026-09-18,3726,2793,17841754.319437817
IMI.AX,2021-12-29,2026-09-18,1195,1195,3919286.7579754097
IND.AX,2021-07-13,2026-09-18,1314,1314,17082461.751660235
INF.AX,2012-01-03,2026-09-18,3726,2305,5305979.581402112
INR.AX,2012-01-03,2026-09-18,3726,2267,384329244.625
ION.AX,2012-01-03,2026-09-18,3726,693,162045954.25
IPT.AX,2012-01-03,2026-09-18,3726,2761,14469946.734639362
IPX.AX,2018-04-16,2026-09-18,2136,1163,1086402210.0
IRD.AX,2012-01-03,2026-09-18,3726,3329,8401927.56220228
ITM.AX,2021-10-21,2026-09-18,1242,1241,13138696.268806607
IVG.AX,2012-01-03,2026-09-18,3726,326,19293906.345439762
IVR.AX,2012-01-03,2026-09-18,3726,3065,146880038.64570063
IXR.AX,2012-01-03,2026-09-18,3726,2756,123582532.43771508
JAL.AX,2012-01-03,2026-09-18,3726,2747,33060166.26575282
JAV.AX,2012-10-09,2026-09-18,3531,1209,26873598.8832718
JHX.AX,2012-01-03,2026-09-18,3726,2526,21160045130.50351
JLL.AX,2012-01-03,2026-09-18,3726,693,46708235.61195195
JMS.AX,2018-04-18,2026-09-18,2134,2134,481633394.3689059
JNO.AX,2021-05-14,2026-09-18,1355,1339,5440163.3862435
KAL.AX,2021-11-17,2026-09-18,1223,1223,10572389.20554881
KAN.AX,2012-01-03,2026-09-18,3726,14,275608758.0604162
KAO.AX,2026-05-07,2026-09-18,96,40,173567716.56476736
KAU.AX,2020-02-28,2026-09-18,1661,1660,136197536.16699734
KCC.AX,2021-03-30,2026-09-18,1386,1385,51858778.94068265
KCN.AX,2012-01-03,2026-09-18,3726,2737,1438608647.0067425
KFM.AX,2020-12-11,2026-09-18,1459,1457,8013582.610577568
KGL.AX,2012-01-03,2026-09-18,3726,2942,431564240.1245824
KLI.AX,2022-02-10,2026-09-18,1166,1123,111820007.85999894
KLR.AX,2012-01-03,2026-09-18,3726,2781,11644629.212930523
KM1.AX,2024-01-08,2026-09-18,685,678,19647490.22738199
KNB.AX,2021-09-28,2026-09-18,1259,1258,29600699.44129946
KNG.AX,2022-06-14,2026-09-18,1082,1080,4168513.016102046
KNI.AX,2021-08-24,2026-09-18,1284,1284,6394182.045280736
KOB.AX,2022-05-04,2026-09-18,1110,1107,9998505.482568383
KP2.AX,2017-11-07,2026-09-18,2244,2220,351343397.8662092
KRM.AX,2012-01-03,2026-09-18,3726,3183,16577583.328172639
KRR.AX,2012-01-03,2026-09-18,3726,1969,129161550.21517918
KSN.AX,2012-01-03,2026-09-18,3726,2919,44909439.925769985
KTA.AX,2013-01-14,2026-09-18,3465,2732,12073566.15894759
KZR.AX,2017-01-16,2026-09-18,2450,2450,53167694.10636011
L1M.AX,2022-11-22,2026-09-18,968,967,4561273.203648156
LAC.AX,2012-01-03,2026-09-18,3726,83,78440836.2245071
LAT.AX,2012-01-03,2026-09-18,3726,560,27306896.88507855
LCL.AX,2012-01-03,2026-09-18,3726,1684,8438550.317470118
LCY.AX,2012-01-03,2026-09-18,3726,3058,48810211.829006724
LDR.AX,2021-07-02,2026-09-18,1321,1320,20296095.20243538
LEG.AX,2012-01-03,2026-09-18,3726,2783,23315818.70744191
LEL.AX,2021-05-19,2026-09-18,1352,1351,35840501.27890235
LEX.AX,2012-01-03,2026-09-18,3726,2510,37424720.11712471
LFT.AX,2026-05-26,2026-09-18,83,82,202561746.30970645
LGM.AX,2021-09-13,2026-09-18,1270,1269,25014403.625
LIB.AX,2012-01-03,2026-09-18,3726,235,40564877.25872819
LIN.AX,2012-01-03,2026-09-18,3726,2659,1229848649.0087416
LKE.AX,2012-01-03,2026-09-18,3726,2850,102440458.07857591
LKY.AX,2021-07-08,2026-09-18,1317,1317,21792095.714939922
LM1.AX,2023-03-29,2026-09-18,881,879,28566682.605208457
LM8.AX,2021-06-16,2026-09-18,1333,1330,80732715.19008988
LMG.AX,2012-01-03,2026-09-18,3726,2772,64882168.699704885
LML.AX,2012-01-03,2026-09-18,3726,3099,37744764.18576419
LMS.AX,2024-03-15,2026-09-18,637,637,12595301.051949799
LNQ.AX,2025-06-27,2026-09-18,314,314,88185850.13687056
LOT.AX,2012-01-03,2026-09-18,3726,1766,125820430.94245103
LPM.AX,2022-04-26,2026-09-18,1116,1113,20835900.82794428
LRD.AX,2022-04-07,2026-09-18,1126,1121,2480828.4405749626
LRM.AX,2012-01-03,2026-09-18,3726,2229,58622677.13642762
LRV.AX,2021-12-06,2026-09-18,1210,1209,581989943.5978074
LSA.AX,2012-01-03,2026-09-18,3726,2102,48302346.86828041
LSR.AX,2012-01-03,2026-09-18,3726,2729,11917629.950057022
LSX.AX,2013-02-28,2026-09-18,3425,3035,130397157.00802356
LTR.AX,2012-01-03,2026-09-18,3726,2739,3255820525.4577947
LU7.AX,2012-01-03,2026-09-18,3726,781,7434101.281100847
LUX.AX,2026-07-17,2026-09-18,46,46,43528490.20966673
LYC.AX,2012-01-03,2026-09-18,3726,2786,14443312378.250263
M24.AX,2021-02-05,2026-09-18,1423,1421,10238173.226968916
M2M.AX,2021-09-10,2026-09-18,1271,1270,6197042.2783437
M2R.AX,2020-10-22,2026-09-18,1495,1494,4219180.018400288
M3M.AX,2021-07-29,2026-09-18,1302,1301,4802523.611334328
M4M.AX,2012-01-03,2026-09-18,3726,950,27453784.096637733
M79.AX,2022-04-13,2026-09-18,1122,280,23474344.63351881
M96.AX,2021-04-28,2026-09-18,1367,62,12939348.044394847
MAG.AX,2017-05-19,2026-09-18,2365,2365,10044620.615485229
MAH.AX,2012-01-03,2026-09-18,3726,2727,2316609858.1827316
MAN.AX,2012-01-03,2026-09-18,3726,1670,12545198.119592965
MAT.AX,2012-01-03,2026-09-18,3726,2734,45646030.80303575
MBG.AX,2026-02-06,2026-09-18,158,0,
MBK.AX,2012-01-03,2026-09-18,3726,2745,10030436.438649036
MC2.AX,2025-09-11,2026-09-18,260,254,1163701103.6775513
MDI.AX,2012-01-03,2026-09-18,3726,2808,13906505.111247784
MDX.AX,2012-01-03,2026-09-18,3726,2731,82712648.972147
MEG.AX,2020-10-27,2026-09-18,1492,1491,9368882.599302314
MEI.AX,2012-01-03,2026-09-18,3726,2737,523191404.6097577
MEK.AX,2012-01-03,2026-09-18,3726,1212,372233160.43994033
MEU.AX,2012-01-03,2026-09-18,3726,2730,94273432.60645998
MEX.AX,2022-06-07,2026-09-18,1086,200,10365759.32287803
MGA.AX,2022-07-06,2026-09-18,1066,1065,15145333.225683048
MGL.AX,2012-01-03,2026-09-18,3726,2878,11007613.001872659
MGT.AX,2012-01-03,2026-09-18,3726,2778,3874703.2465723306
MGU.AX,2012-01-03,2026-09-18,3726,2996,19278223.061572947
MGX.AX,2012-01-03,2026-09-18,3726,3089,401345774.1215421
MHC.AX,2012-01-03,2026-09-18,3726,3164,15727961.232955577
MHK.AX,2020-11-19,2026-09-18,1475,1472,12339256.483869247
MHM.AX,2024-12-20,2026-09-18,441,441,13627500.247210264
MI6.AX,2021-10-12,2026-09-18,1249,1248,2135609109.1833096
MIN.AX,2012-01-03,2026-09-18,3726,2772,10488723439.522568
MIO.AX,2019-12-06,2026-09-18,1717,1717,11216504.239291588
MKR.AX,2020-07-14,2026-09-18,1567,1562,116607431.53786474
ML8.AX,2025-12-11,2026-09-18,195,130,16478752.123331204
MLG.AX,2021-05-04,2026-09-18,1363,1362,124261288.20226443
MLS.AX,2012-01-03,2026-09-18,3726,3280,13902670.508957706
MLX.AX,2012-01-03,2026-09-18,3726,2765,1905744041.2329798
MM1.AX,2021-09-07,2026-09-18,1274,1272,307721783.75
MM8.AX,2021-03-22,2026-09-18,1392,1391,505902998.4220494
MMA.AX,2022-04-29,2026-09-18,1113,1113,128850510.68608454
MMI.AX,2012-01-03,2026-09-18,3726,2731,402901569.1411079
MML.AX,2022-05-02,2026-09-18,1112,1112,6570995.202575248
MNB.AX,2012-01-03,2026-09-18,3726,2902,22713926.2633976
MOH.AX,2018-11-07,2026-09-18,1991,1991,5287663.236811514
MOM.AX,2012-01-03,2026-09-18,3726,1011,3023553.527281767
MPK.AX,2022-03-16,2026-09-18,1142,693,145166031.77179742
MPW.AX,2012-11-01,2026-09-18,3514,2376,278379867.70235825
MQR.AX,2017-03-15,2026-09-18,2409,2229,4543186.779789783
MRD.AX,2012-01-03,2026-09-18,3726,2830,65344216.9545508
MRQ.AX,2012-01-03,2026-09-18,3726,2810,6696302.618057292
MRR.AX,2012-01-03,2026-09-18,3726,2726,27860993.656838514
MRT.AX,2012-01-03,2026-09-18,3726,111,262882646.2518403
MRZ.AX,2025-11-05,2026-09-18,221,221,18094349.46443197
MSV.AX,2012-01-03,2026-09-18,3726,2730,112598774.82174158
MTH.AX,2012-01-03,2026-09-18,3726,2774,44997060.91423729
MTL.AX,2012-01-03,2026-09-18,229,2911,7233115.17755452
MTM.AX,2021-07-15,2026-09-18,1312,1312,289231153.9005239
MVL.AX,2016-06-14,2026-09-18,2601,1535,19199620.01102005
MYE.AX,2012-01-03,2026-09-18,3726,2972,233162230.2674117
NAE.AX,2012-01-03,2026-09-18,3726,2730,8684525.386492802
NAG.AX,2012-01-03,2026-09-18,3726,2726,17700124.022344243
NC1.AX,2022-01-19,2026-09-18,1181,1179,14363401.99655331
NEM.AX,2023-10-27,2026-09-18,733,693,185312854555.7882
NES.AX,2012-01-03,2026-09-18,3726,2220,8214783.056405719
NFL.AX,2022-03-22,2026-09-18,1138,1138,11088125.449917838
NFM.AX,2012-01-03,2026-09-18,3726,453,8691481.810730238
NGX.AX,2023-06-16,2026-09-18,828,827,6342828.967004433
NH3.AX,2012-01-03,2026-09-18,3726,449,80026295.81146048
NHE.AX,2022-04-08,2026-09-18,1125,1122,34916761.249764845
NIC.AX,2018-08-20,2026-09-18,2048,2048,3365000199.6051817
NIM.AX,2021-11-22,2026-09-18,1220,1219,14278404.64085278
NME.AX,2012-01-03,2026-09-18,3726,3422,5126754.680408101
NMG.AX,2012-01-03,2026-09-18,3726,2640,925242421.4721315
NMR.AX,2020-11-17,2026-09-18,1477,1477,71297908.61774078
NNL.AX,2022-06-01,2026-09-18,1090,1087,70558625.17432362
NPM.AX,2012-01-03,2026-09-18,3726,1524,5489212.7767014615
NRX.AX,2017-11-15,2026-09-18,2238,1475,9626302.663613502
NRZ.AX,2012-01-03,2026-09-18,3726,1133,3402758.571622352
NSM.AX,2020-09-24,2026-09-18,1515,1514,7477424.792866528
NST.AX,2012-01-03,2026-09-18,3726,2752,31644919122.572006
NTM.AX,2012-01-03,2026-09-18,3726,2807,3632708.776576754
NTU.AX,2012-01-03,2026-09-18,3726,2751,238712691.38209623
NUF.AX,2012-01-03,2026-09-18,3726,2732,1248837102.5
NVA.AX,2012-01-03,2026-09-18,3726,2342,332175147.3736861
NVO.AX,2023-09-11,2026-09-18,767,767,30198486.110171765
NWM.AX,2018-11-29,2026-09-18,1975,1975,10815090.025689188
NXM.AX,2012-01-03,2026-09-18,3726,2653,35018056.54636744
NYM.AX,2022-04-14,2026-09-18,1121,1116,13731561.6913293
OB1.AX,2012-01-03,2026-09-18,3726,449,6501037.386773452
OBM.AX,2012-01-03,2026-09-18,3726,1832,2961739124.876969
OBT.AX,2019-12-18,2026-09-18,1709,23,14425897.299981281
OCN.AX,2022-07-01,2026-09-18,1069,1068,87097079.8224628
OCT.AX,2022-09-16,2026-09-18,1014,1014,2151283.047391996
OD6.AX,2022-06-22,2026-09-18,1076,1071,35383481.44911754
ODE.AX,2012-01-03,2026-09-18,3726,1182,37040183.23362413
ODY.AX,2012-01-03,2026-09-18,3726,2989,48035913.65253135
OKJ.AX,2012-01-03,2026-09-18,3726,3309,3474949.0282625332
OLY.AX,2017-09-12,2026-09-18,2284,1098,8971756.391511932
OM1.AX,2022-03-02,2026-09-18,1152,1123,5289646.5361379795
OMH.AX,2012-01-03,2026-09-18,3726,2898,157082683.6298257
OMX.AX,2021-12-08,2026-09-18,1208,1207,15603923.92828539
OR3.AX,2012-01-03,2026-09-18,3726,202,59740482.18830362
ORD.AX,2024-07-19,2026-09-18,551,551,42355254.66032642
ORE.AX,2025-08-08,2026-09-18,284,284,1997627946.4715266
ORI.AX,2012-01-03,2026-09-18,3726,2825,10480696795.783905
ORN.AX,2012-01-03,2026-09-18,3726,2730,232813894.18950394
ORP.AX,2012-01-03,2026-09-18,3726,634,45924518.05309573
OSM.AX,2022-04-22,2026-09-18,1117,1116,86440348.58480597
OZM.AX,2021-02-08,2026-09-18,1422,1421,25247562.22451006
OZZ.AX,2021-07-05,2026-09-18,1320,1320,7957239.446033165
PAF.AX,2026-06-23,2026-09-18,64,64,5021964509.64904
PAT.AX,2022-12-09,2026-09-18,955,954,17603240.964828253
PBL.AX,2021-11-29,2026-09-18,1215,1214,3426500.036433153
PC2.AX,2025-10-21,2026-09-18,232,231,396528143.71566844
PDI.AX,2012-01-03,2026-09-18,3726,2740,4851924108.986927
PEC.AX,2013-03-05,2026-09-18,3430,2878,15175078.694404451
PFE.AX,2021-08-05,2026-09-18,1297,1296,7884449.238491226
PGD.AX,2021-03-31,2026-09-18,1385,1384,15809378.046632856
PGL.AX,2012-01-03,2026-09-18,3726,2726,134559213.31031156
PGM.AX,2012-01-03,2026-09-18,3726,2729,15882779.704870243
PHO.AX,2012-01-03,2026-09-18,3726,1174,83823485.42467988
PIM.AX,2022-03-23,2026-09-18,1137,1137,4618536.416767664
PKO.AX,2012-01-03,2026-09-18,3726,2778,30605630.439160205
PL3.AX,2023-03-31,2026-09-18,879,878,40966525.875
PL9.AX,2012-01-03,2026-09-18,3726,248,34681886.97746689
PLA.AX,2017-09-21,2026-09-18,2277,282,318549159.0452993
PLC.AX,2022-02-11,2026-09-18,1165,1165,8214441.551552622
PLG.AX,2021-09-20,2026-09-18,1265,1265,6340795.386371054
PLS.AX,2012-01-03,2026-09-18,3726,2729,13452198268.680206
PM1.AX,2021-09-23,2026-09-18,1262,1262,15366621.651543748
PMM.AX,2023-09-28,2026-09-18,754,202,10485443.82464151
PMT.AX,2022-12-07,2026-09-18,957,957,846039768.9327202
PNN.AX,2012-01-03,2026-09-18,3726,2740,65657109.35897902
PNR.AX,2012-01-03,2026-09-18,3726,2730,1079543923.8365464
PNT.AX,2021-12-10,2026-09-18,1206,1206,2450236.6892983
POD.AX,2018-02-13,2026-09-18,2178,2164,31023807.027971428
POL.AX,2021-06-29,2026-09-18,1324,1324,272680601.206599
PR1.AX,2022-04-21,2026-09-18,1118,1104,21468938.953098953
PR2.AX,2024-07-15,2026-09-18,555,555,18504879.80624503
PRN.AX,2012-01-03,2026-09-18,3726,1745,2112648840.845049
PRU.AX,2012-01-03,2026-09-18,3726,2822,8745796741.374195
PRX.AX,2012-01-03,2026-09-18,3726,2602,18877229.47067759
PSC.AX,2012-01-03,2026-09-18,3726,2784,183765934.10424516
PSL.AX,2012-01-03,2026-09-18,3726,1561,20985167.509219036
PTN.AX,2013-10-02,2026-09-18,3283,533,75442861.46025646
PTR.AX,2012-01-03,2026-09-18,3726,2778,39526477.588990405
PUR.AX,2012-01-03,2026-09-18,3726,2296,22008940.1672754
PVT.AX,2018-07-26,2026-09-18,2065,963,24986813.582545552
PXX.AX,2013-01-15,2026-09-18,3464,2319,57225403.60448693
QGL.AX,2014-01-06,2026-09-18,3218,2017,112831997.47800827
QML.AX,2021-05-06,2026-09-18,1361,1360,50951436.743914336
QXR.AX,2012-01-03,2026-09-18,3726,1507,7555322.021207783
R8R.AX,2022-07-08,2026-09-18,1064,1063,10054363.82120812
RAG.AX,2012-01-03,2026-09-18,3726,1971,9281297.769558586
RAN.AX,2016-07-22,2026-09-18,2573,2573,1873743.0279209465
RAP.AX,2021-10-25,2026-09-18,1240,1240,14753994.419676302
RAS.AX,2012-01-03,2026-09-18,3726,1508,3567577.994423613
RAU.AX,2024-06-14,2026-09-18,576,576,33042813.86067894
RB6.AX,2021-12-29,2026-09-18,1195,1195,8910249.74361062
RBX.AX,2021-07-12,2026-09-18,1315,1315,3479612.2018502615
RC1.AX,2012-01-03,2026-09-18,3726,1200,10786821.75889574
RCM.AX,2021-12-29,2026-09-18,1195,1195,34684778.75395739
RCR.AX,2020-12-21,2026-09-18,1453,1453,7833436.32490905
RDM.AX,2012-01-03,2026-09-18,3726,3081,46553354.91945141
RDN.AX,2012-01-03,2026-09-18,3726,3181,10352674.415989008
RDS.AX,2012-01-03,2026-09-18,3726,2727,3914944.963030048
RDX.AX,2023-07-03,2026-09-18,817,812,1837784998.0
REC.AX,2021-10-11,2026-09-18,1250,1250,41431933.01695365
REE.AX,2012-01-03,2026-09-18,3726,1716,17031705.88771239
REZ.AX,2012-01-03,2026-09-18,3726,2972,9292773.252290327
RGL.AX,2017-10-10,2026-09-18,2264,2264,25320213.385799788
RHI.AX,2012-01-03,2026-09-18,3726,3405,285176848.03521395
RIE.AX,2012-01-03,2026-09-18,3726,2756,8508867.63571196
RIM.AX,2012-01-03,2026-09-18,3726,2730,32990526.643237397
RIO.AX,2012-01-03,2026-09-18,3726,2817,272207029264.39478
RKB.AX,2012-01-03,2026-09-18,3726,297,8930190.314624285
RLC.AX,2012-01-03,2026-09-18,3726,2775,1553413.425783175
RLF.AX,2022-04-21,2026-09-18,1118,1104,21307883.66807012
RMI.AX,2012-01-03,2026-09-18,3726,2729,136243426.35964215
RML.AX,2017-09-22,2026-09-18,2276,1721,115583149.89286155
RMS.AX,2012-01-03,2026-09-18,3726,2792,6756174653.138092
RMX.AX,2012-01-03,2026-09-18,3726,2793,13312259.69571474
RND.AX,2012-01-03,2026-09-18,3726,2862,120577030.81106281
RNU.AX,2012-01-03,2026-09-18,3726,2768,145135545.1568838
RNX.AX,2012-01-03,2026-09-18,3726,2265,4139593.7106201416
RON.AX,2021-12-29,2026-09-18,1195,1195,6460001.935607702
RR1.AX,2012-01-03,2026-09-18,3726,1229,17215517.570197042
RRE.AX,2025-10-29,2026-09-18,226,226,12076460.042025842
RRL.AX,2012-01-03,2026-09-18,3726,2814,5917831783.909847
RRR.AX,2021-09-23,2026-09-18,1262,1260,16195341.500775479
RSG.AX,2012-01-03,2026-09-18,3726,2801,2896200907.7380056
RTG.AX,2014-06-11,2026-09-18,3111,2379,82547335.4763723
RTR.AX,2012-01-03,2026-09-18,3726,2739,74308548.99765895
RVT.AX,2022-12-13,2026-09-18,953,952,21687444.782484323
RWD.AX,2012-01-03,2026-09-18,3726,2732,8705406.527725719
RXL.AX,2012-01-03,2026-09-18,3726,2729,864136439.4460058
S2R.AX,2015-10-19,2026-09-18,2765,2670,32958354.587354712
S32.AX,2015-05-18,2026-09-18,2874,2799,22093428331.04228
SBM.AX,2012-01-03,2026-09-18,3726,2983,1140233419.599446
SBR.AX,2012-01-03,2026-09-18,3726,2760,5486771.645692906
SCN.AX,2012-01-03,2026-09-18,3726,1969,10846623.757559061
SDV.AX,2012-01-03,2026-09-18,3726,2421,33917551.00276233
SER.AX,2012-01-03,2026-09-18,3726,2768,13437303.901384056
SFM.AX,2012-01-03,2026-09-18,3726,1845,37448322.37933293
SFR.AX,2012-01-03,2026-09-18,3726,2855,10285641300.327396
SFX.AX,2012-01-03,2026-09-18,3726,2726,17821812.588175178
SGA.AX,2022-07-18,2026-09-18,1058,1057,18006461.634568512
SGC.AX,2012-09-19,2026-09-18,3545,2774,246014371.37849355
SGM.AX,2012-01-03,2026-09-18,3726,2727,4786381300.295044
SGQ.AX,2012-01-03,2026-09-18,3726,2743,328913203.36033964
SHN.AX,2012-01-03,2026-09-18,3726,1466,140325685.8602524
SKM.AX,2012-01-03,2026-09-18,3726,432,32691722.0
SKY.AX,2012-01-03,2026-09-18,3726,1837,203428196.3955709
SLA.AX,2021-11-17,2026-09-18,1223,1223,8292875.255306706
SLB.AX,2022-03-18,2026-09-18,1140,1123,22634505.70881203
SLM.AX,2025-12-18,2026-09-18,189,189,11271320.649344996
SLS.AX,2022-05-02,2026-09-18,1112,1110,433377567.21338224
SLZ.AX,2018-08-16,2026-09-18,2050,2049,6436781.965121627
SMI.AX,2013-05-08,2026-09-18,3387,2767,547097120.070709
SMM.AX,2018-08-15,2026-09-18,2051,564,17650875.454356894
SMR.AX,2012-01-03,2026-09-18,3726,2884,2448522347.91123
SMS.AX,2021-10-27,2026-09-18,1238,1237,11670957.148762152
SNG.AX,2020-10-07,2026-09-18,1506,1505,12040472.410874464
SNM.AX,2025-10-30,2026-09-18,225,225,65438799.66402313
SNX.AX,2022-05-03,2026-09-18,1111,1108,64754732.99481046
SPD.AX,2022-06-08,2026-09-18,1085,1082,263334534.15198684
SPN.AX,2021-01-21,2026-09-18,1433,1433,20020589.14064914
SPQ.AX,2012-01-03,2026-09-18,3726,2860,7922012.693860859
SQX.AX,2023-02-20,2026-09-18,908,908,4072199.9779343605
SRK.AX,2012-01-03,2026-09-18,3726,3474,6242499.966174364
SRN.AX,2012-01-03,2026-09-18,3726,2478,3985942.642401755
SRR.AX,2022-05-02,2026-09-18,1112,1112,13596982.948692925
SRZ.AX,2012-01-03,2026-09-18,3726,2991,132609195.62592351
SS1.AX,2024-05-15,2026-09-18,597,597,192004833.07787156
STK.AX,2012-01-03,2026-09-18,3726,1541,179636885.91843992
STM.AX,2012-01-03,2026-09-18,3726,2316,53965425.72282314
STN.AX,2018-03-09,2026-09-18,2160,2154,346026132.7078366
SUH.AX,2012-01-03,2026-09-18,3726,2735,27332911.501893774
SVG.AX,2012-01-03,2026-09-18,3726,3044,14991039.854723781
SVM.AX,2012-01-03,2026-09-18,3726,2776,331260404.38713324
SVY.AX,2014-05-08,2026-09-18,3134,2746,16521800.576743381
SX2.AX,2025-01-17,2026-09-18,424,424,3473137909.419401
SYR.AX,2012-01-03,2026-09-18,3726,2729,222905041.6495673
T88.AX,2022-12-19,2026-09-18,949,948,4953950.209270582
TAM.AX,2012-01-03,2026-09-18,3726,3219,164513587.14041242
TAR.AX,2012-02-07,2026-09-18,3702,2766,20889257.638809383
TAS.AX,2012-01-03,2026-09-18,3726,2728,20475104.256872714
TAT.AX,2012-01-03,2026-09-18,3726,611,5867191.458858049
TBR.AX,2012-01-03,2026-09-18,3726,2961,280704206.94625425
TCG.AX,2012-01-03,2026-09-18,3726,1293,945423386.25
TEM.AX,2017-03-28,2026-09-18,2400,1528,4958443.100549929
TG1.AX,2021-04-07,2026-09-18,1382,1381,5991262.959535718
TG6.AX,2022-05-26,2026-09-18,1094,1085,31315722.098084226
TGH.AX,2019-12-11,2026-09-18,1714,1714,18933576.875799865
TGM.AX,2012-01-03,2026-09-18,3726,1955,247370225.53298146
TGN.AX,2013-01-14,2026-09-18,3465,2724,537590965.9934621
THR.AX,2012-01-03,2026-09-18,3726,2379,10300726.109760825
TIO.AX,2025-10-27,2026-09-18,228,228,8985593.851001121
TKM.AX,2012-01-03,2026-09-18,3726,1831,38021038.38446438
TLG.AX,2012-01-03,2026-09-18,3726,2733,140504872.22036102
TLM.AX,2012-01-03,2026-09-18,3726,2832,18119666.7748167
TM1.AX,2012-12-20,2026-09-18,3479,614,201022819.56652665
TMB.AX,2021-08-12,2026-09-18,1292,1291,10070080.454916157
TMS.AX,2012-01-03,2026-09-18,3726,1380,11973277.640700145
TMX.AX,2012-01-03,2026-09-18,3726,2769,15760913.440603184
TNC.AX,2020-11-10,2026-09-18,1482,1482,67627521.74115601
TOK.AX,2023-11-10,2026-09-18,723,678,401809866.5917014
TON.AX,2012-01-03,2026-09-18,3726,2476,9410332.749797849
TOR.AX,2021-06-25,2026-09-18,1326,1325,124985701.66243206
TR2.AX,2025-07-18,2026-09-18,299,299,46375473.64279568
TRE.AX,2023-02-21,2026-09-18,907,907,332881288.560164
TRM.AX,2012-01-03,2026-09-18,3726,2918,10540250.971619487
TSK.AX,2023-06-29,2026-09-18,819,819,6817325.0016058795
TSL.AX,2012-01-03,2026-09-18,3726,2685,14068483.262288095
TSO.AX,2012-01-03,2026-09-18,3726,1676,159066506.08090234
TSR.AX,2017-01-20,2026-09-18,2446,121,4864651.280455081
TTM.AX,2012-01-03,2026-09-18,3726,2814,172809933.86684954
TVN.AX,2012-01-03,2026-09-18,3726,925,481234912.39236546
TXR.AX,2012-01-03,2026-09-18,3726,177,5591981.550607427
TYX.AX,2012-01-03,2026-09-18,3726,2732,7832300.034014272
TZN.AX,2012-01-03,2026-09-18,3726,2754,49686140.37833528
UM1.AX,2026-01-12,2026-09-18,176,142,30570985.93478179
USC.AX,2012-01-03,2026-09-18,3726,202,22304752.305139378
USL.AX,2017-04-19,2026-09-18,2386,896,578076027.2862146
USM.AX,2021-02-17,2026-09-18,1415,125,5754850.741369059
VAL.AX,2026-03-27,2026-09-18,123,123,1232436605.7726288
VAN.AX,2022-01-28,2026-09-18,1175,1175,14700875.739314005
VAU.AX,2012-01-03,2026-09-18,3726,499,6559147932.162228
VBX.AX,2025-06-17,2026-09-18,322,322,66604300.99248141
VHM.AX,2023-01-09,2026-09-18,937,936,65472096.74586414
VKA.AX,2012-01-03,2026-09-18,3726,2974,30151718.48208911
VMC.AX,2012-01-03,2026-09-18,3726,2888,30039820.090614483
VML.AX,2012-01-03,2026-09-18,3726,2749,23796446.6068469
VMM.AX,2022-01-24,2026-09-18,1178,1176,544527729.1767607
VMS.AX,2012-01-03,2026-09-18,3726,2756,18882861.82165213
VR8.AX,2017-11-03,2026-09-18,2246,1788,37852203.05185048
VRC.AX,2012-01-03,2026-09-18,3726,2676,28853352.470655106
VRL.AX,2012-01-03,2026-09-18,3726,2729,5400592.01373633
VRX.AX,2012-01-03,2026-09-18,3726,2844,38387992.62903552
VSL.AX,2021-11-04,2026-09-18,1232,1232,782470008.7586975
VTA.AX,2021-03-16,2026-09-18,1396,161,1723383.2858121395
VTM.AX,2021-07-22,2026-09-18,1295,1295,197762037.0
VTX.AX,2022-01-17,2026-09-18,1183,1183,36898562.0
VUL.AX,2018-05-30,2026-09-18,2105,1726,1062626849.8345935
WA1.AX,2022-02-08,2026-09-18,1168,1126,780615979.5
WAF.AX,2012-01-03,2026-09-18,3726,2733,4098230574.101959
WAU.AX,2012-01-03,2026-09-18,3726,107,21472762.485946048
WC1.AX,2021-10-01,2026-09-18,1256,1254,7486610.761717871
WC8.AX,2012-01-03,2026-09-18,3726,1560,479462028.18320537
WCE.AX,2020-12-14,2026-09-18,1458,338,37909565.69816525
WCN.AX,2012-01-03,2026-09-18,3726,2735,76012399.37673996
WGN.AX,2017-12-08,2026-09-18,2221,2217,868798632.7528515
WGR.AX,2021-07-23,2026-09-18,1306,1305,22752310.842714235
WGX.AX,2016-12-06,2026-09-18,2476,2476,5249385292.9818125
WIA.AX,2012-01-03,2026-09-18,3726,1209,782943430.0430195
WIN.AX,2021-09-22,2026-09-18,1263,1263,14604281.743675657
WLC.AX,2026-08-24,2026-09-18,20,20,366490649.5
WMG.AX,2021-07-20,2026-09-18,1309,1308,20207586.065414965
WRX.AX,2022-08-05,2026-09-18,1044,139,6140930.595678538
WSR.AX,2020-12-17,2026-09-18,1455,1455,3219201.4599824063
WTM.AX,2012-10-29,2026-09-18,3517,686,238775184.19266272
WWI.AX,2012-01-03,2026-09-18,3726,2753,187004428.27060437
WYX.AX,2012-01-03,2026-09-18,3726,1062,6536091.521831073
XPD.AX,2012-01-03,2026-09-18,3726,2753,18180864.33833687
XRA.AX,2017-04-06,2026-09-18,2393,252,20706124.65779668
YRL.AX,2018-12-14,2026-09-18,1964,1963,66961978.909644276
YUG.AX,2021-10-21,2026-09-18,1242,305,19002626.99293407
ZAG.AX,2012-01-03,2026-09-18,3726,1421,36397018.924959384
ZEO.AX,2012-01-03,2026-09-18,3726,1463,146069774.1984089
ZIM.AX,2012-01-03,2026-09-18,3726,1987,1680223663.935546
ZMI.AX,2012-01-03,2026-09-18,3726,2572,30840256.90007412
ZNC.AX,2012-01-03,2026-09-18,3726,2760,53788598.92282194
