Feature,Period,N,Missing_N,Missing_Pct,First_Valid_Date
RV_5,2018_plus,2207,4,0.18124150430448574,2018-01-08
RV_5,2023_plus,941,0,0.0,2023-01-03
RV_5,2025_plus,435,0,0.0,2025-01-02
RV_10,2018_plus,2207,9,0.40779338468509285,2018-01-15
RV_10,2023_plus,941,0,0.0,2023-01-03
RV_10,2025_plus,435,0,0.0,2025-01-02
RV_21,2018_plus,2207,20,0.9062075215224286,2018-01-31
RV_21,2023_plus,941,0,0.0,2023-01-03
RV_21,2025_plus,435,0,0.0,2025-01-02
RV_63,2018_plus,2207,62,2.8092433167195288,2018-04-03
RV_63,2023_plus,941,0,0.0,2023-01-03
RV_63,2025_plus,435,0,0.0,2025-01-02
RV_126,2018_plus,2207,125,5.6637970095151795,2018-07-03
RV_126,2023_plus,941,0,0.0,2023-01-03
RV_126,2025_plus,435,0,0.0,2025-01-02
EWMA_Vol_094,2018_plus,2207,0,0.0,2018-01-02
EWMA_Vol_094,2023_plus,941,0,0.0,2023-01-03
EWMA_Vol_094,2025_plus,435,0,0.0,2025-01-02
RV21_Change_1D,2018_plus,2207,21,0.95151789759855,2018-02-01
RV21_Change_1D,2023_plus,941,0,0.0,2023-01-03
RV21_Change_1D,2025_plus,435,0,0.0,2025-01-02
RV21_Change_5D,2018_plus,2207,25,1.1327594019030358,2018-02-07
RV21_Change_5D,2023_plus,941,0,0.0,2023-01-03
RV21_Change_5D,2025_plus,435,0,0.0,2025-01-02
VolOfVol_21,2018_plus,2207,40,1.8124150430448571,2018-02-28
VolOfVol_21,2023_plus,941,0,0.0,2023-01-03
VolOfVol_21,2025_plus,435,0,0.0,2025-01-02
VolOfVol_63,2018_plus,2207,82,3.7154508382419573,2018-05-02
VolOfVol_63,2023_plus,941,0,0.0,2023-01-03
VolOfVol_63,2025_plus,435,0,0.0,2025-01-02
Return_1D,2018_plus,2207,0,0.0,2018-01-02
Return_1D,2023_plus,941,0,0.0,2023-01-03
Return_1D,2025_plus,435,0,0.0,2025-01-02
Abs_Return_1D,2018_plus,2207,0,0.0,2018-01-02
Abs_Return_1D,2023_plus,941,0,0.0,2023-01-03
Abs_Return_1D,2025_plus,435,0,0.0,2025-01-02
Squared_Return_1D,2018_plus,2207,0,0.0,2018-01-02
Squared_Return_1D,2023_plus,941,0,0.0,2023-01-03
Squared_Return_1D,2025_plus,435,0,0.0,2025-01-02
Return_5D,2018_plus,2207,4,0.18124150430448574,2018-01-08
Return_5D,2023_plus,941,0,0.0,2023-01-03
Return_5D,2025_plus,435,0,0.0,2025-01-02
Return_21D,2018_plus,2207,20,0.9062075215224286,2018-01-31
Return_21D,2023_plus,941,0,0.0,2023-01-03
Return_21D,2025_plus,435,0,0.0,2025-01-02
Return_63D,2018_plus,2207,62,2.8092433167195288,2018-04-03
Return_63D,2023_plus,941,0,0.0,2023-01-03
Return_63D,2025_plus,435,0,0.0,2025-01-02
Downside_Vol_21,2018_plus,2207,20,0.9062075215224286,2018-01-31
Downside_Vol_21,2023_plus,941,0,0.0,2023-01-03
Downside_Vol_21,2025_plus,435,0,0.0,2025-01-02
Downside_Vol_63,2018_plus,2207,62,2.8092433167195288,2018-04-03
Downside_Vol_63,2023_plus,941,0,0.0,2023-01-03
Downside_Vol_63,2025_plus,435,0,0.0,2025-01-02
Drawdown_21,2018_plus,2207,20,0.9062075215224286,2018-01-31
Drawdown_21,2023_plus,941,0,0.0,2023-01-03
Drawdown_21,2025_plus,435,0,0.0,2025-01-02
Drawdown_63,2018_plus,2207,62,2.8092433167195288,2018-04-03
Drawdown_63,2023_plus,941,0,0.0,2023-01-03
Drawdown_63,2025_plus,435,0,0.0,2025-01-02
Drawdown_126,2018_plus,2207,125,5.6637970095151795,2018-07-03
Drawdown_126,2023_plus,941,0,0.0,2023-01-03
Drawdown_126,2025_plus,435,0,0.0,2025-01-02
Sector_HL_Range,2018_plus,2207,0,0.0,2018-01-02
Sector_HL_Range,2023_plus,941,0,0.0,2023-01-03
Sector_HL_Range,2025_plus,435,0,0.0,2025-01-02
Sector_Parkinson_Var,2018_plus,2207,0,0.0,2018-01-02
Sector_Parkinson_Var,2023_plus,941,0,0.0,2023-01-03
Sector_Parkinson_Var,2025_plus,435,0,0.0,2025-01-02
Sector_Parkinson_Vol,2018_plus,2207,0,0.0,2018-01-02
Sector_Parkinson_Vol,2023_plus,941,0,0.0,2023-01-03
Sector_Parkinson_Vol,2025_plus,435,0,0.0,2025-01-02
Sector_Log_Dollar_Volume,2018_plus,2207,0,0.0,2018-01-02
Sector_Log_Dollar_Volume,2023_plus,941,0,0.0,2023-01-03
Sector_Log_Dollar_Volume,2025_plus,435,0,0.0,2025-01-02
Dollar_Volume_Change_21D,2018_plus,2207,21,0.95151789759855,2018-02-01
Dollar_Volume_Change_21D,2023_plus,941,0,0.0,2023-01-03
Dollar_Volume_Change_21D,2025_plus,435,0,0.0,2025-01-02
AUDUSD_Return_1D,2018_plus,2207,1,0.045310376076121435,2018-01-03
AUDUSD_Return_1D,2023_plus,941,0,0.0,2023-01-03
AUDUSD_Return_1D,2025_plus,435,0,0.0,2025-01-02
AUDUSD_Return_21D,2018_plus,2207,21,0.95151789759855,2018-02-01
AUDUSD_Return_21D,2023_plus,941,0,0.0,2023-01-03
AUDUSD_Return_21D,2025_plus,435,0,0.0,2025-01-02
AUDUSD_RV21,2018_plus,2207,21,0.95151789759855,2018-02-01
AUDUSD_RV21,2023_plus,941,0,0.0,2023-01-03
AUDUSD_RV21,2025_plus,435,0,0.0,2025-01-02
VIX_Return_1D,2018_plus,2207,1,0.045310376076121435,2018-01-03
VIX_Return_1D,2023_plus,941,0,0.0,2023-01-03
VIX_Return_1D,2025_plus,435,0,0.0,2025-01-02
VIX_Return_21D,2018_plus,2207,21,0.95151789759855,2018-02-01
VIX_Return_21D,2023_plus,941,0,0.0,2023-01-03
VIX_Return_21D,2025_plus,435,0,0.0,2025-01-02
VIX_RV21,2018_plus,2207,21,0.95151789759855,2018-02-01
VIX_RV21,2023_plus,941,0,0.0,2023-01-03
VIX_RV21,2025_plus,435,0,0.0,2025-01-02
VIX_Level,2018_plus,2207,0,0.0,2018-01-02
VIX_Level,2023_plus,941,0,0.0,2023-01-03
VIX_Level,2025_plus,435,0,0.0,2025-01-02
ASX200_Return_1D,2018_plus,2207,1,0.045310376076121435,2018-01-03
ASX200_Return_1D,2023_plus,941,0,0.0,2023-01-03
ASX200_Return_1D,2025_plus,435,0,0.0,2025-01-02
ASX200_Return_21D,2018_plus,2207,21,0.95151789759855,2018-02-01
ASX200_Return_21D,2023_plus,941,0,0.0,2023-01-03
ASX200_Return_21D,2025_plus,435,0,0.0,2025-01-02
ASX200_RV21,2018_plus,2207,21,0.95151789759855,2018-02-01
ASX200_RV21,2023_plus,941,0,0.0,2023-01-03
ASX200_RV21,2025_plus,435,0,0.0,2025-01-02
GOLD_Return_1D,2018_plus,2207,1,0.045310376076121435,2018-01-03
GOLD_Return_1D,2023_plus,941,0,0.0,2023-01-03
GOLD_Return_1D,2025_plus,435,0,0.0,2025-01-02
GOLD_Return_21D,2018_plus,2207,21,0.95151789759855,2018-02-01
GOLD_Return_21D,2023_plus,941,0,0.0,2023-01-03
GOLD_Return_21D,2025_plus,435,0,0.0,2025-01-02
GOLD_RV21,2018_plus,2207,21,0.95151789759855,2018-02-01
GOLD_RV21,2023_plus,941,0,0.0,2023-01-03
GOLD_RV21,2025_plus,435,0,0.0,2025-01-02
COPPER_Return_1D,2018_plus,2207,1,0.045310376076121435,2018-01-03
COPPER_Return_1D,2023_plus,941,0,0.0,2023-01-03
COPPER_Return_1D,2025_plus,435,0,0.0,2025-01-02
COPPER_Return_21D,2018_plus,2207,21,0.95151789759855,2018-02-01
COPPER_Return_21D,2023_plus,941,0,0.0,2023-01-03
COPPER_Return_21D,2025_plus,435,0,0.0,2025-01-02
COPPER_RV21,2018_plus,2207,21,0.95151789759855,2018-02-01
COPPER_RV21,2023_plus,941,0,0.0,2023-01-03
COPPER_RV21,2025_plus,435,0,0.0,2025-01-02
AUS_CPI_YOY,2018_plus,2207,0,0.0,2018-01-02
AUS_CPI_YOY,2023_plus,941,0,0.0,2023-01-03
AUS_CPI_YOY,2025_plus,435,0,0.0,2025-01-02
AUS_UNEMPLOYMENT,2018_plus,2207,0,0.0,2018-01-02
AUS_UNEMPLOYMENT,2023_plus,941,0,0.0,2023-01-03
AUS_UNEMPLOYMENT,2025_plus,435,0,0.0,2025-01-02
AUS_LONG_RATE,2018_plus,2207,0,0.0,2018-01-02
AUS_LONG_RATE,2023_plus,941,0,0.0,2023-01-03
AUS_LONG_RATE,2025_plus,435,0,0.0,2025-01-02
AUS_SHORT_RATE,2018_plus,2207,0,0.0,2018-01-02
AUS_SHORT_RATE,2023_plus,941,0,0.0,2023-01-03
AUS_SHORT_RATE,2025_plus,435,0,0.0,2025-01-02
AUS_GDP_QOQ,2018_plus,2207,0,0.0,2018-01-02
AUS_GDP_QOQ,2023_plus,941,0,0.0,2023-01-03
AUS_GDP_QOQ,2025_plus,435,0,0.0,2025-01-02
AUS_YIELD_SPREAD,2018_plus,2207,0,0.0,2018-01-02
AUS_YIELD_SPREAD,2023_plus,941,0,0.0,2023-01-03
AUS_YIELD_SPREAD,2025_plus,435,0,0.0,2025-01-02
