Date,Horizon,Stored,Direct,Abs_Difference
2018-01-02,5,0.1717189699284126,0.1717189699284126,0.0
2018-05-10,5,0.16869756461152716,0.16869756461152716,0.0
2018-09-12,5,0.3616194491867335,0.3616194491867335,0.0
2019-01-17,5,0.18085314062554922,0.18085314062554922,0.0
2019-05-27,5,0.23030956916155138,0.23030956916155138,0.0
2019-09-27,5,0.27702007560368547,0.27702007560368547,0.0
2020-02-04,5,0.2548671834485026,0.2548671834485026,0.0
2020-06-10,5,0.2641756473109505,0.2641756473109505,0.0
2020-10-12,5,0.8313736988159105,0.8313736988159105,0.0
2021-02-17,5,1.4146288144102226,1.4146288144102226,0.0
2021-06-24,5,1.7537288015618602,1.7537288015618602,0.0
2021-10-26,5,0.16843277582267843,0.16843277582267843,0.0
2022-03-03,5,0.22818222193025778,0.22818222193025778,0.0
2022-07-11,5,1.2547342520649007,1.2547342520649007,0.0
2022-11-11,5,0.3033303900753382,0.3033303900753382,0.0
2023-03-21,5,0.1842878375128529,0.1842878375128529,0.0
2023-07-27,5,0.15293215489898757,0.15293215489898757,0.0
2023-11-28,5,0.1416599178077896,0.1416599178077896,0.0
2024-04-08,5,0.1543298344039289,0.1543298344039289,0.0
2024-08-12,5,0.19562149945332666,0.19562149945332666,0.0
2024-12-12,5,0.27238674413537173,0.27238674413537173,0.0
2025-04-23,5,0.16952472084197284,0.16952472084197284,0.0
2025-08-27,5,0.09175814358871583,0.09175814358871583,0.0
2025-12-31,5,0.21893145283398754,0.21893145283398754,0.0
2026-05-08,5,0.3265507938195121,0.3265507938195121,0.0
2026-09-10,5,0.29163622422216784,0.29163622422216784,0.0
2018-01-02,21,0.2046052669908933,0.2046052669908933,0.0
2018-05-09,21,0.15310800363447397,0.15310800363447397,0.0
2018-09-10,21,0.2935599947293996,0.2935599947293996,0.0
2019-01-14,21,0.20920646405007934,0.20920646405007934,0.0
2019-05-21,21,0.21537359000153622,0.21537359000153622,0.0
2019-09-20,21,0.3259671738722816,0.3259671738722816,0.0
2020-01-24,21,0.3080000498336308,0.3080000498336308,0.0
2020-05-29,21,0.7881272816058831,0.7881272816058831,0.0
2020-09-30,21,0.5492246072050857,0.5492246072050857,0.0
2021-02-04,21,1.2468745558631122,1.2468745558631122,0.0
2021-06-09,21,1.8966117843223564,1.8966117843223564,0.0
2021-10-11,21,0.13234308977733125,0.13234308977733125,0.0
2022-02-15,21,0.24273768024658093,0.24273768024658093,0.0
2022-06-22,21,0.6606015574210801,0.6606015574210801,0.0
2022-10-24,21,0.3471582195987653,0.3471582195987653,0.0
2023-02-28,21,0.2609208902162253,0.2609208902162253,0.0
2023-07-05,21,0.2158504522318459,0.2158504522318459,0.0
2023-11-03,21,0.13234277701330546,0.13234277701330546,0.0
2024-03-11,21,0.17406702427311316,0.17406702427311316,0.0
2024-07-16,21,0.20200628186413025,0.20200628186413025,0.0
2024-11-14,21,0.15631501851641186,0.15631501851641186,0.0
2025-03-21,21,0.363719263109498,0.363719263109498,0.0
2025-07-28,21,0.18584594513347152,0.18584594513347152,0.0
2025-11-26,21,0.1850197923313374,0.1850197923313374,0.0
2026-04-02,21,0.2389886305321404,0.2389886305321404,0.0
2026-08-06,21,0.24650252649885449,0.24650252649885449,0.0
2018-01-02,63,0.23175898720643717,0.23175898720643717,0.0
2018-05-07,63,0.17342337655254783,0.17342337655254783,0.0
2018-09-04,63,0.23381135210039833,0.23381135210039833,0.0
2019-01-04,63,0.2563945149180402,0.2563945149180402,0.0
2019-05-09,63,0.23638763958199477,0.23638763958199477,0.0
2019-09-06,63,0.28398662927398066,0.28398662927398066,0.0
2020-01-08,63,0.5994186291486377,0.5994186291486377,0.0
2020-05-11,63,0.7255064278792378,0.7255064278792378,0.0
2020-09-08,63,1.159387774511932,1.159387774511932,0.0
2021-01-08,63,1.1982427286276762,1.1982427286276762,0.0
2021-05-12,63,1.797901189339679,1.797901189339679,0.0
2021-09-09,63,0.17874227567833878,0.17874227567833878,0.0
2022-01-11,63,0.21617036287334512,0.21617036287334512,0.0
2022-05-16,63,0.42673747711363885,0.42673747711363885,0.0
2022-09-13,63,0.309738426635744,0.309738426635744,0.0
2023-01-16,63,0.2070131066643688,0.2070131066643688,0.0
2023-05-19,63,0.1952625415971068,0.1952625415971068,0.0
2023-09-18,63,0.15192882008876554,0.15192882008876554,0.0
2024-01-18,63,0.16918171348111902,0.16918171348111902,0.0
2024-05-22,63,0.18438385210250358,0.18438385210250358,0.0
2024-09-19,63,0.193404348109532,0.193404348109532,0.0
2025-01-21,63,0.26085067519133803,0.26085067519133803,0.0
2025-05-26,63,0.17258136331691765,0.17258136331691765,0.0
2025-09-23,63,0.23649076281157333,0.23649076281157333,0.0
2026-01-23,63,0.3548850767242198,0.3548850767242198,0.0
2026-05-27,63,0.2974120312589479,0.2974120312589479,0.0
