Horizon,Variable,NaN,Positive_Infinity,Negative_Infinity,Maximum_Finite
5,Sector_Return,0,0,0,0.21239599935577347
5,RV_5,4,0,0,2.7933046075937487
5,RV_21,20,0,0,2.083992045241131
5,RV_63,62,0,0,1.797901189339679
5,Target_RV_5,0,0,0,2.7933046075937487
21,Sector_Return,0,0,0,0.21239599935577347
21,RV_5,4,0,0,2.7933046075937487
21,RV_21,20,0,0,2.083992045241131
21,RV_63,62,0,0,1.797901189339679
21,Target_RV_21,0,0,0,2.083992045241131
63,Sector_Return,0,0,0,0.21239599935577347
63,RV_5,4,0,0,2.7933046075937487
63,RV_21,20,0,0,2.083992045241131
63,RV_63,62,0,0,1.797901189339679
63,Target_RV_63,0,0,0,1.797901189339679
