Horizon,Period,Model,N
5,Test,EWMA_094,430
5,Test,GARCH_11,430
5,Test,HAR_RV,430
5,Test,Historical_Matched,430
5,Test,Persistence_21D,430
5,Validation,EWMA_094,506
5,Validation,GARCH_11,506
5,Validation,HAR_RV,506
5,Validation,Historical_Matched,506
5,Validation,Persistence_21D,506
21,Test,EWMA_094,414
21,Test,GARCH_11,414
21,Test,HAR_RV,414
21,Test,Historical_Matched,414
21,Test,Persistence_21D,414
21,Validation,EWMA_094,506
21,Validation,GARCH_11,506
21,Validation,HAR_RV,506
21,Validation,Historical_Matched,506
21,Validation,Persistence_21D,506
63,Test,EWMA_094,372
63,Test,GARCH_11,372
63,Test,HAR_RV,372
63,Test,Historical_Matched,372
63,Test,Persistence_21D,372
63,Validation,EWMA_094,506
63,Validation,GARCH_11,506
63,Validation,HAR_RV,506
63,Validation,Historical_Matched,506
63,Validation,Persistence_21D,506
