Horizon,Feature_Set,Transform,Model,Fold,Nonpositive_Raw_Predictions,N_Validation
5,F5_Plus_Macro,raw,Ridge_a0.01,2023,150,252
5,F5_Plus_Macro,raw,Ridge_a0.1,2023,150,252
5,F5_Plus_Macro,raw,Ridge_a1,2023,152,252
5,F5_Plus_Macro,raw,Ridge_a10,2023,142,252
5,F5_Plus_Macro,raw,Ridge_a100,2023,58,252
21,F5_Plus_Macro,raw,Ridge_a0.01,2023,252,252
21,F5_Plus_Macro,raw,Ridge_a0.1,2023,252,252
21,F5_Plus_Macro,raw,Ridge_a1,2023,252,252
21,F5_Plus_Macro,raw,Ridge_a10,2023,252,252
21,F5_Plus_Macro,raw,Ridge_a100,2023,247,252
63,F3_Range_Liquidity,raw,Ridge_a0.01,2024,3,254
63,F3_Range_Liquidity,raw,Ridge_a0.1,2024,3,254
63,F4_Market_Commodities,raw,Ridge_a0.01,2023,4,252
63,F4_Market_Commodities,raw,Ridge_a0.01,2024,11,254
63,F4_Market_Commodities,raw,Ridge_a0.1,2023,4,252
63,F4_Market_Commodities,raw,Ridge_a0.1,2024,11,254
63,F4_Market_Commodities,raw,Ridge_a1,2023,3,252
63,F4_Market_Commodities,raw,Ridge_a1,2024,7,254
63,F4_Market_Commodities,raw,Ridge_a10,2023,1,252
63,F4_Market_Commodities,raw,Ridge_a10,2024,1,254
63,F5_Plus_Macro,raw,Ridge_a0.01,2023,252,252
63,F5_Plus_Macro,raw,Ridge_a0.01,2024,4,254
63,F5_Plus_Macro,raw,Ridge_a0.1,2023,252,252
63,F5_Plus_Macro,raw,Ridge_a0.1,2024,4,254
63,F5_Plus_Macro,raw,Ridge_a1,2023,252,252
63,F5_Plus_Macro,raw,Ridge_a1,2024,2,254
63,F5_Plus_Macro,raw,Ridge_a10,2023,252,252
63,F5_Plus_Macro,raw,Ridge_a100,2023,252,252
