Horizon,Forecast_Date,Latest_Eligible_Label_Origin,N_Train,Feature_Set,Transform,Model
5,2025-01-02,2024-12-23,1768,F4_Market_Commodities,log,Ridge_a10
5,2025-01-03,2024-12-24,1769,F4_Market_Commodities,log,Ridge_a10
5,2025-01-06,2024-12-27,1770,F4_Market_Commodities,log,Ridge_a10
5,2025-01-07,2024-12-30,1771,F4_Market_Commodities,log,Ridge_a10
5,2025-01-08,2024-12-31,1772,F4_Market_Commodities,log,Ridge_a10
5,2025-01-09,2025-01-02,1773,F4_Market_Commodities,log,Ridge_a10
5,2025-01-10,2025-01-03,1774,F4_Market_Commodities,log,Ridge_a10
5,2025-01-13,2025-01-06,1775,F4_Market_Commodities,log,Ridge_a10
5,2025-01-14,2025-01-07,1776,F4_Market_Commodities,log,Ridge_a10
5,2025-01-15,2025-01-08,1777,F4_Market_Commodities,log,Ridge_a10
5,2025-01-16,2025-01-09,1778,F4_Market_Commodities,log,Ridge_a10
5,2025-01-17,2025-01-10,1779,F4_Market_Commodities,log,Ridge_a10
5,2025-01-20,2025-01-13,1780,F4_Market_Commodities,log,Ridge_a10
5,2025-01-21,2025-01-14,1781,F4_Market_Commodities,log,Ridge_a10
5,2025-01-22,2025-01-15,1782,F4_Market_Commodities,log,Ridge_a10
5,2025-01-23,2025-01-16,1783,F4_Market_Commodities,log,Ridge_a10
5,2025-01-24,2025-01-17,1784,F4_Market_Commodities,log,Ridge_a10
5,2025-01-28,2025-01-20,1785,F4_Market_Commodities,log,Ridge_a10
5,2025-01-29,2025-01-21,1786,F4_Market_Commodities,log,Ridge_a10
5,2025-01-30,2025-01-22,1787,F4_Market_Commodities,log,Ridge_a10
5,2025-01-31,2025-01-23,1788,F4_Market_Commodities,log,Ridge_a10
5,2025-02-03,2025-01-24,1789,F4_Market_Commodities,log,Ridge_a10
5,2025-02-04,2025-01-28,1790,F4_Market_Commodities,log,Ridge_a10
5,2025-02-05,2025-01-29,1791,F4_Market_Commodities,log,Ridge_a10
5,2025-02-06,2025-01-30,1792,F4_Market_Commodities,log,Ridge_a10
5,2025-02-07,2025-01-31,1793,F4_Market_Commodities,log,Ridge_a10
5,2025-02-10,2025-02-03,1794,F4_Market_Commodities,log,Ridge_a10
5,2025-02-11,2025-02-04,1795,F4_Market_Commodities,log,Ridge_a10
5,2025-02-12,2025-02-05,1796,F4_Market_Commodities,log,Ridge_a10
5,2025-02-13,2025-02-06,1797,F4_Market_Commodities,log,Ridge_a10
5,2025-02-14,2025-02-07,1798,F4_Market_Commodities,log,Ridge_a10
5,2025-02-17,2025-02-10,1799,F4_Market_Commodities,log,Ridge_a10
5,2025-02-18,2025-02-11,1800,F4_Market_Commodities,log,Ridge_a10
5,2025-02-19,2025-02-12,1801,F4_Market_Commodities,log,Ridge_a10
5,2025-02-20,2025-02-13,1802,F4_Market_Commodities,log,Ridge_a10
5,2025-02-21,2025-02-14,1803,F4_Market_Commodities,log,Ridge_a10
5,2025-02-24,2025-02-17,1804,F4_Market_Commodities,log,Ridge_a10
5,2025-02-25,2025-02-18,1805,F4_Market_Commodities,log,Ridge_a10
5,2025-02-26,2025-02-19,1806,F4_Market_Commodities,log,Ridge_a10
5,2025-02-27,2025-02-20,1807,F4_Market_Commodities,log,Ridge_a10
5,2025-02-28,2025-02-21,1808,F4_Market_Commodities,log,Ridge_a10
5,2025-03-03,2025-02-24,1809,F4_Market_Commodities,log,Ridge_a10
5,2025-03-04,2025-02-25,1810,F4_Market_Commodities,log,Ridge_a10
5,2025-03-05,2025-02-26,1811,F4_Market_Commodities,log,Ridge_a10
5,2025-03-06,2025-02-27,1812,F4_Market_Commodities,log,Ridge_a10
5,2025-03-07,2025-02-28,1813,F4_Market_Commodities,log,Ridge_a10
5,2025-03-10,2025-03-03,1814,F4_Market_Commodities,log,Ridge_a10
5,2025-03-11,2025-03-04,1815,F4_Market_Commodities,log,Ridge_a10
5,2025-03-12,2025-03-05,1816,F4_Market_Commodities,log,Ridge_a10
5,2025-03-13,2025-03-06,1817,F4_Market_Commodities,log,Ridge_a10
5,2025-03-14,2025-03-07,1818,F4_Market_Commodities,log,Ridge_a10
5,2025-03-17,2025-03-10,1819,F4_Market_Commodities,log,Ridge_a10
5,2025-03-18,2025-03-11,1820,F4_Market_Commodities,log,Ridge_a10
5,2025-03-19,2025-03-12,1821,F4_Market_Commodities,log,Ridge_a10
5,2025-03-20,2025-03-13,1822,F4_Market_Commodities,log,Ridge_a10
5,2025-03-21,2025-03-14,1823,F4_Market_Commodities,log,Ridge_a10
5,2025-03-24,2025-03-17,1824,F4_Market_Commodities,log,Ridge_a10
5,2025-03-25,2025-03-18,1825,F4_Market_Commodities,log,Ridge_a10
5,2025-03-26,2025-03-19,1826,F4_Market_Commodities,log,Ridge_a10
5,2025-03-27,2025-03-20,1827,F4_Market_Commodities,log,Ridge_a10
5,2025-03-28,2025-03-21,1828,F4_Market_Commodities,log,Ridge_a10
5,2025-03-31,2025-03-24,1829,F4_Market_Commodities,log,Ridge_a10
5,2025-04-01,2025-03-25,1830,F4_Market_Commodities,log,Ridge_a10
5,2025-04-02,2025-03-26,1831,F4_Market_Commodities,log,Ridge_a10
5,2025-04-03,2025-03-27,1832,F4_Market_Commodities,log,Ridge_a10
5,2025-04-04,2025-03-28,1833,F4_Market_Commodities,log,Ridge_a10
5,2025-04-07,2025-03-31,1834,F4_Market_Commodities,log,Ridge_a10
5,2025-04-08,2025-04-01,1835,F4_Market_Commodities,log,Ridge_a10
5,2025-04-09,2025-04-02,1836,F4_Market_Commodities,log,Ridge_a10
5,2025-04-10,2025-04-03,1837,F4_Market_Commodities,log,Ridge_a10
5,2025-04-11,2025-04-04,1838,F4_Market_Commodities,log,Ridge_a10
5,2025-04-14,2025-04-07,1839,F4_Market_Commodities,log,Ridge_a10
5,2025-04-15,2025-04-08,1840,F4_Market_Commodities,log,Ridge_a10
5,2025-04-16,2025-04-09,1841,F4_Market_Commodities,log,Ridge_a10
5,2025-04-17,2025-04-10,1842,F4_Market_Commodities,log,Ridge_a10
5,2025-04-22,2025-04-11,1843,F4_Market_Commodities,log,Ridge_a10
5,2025-04-23,2025-04-14,1844,F4_Market_Commodities,log,Ridge_a10
5,2025-04-24,2025-04-15,1845,F4_Market_Commodities,log,Ridge_a10
5,2025-04-28,2025-04-16,1846,F4_Market_Commodities,log,Ridge_a10
5,2025-04-29,2025-04-17,1847,F4_Market_Commodities,log,Ridge_a10
5,2025-04-30,2025-04-22,1848,F4_Market_Commodities,log,Ridge_a10
5,2025-05-01,2025-04-23,1849,F4_Market_Commodities,log,Ridge_a10
5,2025-05-02,2025-04-24,1850,F4_Market_Commodities,log,Ridge_a10
5,2025-05-05,2025-04-28,1851,F4_Market_Commodities,log,Ridge_a10
5,2025-05-06,2025-04-29,1852,F4_Market_Commodities,log,Ridge_a10
5,2025-05-07,2025-04-30,1853,F4_Market_Commodities,log,Ridge_a10
5,2025-05-08,2025-05-01,1854,F4_Market_Commodities,log,Ridge_a10
5,2025-05-09,2025-05-02,1855,F4_Market_Commodities,log,Ridge_a10
5,2025-05-12,2025-05-05,1856,F4_Market_Commodities,log,Ridge_a10
5,2025-05-13,2025-05-06,1857,F4_Market_Commodities,log,Ridge_a10
5,2025-05-14,2025-05-07,1858,F4_Market_Commodities,log,Ridge_a10
5,2025-05-15,2025-05-08,1859,F4_Market_Commodities,log,Ridge_a10
5,2025-05-16,2025-05-09,1860,F4_Market_Commodities,log,Ridge_a10
5,2025-05-19,2025-05-12,1861,F4_Market_Commodities,log,Ridge_a10
5,2025-05-20,2025-05-13,1862,F4_Market_Commodities,log,Ridge_a10
5,2025-05-21,2025-05-14,1863,F4_Market_Commodities,log,Ridge_a10
5,2025-05-22,2025-05-15,1864,F4_Market_Commodities,log,Ridge_a10
5,2025-05-23,2025-05-16,1865,F4_Market_Commodities,log,Ridge_a10
5,2025-05-26,2025-05-19,1866,F4_Market_Commodities,log,Ridge_a10
5,2025-05-27,2025-05-20,1867,F4_Market_Commodities,log,Ridge_a10
5,2025-05-28,2025-05-21,1868,F4_Market_Commodities,log,Ridge_a10
5,2025-05-29,2025-05-22,1869,F4_Market_Commodities,log,Ridge_a10
5,2025-05-30,2025-05-23,1870,F4_Market_Commodities,log,Ridge_a10
5,2025-06-02,2025-05-26,1871,F4_Market_Commodities,log,Ridge_a10
5,2025-06-03,2025-05-27,1872,F4_Market_Commodities,log,Ridge_a10
5,2025-06-04,2025-05-28,1873,F4_Market_Commodities,log,Ridge_a10
5,2025-06-05,2025-05-29,1874,F4_Market_Commodities,log,Ridge_a10
5,2025-06-06,2025-05-30,1875,F4_Market_Commodities,log,Ridge_a10
5,2025-06-10,2025-06-02,1876,F4_Market_Commodities,log,Ridge_a10
5,2025-06-11,2025-06-03,1877,F4_Market_Commodities,log,Ridge_a10
5,2025-06-12,2025-06-04,1878,F4_Market_Commodities,log,Ridge_a10
5,2025-06-13,2025-06-05,1879,F4_Market_Commodities,log,Ridge_a10
5,2025-06-16,2025-06-06,1880,F4_Market_Commodities,log,Ridge_a10
5,2025-06-17,2025-06-10,1881,F4_Market_Commodities,log,Ridge_a10
5,2025-06-18,2025-06-11,1882,F4_Market_Commodities,log,Ridge_a10
5,2025-06-19,2025-06-12,1883,F4_Market_Commodities,log,Ridge_a10
5,2025-06-20,2025-06-13,1884,F4_Market_Commodities,log,Ridge_a10
5,2025-06-23,2025-06-16,1885,F4_Market_Commodities,log,Ridge_a10
5,2025-06-24,2025-06-17,1886,F4_Market_Commodities,log,Ridge_a10
5,2025-06-25,2025-06-18,1887,F4_Market_Commodities,log,Ridge_a10
5,2025-06-26,2025-06-19,1888,F4_Market_Commodities,log,Ridge_a10
5,2025-06-27,2025-06-20,1889,F4_Market_Commodities,log,Ridge_a10
5,2025-06-30,2025-06-23,1890,F4_Market_Commodities,log,Ridge_a10
5,2025-07-01,2025-06-24,1891,F4_Market_Commodities,log,Ridge_a10
5,2025-07-02,2025-06-25,1892,F4_Market_Commodities,log,Ridge_a10
5,2025-07-03,2025-06-26,1893,F4_Market_Commodities,log,Ridge_a10
5,2025-07-04,2025-06-27,1894,F4_Market_Commodities,log,Ridge_a10
5,2025-07-07,2025-06-30,1895,F4_Market_Commodities,log,Ridge_a10
5,2025-07-08,2025-07-01,1896,F4_Market_Commodities,log,Ridge_a10
5,2025-07-09,2025-07-02,1897,F4_Market_Commodities,log,Ridge_a10
5,2025-07-10,2025-07-03,1898,F4_Market_Commodities,log,Ridge_a10
5,2025-07-11,2025-07-04,1899,F4_Market_Commodities,log,Ridge_a10
5,2025-07-14,2025-07-07,1900,F4_Market_Commodities,log,Ridge_a10
5,2025-07-15,2025-07-08,1901,F4_Market_Commodities,log,Ridge_a10
5,2025-07-16,2025-07-09,1902,F4_Market_Commodities,log,Ridge_a10
5,2025-07-17,2025-07-10,1903,F4_Market_Commodities,log,Ridge_a10
5,2025-07-18,2025-07-11,1904,F4_Market_Commodities,log,Ridge_a10
5,2025-07-21,2025-07-14,1905,F4_Market_Commodities,log,Ridge_a10
5,2025-07-22,2025-07-15,1906,F4_Market_Commodities,log,Ridge_a10
5,2025-07-23,2025-07-16,1907,F4_Market_Commodities,log,Ridge_a10
5,2025-07-24,2025-07-17,1908,F4_Market_Commodities,log,Ridge_a10
5,2025-07-25,2025-07-18,1909,F4_Market_Commodities,log,Ridge_a10
5,2025-07-28,2025-07-21,1910,F4_Market_Commodities,log,Ridge_a10
5,2025-07-29,2025-07-22,1911,F4_Market_Commodities,log,Ridge_a10
5,2025-07-30,2025-07-23,1912,F4_Market_Commodities,log,Ridge_a10
5,2025-07-31,2025-07-24,1913,F4_Market_Commodities,log,Ridge_a10
5,2025-08-01,2025-07-25,1914,F4_Market_Commodities,log,Ridge_a10
5,2025-08-04,2025-07-28,1915,F4_Market_Commodities,log,Ridge_a10
5,2025-08-05,2025-07-29,1916,F4_Market_Commodities,log,Ridge_a10
5,2025-08-06,2025-07-30,1917,F4_Market_Commodities,log,Ridge_a10
5,2025-08-07,2025-07-31,1918,F4_Market_Commodities,log,Ridge_a10
5,2025-08-08,2025-08-01,1919,F4_Market_Commodities,log,Ridge_a10
5,2025-08-11,2025-08-04,1920,F4_Market_Commodities,log,Ridge_a10
5,2025-08-12,2025-08-05,1921,F4_Market_Commodities,log,Ridge_a10
5,2025-08-13,2025-08-06,1922,F4_Market_Commodities,log,Ridge_a10
5,2025-08-14,2025-08-07,1923,F4_Market_Commodities,log,Ridge_a10
5,2025-08-15,2025-08-08,1924,F4_Market_Commodities,log,Ridge_a10
5,2025-08-18,2025-08-11,1925,F4_Market_Commodities,log,Ridge_a10
5,2025-08-19,2025-08-12,1926,F4_Market_Commodities,log,Ridge_a10
5,2025-08-20,2025-08-13,1927,F4_Market_Commodities,log,Ridge_a10
5,2025-08-21,2025-08-14,1928,F4_Market_Commodities,log,Ridge_a10
5,2025-08-22,2025-08-15,1929,F4_Market_Commodities,log,Ridge_a10
5,2025-08-25,2025-08-18,1930,F4_Market_Commodities,log,Ridge_a10
5,2025-08-26,2025-08-19,1931,F4_Market_Commodities,log,Ridge_a10
5,2025-08-27,2025-08-20,1932,F4_Market_Commodities,log,Ridge_a10
5,2025-08-28,2025-08-21,1933,F4_Market_Commodities,log,Ridge_a10
5,2025-08-29,2025-08-22,1934,F4_Market_Commodities,log,Ridge_a10
5,2025-09-01,2025-08-25,1935,F4_Market_Commodities,log,Ridge_a10
5,2025-09-02,2025-08-26,1936,F4_Market_Commodities,log,Ridge_a10
5,2025-09-03,2025-08-27,1937,F4_Market_Commodities,log,Ridge_a10
5,2025-09-04,2025-08-28,1938,F4_Market_Commodities,log,Ridge_a10
5,2025-09-05,2025-08-29,1939,F4_Market_Commodities,log,Ridge_a10
5,2025-09-08,2025-09-01,1940,F4_Market_Commodities,log,Ridge_a10
5,2025-09-09,2025-09-02,1941,F4_Market_Commodities,log,Ridge_a10
5,2025-09-10,2025-09-03,1942,F4_Market_Commodities,log,Ridge_a10
5,2025-09-11,2025-09-04,1943,F4_Market_Commodities,log,Ridge_a10
5,2025-09-12,2025-09-05,1944,F4_Market_Commodities,log,Ridge_a10
5,2025-09-15,2025-09-08,1945,F4_Market_Commodities,log,Ridge_a10
5,2025-09-16,2025-09-09,1946,F4_Market_Commodities,log,Ridge_a10
5,2025-09-17,2025-09-10,1947,F4_Market_Commodities,log,Ridge_a10
5,2025-09-18,2025-09-11,1948,F4_Market_Commodities,log,Ridge_a10
5,2025-09-19,2025-09-12,1949,F4_Market_Commodities,log,Ridge_a10
5,2025-09-22,2025-09-15,1950,F4_Market_Commodities,log,Ridge_a10
5,2025-09-23,2025-09-16,1951,F4_Market_Commodities,log,Ridge_a10
5,2025-09-24,2025-09-17,1952,F4_Market_Commodities,log,Ridge_a10
5,2025-09-25,2025-09-18,1953,F4_Market_Commodities,log,Ridge_a10
5,2025-09-26,2025-09-19,1954,F4_Market_Commodities,log,Ridge_a10
5,2025-09-29,2025-09-22,1955,F4_Market_Commodities,log,Ridge_a10
5,2025-09-30,2025-09-23,1956,F4_Market_Commodities,log,Ridge_a10
5,2025-10-01,2025-09-24,1957,F4_Market_Commodities,log,Ridge_a10
5,2025-10-02,2025-09-25,1958,F4_Market_Commodities,log,Ridge_a10
5,2025-10-03,2025-09-26,1959,F4_Market_Commodities,log,Ridge_a10
5,2025-10-06,2025-09-29,1960,F4_Market_Commodities,log,Ridge_a10
5,2025-10-07,2025-09-30,1961,F4_Market_Commodities,log,Ridge_a10
5,2025-10-08,2025-10-01,1962,F4_Market_Commodities,log,Ridge_a10
5,2025-10-09,2025-10-02,1963,F4_Market_Commodities,log,Ridge_a10
5,2025-10-10,2025-10-03,1964,F4_Market_Commodities,log,Ridge_a10
5,2025-10-13,2025-10-06,1965,F4_Market_Commodities,log,Ridge_a10
5,2025-10-14,2025-10-07,1966,F4_Market_Commodities,log,Ridge_a10
5,2025-10-15,2025-10-08,1967,F4_Market_Commodities,log,Ridge_a10
5,2025-10-16,2025-10-09,1968,F4_Market_Commodities,log,Ridge_a10
5,2025-10-17,2025-10-10,1969,F4_Market_Commodities,log,Ridge_a10
5,2025-10-20,2025-10-13,1970,F4_Market_Commodities,log,Ridge_a10
5,2025-10-21,2025-10-14,1971,F4_Market_Commodities,log,Ridge_a10
5,2025-10-22,2025-10-15,1972,F4_Market_Commodities,log,Ridge_a10
5,2025-10-23,2025-10-16,1973,F4_Market_Commodities,log,Ridge_a10
5,2025-10-24,2025-10-17,1974,F4_Market_Commodities,log,Ridge_a10
5,2025-10-27,2025-10-20,1975,F4_Market_Commodities,log,Ridge_a10
5,2025-10-28,2025-10-21,1976,F4_Market_Commodities,log,Ridge_a10
5,2025-10-29,2025-10-22,1977,F4_Market_Commodities,log,Ridge_a10
5,2025-10-30,2025-10-23,1978,F4_Market_Commodities,log,Ridge_a10
5,2025-10-31,2025-10-24,1979,F4_Market_Commodities,log,Ridge_a10
5,2025-11-03,2025-10-27,1980,F4_Market_Commodities,log,Ridge_a10
5,2025-11-04,2025-10-28,1981,F4_Market_Commodities,log,Ridge_a10
5,2025-11-05,2025-10-29,1982,F4_Market_Commodities,log,Ridge_a10
5,2025-11-06,2025-10-30,1983,F4_Market_Commodities,log,Ridge_a10
5,2025-11-07,2025-10-31,1984,F4_Market_Commodities,log,Ridge_a10
5,2025-11-10,2025-11-03,1985,F4_Market_Commodities,log,Ridge_a10
5,2025-11-11,2025-11-04,1986,F4_Market_Commodities,log,Ridge_a10
5,2025-11-12,2025-11-05,1987,F4_Market_Commodities,log,Ridge_a10
5,2025-11-13,2025-11-06,1988,F4_Market_Commodities,log,Ridge_a10
5,2025-11-14,2025-11-07,1989,F4_Market_Commodities,log,Ridge_a10
5,2025-11-17,2025-11-10,1990,F4_Market_Commodities,log,Ridge_a10
5,2025-11-18,2025-11-11,1991,F4_Market_Commodities,log,Ridge_a10
5,2025-11-19,2025-11-12,1992,F4_Market_Commodities,log,Ridge_a10
5,2025-11-20,2025-11-13,1993,F4_Market_Commodities,log,Ridge_a10
5,2025-11-21,2025-11-14,1994,F4_Market_Commodities,log,Ridge_a10
5,2025-11-24,2025-11-17,1995,F4_Market_Commodities,log,Ridge_a10
5,2025-11-25,2025-11-18,1996,F4_Market_Commodities,log,Ridge_a10
5,2025-11-26,2025-11-19,1997,F4_Market_Commodities,log,Ridge_a10
5,2025-11-27,2025-11-20,1998,F4_Market_Commodities,log,Ridge_a10
5,2025-11-28,2025-11-21,1999,F4_Market_Commodities,log,Ridge_a10
5,2025-12-01,2025-11-24,2000,F4_Market_Commodities,log,Ridge_a10
5,2025-12-02,2025-11-25,2001,F4_Market_Commodities,log,Ridge_a10
5,2025-12-03,2025-11-26,2002,F4_Market_Commodities,log,Ridge_a10
5,2025-12-04,2025-11-27,2003,F4_Market_Commodities,log,Ridge_a10
5,2025-12-05,2025-11-28,2004,F4_Market_Commodities,log,Ridge_a10
5,2025-12-08,2025-12-01,2005,F4_Market_Commodities,log,Ridge_a10
5,2025-12-09,2025-12-02,2006,F4_Market_Commodities,log,Ridge_a10
5,2025-12-10,2025-12-03,2007,F4_Market_Commodities,log,Ridge_a10
5,2025-12-11,2025-12-04,2008,F4_Market_Commodities,log,Ridge_a10
5,2025-12-12,2025-12-05,2009,F4_Market_Commodities,log,Ridge_a10
5,2025-12-15,2025-12-08,2010,F4_Market_Commodities,log,Ridge_a10
5,2025-12-16,2025-12-09,2011,F4_Market_Commodities,log,Ridge_a10
5,2025-12-17,2025-12-10,2012,F4_Market_Commodities,log,Ridge_a10
5,2025-12-18,2025-12-11,2013,F4_Market_Commodities,log,Ridge_a10
5,2025-12-19,2025-12-12,2014,F4_Market_Commodities,log,Ridge_a10
5,2025-12-22,2025-12-15,2015,F4_Market_Commodities,log,Ridge_a10
5,2025-12-23,2025-12-16,2016,F4_Market_Commodities,log,Ridge_a10
5,2025-12-24,2025-12-17,2017,F4_Market_Commodities,log,Ridge_a10
5,2025-12-29,2025-12-18,2018,F4_Market_Commodities,log,Ridge_a10
5,2025-12-30,2025-12-19,2019,F4_Market_Commodities,log,Ridge_a10
5,2025-12-31,2025-12-22,2020,F4_Market_Commodities,log,Ridge_a10
5,2026-01-02,2025-12-23,2021,F4_Market_Commodities,log,Ridge_a10
5,2026-01-05,2025-12-24,2022,F4_Market_Commodities,log,Ridge_a10
5,2026-01-06,2025-12-29,2023,F4_Market_Commodities,log,Ridge_a10
5,2026-01-07,2025-12-30,2024,F4_Market_Commodities,log,Ridge_a10
5,2026-01-08,2025-12-31,2025,F4_Market_Commodities,log,Ridge_a10
5,2026-01-09,2026-01-02,2026,F4_Market_Commodities,log,Ridge_a10
5,2026-01-12,2026-01-05,2027,F4_Market_Commodities,log,Ridge_a10
5,2026-01-13,2026-01-06,2028,F4_Market_Commodities,log,Ridge_a10
5,2026-01-14,2026-01-07,2029,F4_Market_Commodities,log,Ridge_a10
5,2026-01-15,2026-01-08,2030,F4_Market_Commodities,log,Ridge_a10
5,2026-01-16,2026-01-09,2031,F4_Market_Commodities,log,Ridge_a10
5,2026-01-19,2026-01-12,2032,F4_Market_Commodities,log,Ridge_a10
5,2026-01-20,2026-01-13,2033,F4_Market_Commodities,log,Ridge_a10
5,2026-01-21,2026-01-14,2034,F4_Market_Commodities,log,Ridge_a10
5,2026-01-22,2026-01-15,2035,F4_Market_Commodities,log,Ridge_a10
5,2026-01-23,2026-01-16,2036,F4_Market_Commodities,log,Ridge_a10
5,2026-01-27,2026-01-19,2037,F4_Market_Commodities,log,Ridge_a10
5,2026-01-28,2026-01-20,2038,F4_Market_Commodities,log,Ridge_a10
5,2026-01-29,2026-01-21,2039,F4_Market_Commodities,log,Ridge_a10
5,2026-01-30,2026-01-22,2040,F4_Market_Commodities,log,Ridge_a10
5,2026-02-02,2026-01-23,2041,F4_Market_Commodities,log,Ridge_a10
5,2026-02-03,2026-01-27,2042,F4_Market_Commodities,log,Ridge_a10
5,2026-02-04,2026-01-28,2043,F4_Market_Commodities,log,Ridge_a10
5,2026-02-05,2026-01-29,2044,F4_Market_Commodities,log,Ridge_a10
5,2026-02-06,2026-01-30,2045,F4_Market_Commodities,log,Ridge_a10
5,2026-02-09,2026-02-02,2046,F4_Market_Commodities,log,Ridge_a10
5,2026-02-10,2026-02-03,2047,F4_Market_Commodities,log,Ridge_a10
5,2026-02-11,2026-02-04,2048,F4_Market_Commodities,log,Ridge_a10
5,2026-02-12,2026-02-05,2049,F4_Market_Commodities,log,Ridge_a10
5,2026-02-13,2026-02-06,2050,F4_Market_Commodities,log,Ridge_a10
5,2026-02-16,2026-02-09,2051,F4_Market_Commodities,log,Ridge_a10
5,2026-02-17,2026-02-10,2052,F4_Market_Commodities,log,Ridge_a10
5,2026-02-18,2026-02-11,2053,F4_Market_Commodities,log,Ridge_a10
5,2026-02-19,2026-02-12,2054,F4_Market_Commodities,log,Ridge_a10
5,2026-02-20,2026-02-13,2055,F4_Market_Commodities,log,Ridge_a10
5,2026-02-23,2026-02-16,2056,F4_Market_Commodities,log,Ridge_a10
5,2026-02-24,2026-02-17,2057,F4_Market_Commodities,log,Ridge_a10
5,2026-02-25,2026-02-18,2058,F4_Market_Commodities,log,Ridge_a10
5,2026-02-26,2026-02-19,2059,F4_Market_Commodities,log,Ridge_a10
5,2026-02-27,2026-02-20,2060,F4_Market_Commodities,log,Ridge_a10
5,2026-03-02,2026-02-23,2061,F4_Market_Commodities,log,Ridge_a10
5,2026-03-03,2026-02-24,2062,F4_Market_Commodities,log,Ridge_a10
5,2026-03-04,2026-02-25,2063,F4_Market_Commodities,log,Ridge_a10
5,2026-03-05,2026-02-26,2064,F4_Market_Commodities,log,Ridge_a10
5,2026-03-06,2026-02-27,2065,F4_Market_Commodities,log,Ridge_a10
5,2026-03-09,2026-03-02,2066,F4_Market_Commodities,log,Ridge_a10
5,2026-03-10,2026-03-03,2067,F4_Market_Commodities,log,Ridge_a10
5,2026-03-11,2026-03-04,2068,F4_Market_Commodities,log,Ridge_a10
5,2026-03-12,2026-03-05,2069,F4_Market_Commodities,log,Ridge_a10
5,2026-03-13,2026-03-06,2070,F4_Market_Commodities,log,Ridge_a10
5,2026-03-16,2026-03-09,2071,F4_Market_Commodities,log,Ridge_a10
5,2026-03-17,2026-03-10,2072,F4_Market_Commodities,log,Ridge_a10
5,2026-03-18,2026-03-11,2073,F4_Market_Commodities,log,Ridge_a10
5,2026-03-19,2026-03-12,2074,F4_Market_Commodities,log,Ridge_a10
5,2026-03-20,2026-03-13,2075,F4_Market_Commodities,log,Ridge_a10
5,2026-03-23,2026-03-16,2076,F4_Market_Commodities,log,Ridge_a10
5,2026-03-24,2026-03-17,2077,F4_Market_Commodities,log,Ridge_a10
5,2026-03-25,2026-03-18,2078,F4_Market_Commodities,log,Ridge_a10
5,2026-03-26,2026-03-19,2079,F4_Market_Commodities,log,Ridge_a10
5,2026-03-27,2026-03-20,2080,F4_Market_Commodities,log,Ridge_a10
5,2026-03-30,2026-03-23,2081,F4_Market_Commodities,log,Ridge_a10
5,2026-03-31,2026-03-24,2082,F4_Market_Commodities,log,Ridge_a10
5,2026-04-01,2026-03-25,2083,F4_Market_Commodities,log,Ridge_a10
5,2026-04-02,2026-03-26,2084,F4_Market_Commodities,log,Ridge_a10
5,2026-04-07,2026-03-27,2085,F4_Market_Commodities,log,Ridge_a10
5,2026-04-08,2026-03-30,2086,F4_Market_Commodities,log,Ridge_a10
5,2026-04-09,2026-03-31,2087,F4_Market_Commodities,log,Ridge_a10
5,2026-04-10,2026-04-01,2088,F4_Market_Commodities,log,Ridge_a10
5,2026-04-13,2026-04-02,2089,F4_Market_Commodities,log,Ridge_a10
5,2026-04-14,2026-04-07,2090,F4_Market_Commodities,log,Ridge_a10
5,2026-04-15,2026-04-08,2091,F4_Market_Commodities,log,Ridge_a10
5,2026-04-16,2026-04-09,2092,F4_Market_Commodities,log,Ridge_a10
5,2026-04-17,2026-04-10,2093,F4_Market_Commodities,log,Ridge_a10
5,2026-04-20,2026-04-13,2094,F4_Market_Commodities,log,Ridge_a10
5,2026-04-21,2026-04-14,2095,F4_Market_Commodities,log,Ridge_a10
5,2026-04-22,2026-04-15,2096,F4_Market_Commodities,log,Ridge_a10
5,2026-04-23,2026-04-16,2097,F4_Market_Commodities,log,Ridge_a10
5,2026-04-24,2026-04-17,2098,F4_Market_Commodities,log,Ridge_a10
5,2026-04-27,2026-04-20,2099,F4_Market_Commodities,log,Ridge_a10
5,2026-04-28,2026-04-21,2100,F4_Market_Commodities,log,Ridge_a10
5,2026-04-29,2026-04-22,2101,F4_Market_Commodities,log,Ridge_a10
5,2026-04-30,2026-04-23,2102,F4_Market_Commodities,log,Ridge_a10
5,2026-05-01,2026-04-24,2103,F4_Market_Commodities,log,Ridge_a10
5,2026-05-04,2026-04-27,2104,F4_Market_Commodities,log,Ridge_a10
5,2026-05-05,2026-04-28,2105,F4_Market_Commodities,log,Ridge_a10
5,2026-05-06,2026-04-29,2106,F4_Market_Commodities,log,Ridge_a10
5,2026-05-07,2026-04-30,2107,F4_Market_Commodities,log,Ridge_a10
5,2026-05-08,2026-05-01,2108,F4_Market_Commodities,log,Ridge_a10
5,2026-05-11,2026-05-04,2109,F4_Market_Commodities,log,Ridge_a10
5,2026-05-12,2026-05-05,2110,F4_Market_Commodities,log,Ridge_a10
5,2026-05-13,2026-05-06,2111,F4_Market_Commodities,log,Ridge_a10
5,2026-05-14,2026-05-07,2112,F4_Market_Commodities,log,Ridge_a10
5,2026-05-15,2026-05-08,2113,F4_Market_Commodities,log,Ridge_a10
5,2026-05-18,2026-05-11,2114,F4_Market_Commodities,log,Ridge_a10
5,2026-05-19,2026-05-12,2115,F4_Market_Commodities,log,Ridge_a10
5,2026-05-20,2026-05-13,2116,F4_Market_Commodities,log,Ridge_a10
5,2026-05-21,2026-05-14,2117,F4_Market_Commodities,log,Ridge_a10
5,2026-05-22,2026-05-15,2118,F4_Market_Commodities,log,Ridge_a10
5,2026-05-25,2026-05-18,2119,F4_Market_Commodities,log,Ridge_a10
5,2026-05-26,2026-05-19,2120,F4_Market_Commodities,log,Ridge_a10
5,2026-05-27,2026-05-20,2121,F4_Market_Commodities,log,Ridge_a10
5,2026-05-28,2026-05-21,2122,F4_Market_Commodities,log,Ridge_a10
5,2026-05-29,2026-05-22,2123,F4_Market_Commodities,log,Ridge_a10
5,2026-06-01,2026-05-25,2124,F4_Market_Commodities,log,Ridge_a10
5,2026-06-02,2026-05-26,2125,F4_Market_Commodities,log,Ridge_a10
5,2026-06-03,2026-05-27,2126,F4_Market_Commodities,log,Ridge_a10
5,2026-06-04,2026-05-28,2127,F4_Market_Commodities,log,Ridge_a10
5,2026-06-05,2026-05-29,2128,F4_Market_Commodities,log,Ridge_a10
5,2026-06-09,2026-06-01,2129,F4_Market_Commodities,log,Ridge_a10
5,2026-06-10,2026-06-02,2130,F4_Market_Commodities,log,Ridge_a10
5,2026-06-11,2026-06-03,2131,F4_Market_Commodities,log,Ridge_a10
5,2026-06-12,2026-06-04,2132,F4_Market_Commodities,log,Ridge_a10
5,2026-06-15,2026-06-05,2133,F4_Market_Commodities,log,Ridge_a10
5,2026-06-16,2026-06-09,2134,F4_Market_Commodities,log,Ridge_a10
5,2026-06-17,2026-06-10,2135,F4_Market_Commodities,log,Ridge_a10
5,2026-06-18,2026-06-11,2136,F4_Market_Commodities,log,Ridge_a10
5,2026-06-19,2026-06-12,2137,F4_Market_Commodities,log,Ridge_a10
5,2026-06-22,2026-06-15,2138,F4_Market_Commodities,log,Ridge_a10
5,2026-06-23,2026-06-16,2139,F4_Market_Commodities,log,Ridge_a10
5,2026-06-24,2026-06-17,2140,F4_Market_Commodities,log,Ridge_a10
5,2026-06-25,2026-06-18,2141,F4_Market_Commodities,log,Ridge_a10
5,2026-06-26,2026-06-19,2142,F4_Market_Commodities,log,Ridge_a10
5,2026-06-29,2026-06-22,2143,F4_Market_Commodities,log,Ridge_a10
5,2026-06-30,2026-06-23,2144,F4_Market_Commodities,log,Ridge_a10
5,2026-07-01,2026-06-24,2145,F4_Market_Commodities,log,Ridge_a10
5,2026-07-02,2026-06-25,2146,F4_Market_Commodities,log,Ridge_a10
5,2026-07-03,2026-06-26,2147,F4_Market_Commodities,log,Ridge_a10
5,2026-07-06,2026-06-29,2148,F4_Market_Commodities,log,Ridge_a10
5,2026-07-07,2026-06-30,2149,F4_Market_Commodities,log,Ridge_a10
5,2026-07-08,2026-07-01,2150,F4_Market_Commodities,log,Ridge_a10
5,2026-07-09,2026-07-02,2151,F4_Market_Commodities,log,Ridge_a10
5,2026-07-10,2026-07-03,2152,F4_Market_Commodities,log,Ridge_a10
5,2026-07-13,2026-07-06,2153,F4_Market_Commodities,log,Ridge_a10
5,2026-07-14,2026-07-07,2154,F4_Market_Commodities,log,Ridge_a10
5,2026-07-15,2026-07-08,2155,F4_Market_Commodities,log,Ridge_a10
5,2026-07-16,2026-07-09,2156,F4_Market_Commodities,log,Ridge_a10
5,2026-07-17,2026-07-10,2157,F4_Market_Commodities,log,Ridge_a10
5,2026-07-20,2026-07-13,2158,F4_Market_Commodities,log,Ridge_a10
5,2026-07-21,2026-07-14,2159,F4_Market_Commodities,log,Ridge_a10
5,2026-07-22,2026-07-15,2160,F4_Market_Commodities,log,Ridge_a10
5,2026-07-23,2026-07-16,2161,F4_Market_Commodities,log,Ridge_a10
5,2026-07-24,2026-07-17,2162,F4_Market_Commodities,log,Ridge_a10
5,2026-07-27,2026-07-20,2163,F4_Market_Commodities,log,Ridge_a10
5,2026-07-28,2026-07-21,2164,F4_Market_Commodities,log,Ridge_a10
5,2026-07-29,2026-07-22,2165,F4_Market_Commodities,log,Ridge_a10
5,2026-07-30,2026-07-23,2166,F4_Market_Commodities,log,Ridge_a10
5,2026-07-31,2026-07-24,2167,F4_Market_Commodities,log,Ridge_a10
5,2026-08-03,2026-07-27,2168,F4_Market_Commodities,log,Ridge_a10
5,2026-08-04,2026-07-28,2169,F4_Market_Commodities,log,Ridge_a10
5,2026-08-05,2026-07-29,2170,F4_Market_Commodities,log,Ridge_a10
5,2026-08-06,2026-07-30,2171,F4_Market_Commodities,log,Ridge_a10
5,2026-08-07,2026-07-31,2172,F4_Market_Commodities,log,Ridge_a10
5,2026-08-10,2026-08-03,2173,F4_Market_Commodities,log,Ridge_a10
5,2026-08-11,2026-08-04,2174,F4_Market_Commodities,log,Ridge_a10
5,2026-08-12,2026-08-05,2175,F4_Market_Commodities,log,Ridge_a10
5,2026-08-13,2026-08-06,2176,F4_Market_Commodities,log,Ridge_a10
5,2026-08-14,2026-08-07,2177,F4_Market_Commodities,log,Ridge_a10
5,2026-08-17,2026-08-10,2178,F4_Market_Commodities,log,Ridge_a10
5,2026-08-18,2026-08-11,2179,F4_Market_Commodities,log,Ridge_a10
5,2026-08-19,2026-08-12,2180,F4_Market_Commodities,log,Ridge_a10
5,2026-08-20,2026-08-13,2181,F4_Market_Commodities,log,Ridge_a10
5,2026-08-21,2026-08-14,2182,F4_Market_Commodities,log,Ridge_a10
5,2026-08-24,2026-08-17,2183,F4_Market_Commodities,log,Ridge_a10
5,2026-08-25,2026-08-18,2184,F4_Market_Commodities,log,Ridge_a10
5,2026-08-26,2026-08-19,2185,F4_Market_Commodities,log,Ridge_a10
5,2026-08-27,2026-08-20,2186,F4_Market_Commodities,log,Ridge_a10
5,2026-08-28,2026-08-21,2187,F4_Market_Commodities,log,Ridge_a10
5,2026-08-31,2026-08-24,2188,F4_Market_Commodities,log,Ridge_a10
5,2026-09-01,2026-08-25,2189,F4_Market_Commodities,log,Ridge_a10
5,2026-09-02,2026-08-26,2190,F4_Market_Commodities,log,Ridge_a10
5,2026-09-03,2026-08-27,2191,F4_Market_Commodities,log,Ridge_a10
5,2026-09-04,2026-08-28,2192,F4_Market_Commodities,log,Ridge_a10
5,2026-09-07,2026-08-31,2193,F4_Market_Commodities,log,Ridge_a10
5,2026-09-08,2026-09-01,2194,F4_Market_Commodities,log,Ridge_a10
5,2026-09-09,2026-09-02,2195,F4_Market_Commodities,log,Ridge_a10
5,2026-09-10,2026-09-03,2196,F4_Market_Commodities,log,Ridge_a10
5,2026-09-11,2026-09-04,2197,F4_Market_Commodities,log,Ridge_a10
21,2025-01-02,2024-11-29,1752,F5_Plus_Macro,log,Ridge_a100
21,2025-01-03,2024-12-02,1753,F5_Plus_Macro,log,Ridge_a100
21,2025-01-06,2024-12-03,1754,F5_Plus_Macro,log,Ridge_a100
21,2025-01-07,2024-12-04,1755,F5_Plus_Macro,log,Ridge_a100
21,2025-01-08,2024-12-05,1756,F5_Plus_Macro,log,Ridge_a100
21,2025-01-09,2024-12-06,1757,F5_Plus_Macro,log,Ridge_a100
21,2025-01-10,2024-12-09,1758,F5_Plus_Macro,log,Ridge_a100
21,2025-01-13,2024-12-10,1759,F5_Plus_Macro,log,Ridge_a100
21,2025-01-14,2024-12-11,1760,F5_Plus_Macro,log,Ridge_a100
21,2025-01-15,2024-12-12,1761,F5_Plus_Macro,log,Ridge_a100
21,2025-01-16,2024-12-13,1762,F5_Plus_Macro,log,Ridge_a100
21,2025-01-17,2024-12-16,1763,F5_Plus_Macro,log,Ridge_a100
21,2025-01-20,2024-12-17,1764,F5_Plus_Macro,log,Ridge_a100
21,2025-01-21,2024-12-18,1765,F5_Plus_Macro,log,Ridge_a100
21,2025-01-22,2024-12-19,1766,F5_Plus_Macro,log,Ridge_a100
21,2025-01-23,2024-12-20,1767,F5_Plus_Macro,log,Ridge_a100
21,2025-01-24,2024-12-23,1768,F5_Plus_Macro,log,Ridge_a100
21,2025-01-28,2024-12-24,1769,F5_Plus_Macro,log,Ridge_a100
21,2025-01-29,2024-12-27,1770,F5_Plus_Macro,log,Ridge_a100
21,2025-01-30,2024-12-30,1771,F5_Plus_Macro,log,Ridge_a100
21,2025-01-31,2024-12-31,1772,F5_Plus_Macro,log,Ridge_a100
21,2025-02-03,2025-01-02,1773,F5_Plus_Macro,log,Ridge_a100
21,2025-02-04,2025-01-03,1774,F5_Plus_Macro,log,Ridge_a100
21,2025-02-05,2025-01-06,1775,F5_Plus_Macro,log,Ridge_a100
21,2025-02-06,2025-01-07,1776,F5_Plus_Macro,log,Ridge_a100
21,2025-02-07,2025-01-08,1777,F5_Plus_Macro,log,Ridge_a100
21,2025-02-10,2025-01-09,1778,F5_Plus_Macro,log,Ridge_a100
21,2025-02-11,2025-01-10,1779,F5_Plus_Macro,log,Ridge_a100
21,2025-02-12,2025-01-13,1780,F5_Plus_Macro,log,Ridge_a100
21,2025-02-13,2025-01-14,1781,F5_Plus_Macro,log,Ridge_a100
21,2025-02-14,2025-01-15,1782,F5_Plus_Macro,log,Ridge_a100
21,2025-02-17,2025-01-16,1783,F5_Plus_Macro,log,Ridge_a100
21,2025-02-18,2025-01-17,1784,F5_Plus_Macro,log,Ridge_a100
21,2025-02-19,2025-01-20,1785,F5_Plus_Macro,log,Ridge_a100
21,2025-02-20,2025-01-21,1786,F5_Plus_Macro,log,Ridge_a100
21,2025-02-21,2025-01-22,1787,F5_Plus_Macro,log,Ridge_a100
21,2025-02-24,2025-01-23,1788,F5_Plus_Macro,log,Ridge_a100
21,2025-02-25,2025-01-24,1789,F5_Plus_Macro,log,Ridge_a100
21,2025-02-26,2025-01-28,1790,F5_Plus_Macro,log,Ridge_a100
21,2025-02-27,2025-01-29,1791,F5_Plus_Macro,log,Ridge_a100
21,2025-02-28,2025-01-30,1792,F5_Plus_Macro,log,Ridge_a100
21,2025-03-03,2025-01-31,1793,F5_Plus_Macro,log,Ridge_a100
21,2025-03-04,2025-02-03,1794,F5_Plus_Macro,log,Ridge_a100
21,2025-03-05,2025-02-04,1795,F5_Plus_Macro,log,Ridge_a100
21,2025-03-06,2025-02-05,1796,F5_Plus_Macro,log,Ridge_a100
21,2025-03-07,2025-02-06,1797,F5_Plus_Macro,log,Ridge_a100
21,2025-03-10,2025-02-07,1798,F5_Plus_Macro,log,Ridge_a100
21,2025-03-11,2025-02-10,1799,F5_Plus_Macro,log,Ridge_a100
21,2025-03-12,2025-02-11,1800,F5_Plus_Macro,log,Ridge_a100
21,2025-03-13,2025-02-12,1801,F5_Plus_Macro,log,Ridge_a100
21,2025-03-14,2025-02-13,1802,F5_Plus_Macro,log,Ridge_a100
21,2025-03-17,2025-02-14,1803,F5_Plus_Macro,log,Ridge_a100
21,2025-03-18,2025-02-17,1804,F5_Plus_Macro,log,Ridge_a100
21,2025-03-19,2025-02-18,1805,F5_Plus_Macro,log,Ridge_a100
21,2025-03-20,2025-02-19,1806,F5_Plus_Macro,log,Ridge_a100
21,2025-03-21,2025-02-20,1807,F5_Plus_Macro,log,Ridge_a100
21,2025-03-24,2025-02-21,1808,F5_Plus_Macro,log,Ridge_a100
21,2025-03-25,2025-02-24,1809,F5_Plus_Macro,log,Ridge_a100
21,2025-03-26,2025-02-25,1810,F5_Plus_Macro,log,Ridge_a100
21,2025-03-27,2025-02-26,1811,F5_Plus_Macro,log,Ridge_a100
21,2025-03-28,2025-02-27,1812,F5_Plus_Macro,log,Ridge_a100
21,2025-03-31,2025-02-28,1813,F5_Plus_Macro,log,Ridge_a100
21,2025-04-01,2025-03-03,1814,F5_Plus_Macro,log,Ridge_a100
21,2025-04-02,2025-03-04,1815,F5_Plus_Macro,log,Ridge_a100
21,2025-04-03,2025-03-05,1816,F5_Plus_Macro,log,Ridge_a100
21,2025-04-04,2025-03-06,1817,F5_Plus_Macro,log,Ridge_a100
21,2025-04-07,2025-03-07,1818,F5_Plus_Macro,log,Ridge_a100
21,2025-04-08,2025-03-10,1819,F5_Plus_Macro,log,Ridge_a100
21,2025-04-09,2025-03-11,1820,F5_Plus_Macro,log,Ridge_a100
21,2025-04-10,2025-03-12,1821,F5_Plus_Macro,log,Ridge_a100
21,2025-04-11,2025-03-13,1822,F5_Plus_Macro,log,Ridge_a100
21,2025-04-14,2025-03-14,1823,F5_Plus_Macro,log,Ridge_a100
21,2025-04-15,2025-03-17,1824,F5_Plus_Macro,log,Ridge_a100
21,2025-04-16,2025-03-18,1825,F5_Plus_Macro,log,Ridge_a100
21,2025-04-17,2025-03-19,1826,F5_Plus_Macro,log,Ridge_a100
21,2025-04-22,2025-03-20,1827,F5_Plus_Macro,log,Ridge_a100
21,2025-04-23,2025-03-21,1828,F5_Plus_Macro,log,Ridge_a100
21,2025-04-24,2025-03-24,1829,F5_Plus_Macro,log,Ridge_a100
21,2025-04-28,2025-03-25,1830,F5_Plus_Macro,log,Ridge_a100
21,2025-04-29,2025-03-26,1831,F5_Plus_Macro,log,Ridge_a100
21,2025-04-30,2025-03-27,1832,F5_Plus_Macro,log,Ridge_a100
21,2025-05-01,2025-03-28,1833,F5_Plus_Macro,log,Ridge_a100
21,2025-05-02,2025-03-31,1834,F5_Plus_Macro,log,Ridge_a100
21,2025-05-05,2025-04-01,1835,F5_Plus_Macro,log,Ridge_a100
21,2025-05-06,2025-04-02,1836,F5_Plus_Macro,log,Ridge_a100
21,2025-05-07,2025-04-03,1837,F5_Plus_Macro,log,Ridge_a100
21,2025-05-08,2025-04-04,1838,F5_Plus_Macro,log,Ridge_a100
21,2025-05-09,2025-04-07,1839,F5_Plus_Macro,log,Ridge_a100
21,2025-05-12,2025-04-08,1840,F5_Plus_Macro,log,Ridge_a100
21,2025-05-13,2025-04-09,1841,F5_Plus_Macro,log,Ridge_a100
21,2025-05-14,2025-04-10,1842,F5_Plus_Macro,log,Ridge_a100
21,2025-05-15,2025-04-11,1843,F5_Plus_Macro,log,Ridge_a100
21,2025-05-16,2025-04-14,1844,F5_Plus_Macro,log,Ridge_a100
21,2025-05-19,2025-04-15,1845,F5_Plus_Macro,log,Ridge_a100
21,2025-05-20,2025-04-16,1846,F5_Plus_Macro,log,Ridge_a100
21,2025-05-21,2025-04-17,1847,F5_Plus_Macro,log,Ridge_a100
21,2025-05-22,2025-04-22,1848,F5_Plus_Macro,log,Ridge_a100
21,2025-05-23,2025-04-23,1849,F5_Plus_Macro,log,Ridge_a100
21,2025-05-26,2025-04-24,1850,F5_Plus_Macro,log,Ridge_a100
21,2025-05-27,2025-04-28,1851,F5_Plus_Macro,log,Ridge_a100
21,2025-05-28,2025-04-29,1852,F5_Plus_Macro,log,Ridge_a100
21,2025-05-29,2025-04-30,1853,F5_Plus_Macro,log,Ridge_a100
21,2025-05-30,2025-05-01,1854,F5_Plus_Macro,log,Ridge_a100
21,2025-06-02,2025-05-02,1855,F5_Plus_Macro,log,Ridge_a100
21,2025-06-03,2025-05-05,1856,F5_Plus_Macro,log,Ridge_a100
21,2025-06-04,2025-05-06,1857,F5_Plus_Macro,log,Ridge_a100
21,2025-06-05,2025-05-07,1858,F5_Plus_Macro,log,Ridge_a100
21,2025-06-06,2025-05-08,1859,F5_Plus_Macro,log,Ridge_a100
21,2025-06-10,2025-05-09,1860,F5_Plus_Macro,log,Ridge_a100
21,2025-06-11,2025-05-12,1861,F5_Plus_Macro,log,Ridge_a100
21,2025-06-12,2025-05-13,1862,F5_Plus_Macro,log,Ridge_a100
21,2025-06-13,2025-05-14,1863,F5_Plus_Macro,log,Ridge_a100
21,2025-06-16,2025-05-15,1864,F5_Plus_Macro,log,Ridge_a100
21,2025-06-17,2025-05-16,1865,F5_Plus_Macro,log,Ridge_a100
21,2025-06-18,2025-05-19,1866,F5_Plus_Macro,log,Ridge_a100
21,2025-06-19,2025-05-20,1867,F5_Plus_Macro,log,Ridge_a100
21,2025-06-20,2025-05-21,1868,F5_Plus_Macro,log,Ridge_a100
21,2025-06-23,2025-05-22,1869,F5_Plus_Macro,log,Ridge_a100
21,2025-06-24,2025-05-23,1870,F5_Plus_Macro,log,Ridge_a100
21,2025-06-25,2025-05-26,1871,F5_Plus_Macro,log,Ridge_a100
21,2025-06-26,2025-05-27,1872,F5_Plus_Macro,log,Ridge_a100
21,2025-06-27,2025-05-28,1873,F5_Plus_Macro,log,Ridge_a100
21,2025-06-30,2025-05-29,1874,F5_Plus_Macro,log,Ridge_a100
21,2025-07-01,2025-05-30,1875,F5_Plus_Macro,log,Ridge_a100
21,2025-07-02,2025-06-02,1876,F5_Plus_Macro,log,Ridge_a100
21,2025-07-03,2025-06-03,1877,F5_Plus_Macro,log,Ridge_a100
21,2025-07-04,2025-06-04,1878,F5_Plus_Macro,log,Ridge_a100
21,2025-07-07,2025-06-05,1879,F5_Plus_Macro,log,Ridge_a100
21,2025-07-08,2025-06-06,1880,F5_Plus_Macro,log,Ridge_a100
21,2025-07-09,2025-06-10,1881,F5_Plus_Macro,log,Ridge_a100
21,2025-07-10,2025-06-11,1882,F5_Plus_Macro,log,Ridge_a100
21,2025-07-11,2025-06-12,1883,F5_Plus_Macro,log,Ridge_a100
21,2025-07-14,2025-06-13,1884,F5_Plus_Macro,log,Ridge_a100
21,2025-07-15,2025-06-16,1885,F5_Plus_Macro,log,Ridge_a100
21,2025-07-16,2025-06-17,1886,F5_Plus_Macro,log,Ridge_a100
21,2025-07-17,2025-06-18,1887,F5_Plus_Macro,log,Ridge_a100
21,2025-07-18,2025-06-19,1888,F5_Plus_Macro,log,Ridge_a100
21,2025-07-21,2025-06-20,1889,F5_Plus_Macro,log,Ridge_a100
21,2025-07-22,2025-06-23,1890,F5_Plus_Macro,log,Ridge_a100
21,2025-07-23,2025-06-24,1891,F5_Plus_Macro,log,Ridge_a100
21,2025-07-24,2025-06-25,1892,F5_Plus_Macro,log,Ridge_a100
21,2025-07-25,2025-06-26,1893,F5_Plus_Macro,log,Ridge_a100
21,2025-07-28,2025-06-27,1894,F5_Plus_Macro,log,Ridge_a100
21,2025-07-29,2025-06-30,1895,F5_Plus_Macro,log,Ridge_a100
21,2025-07-30,2025-07-01,1896,F5_Plus_Macro,log,Ridge_a100
21,2025-07-31,2025-07-02,1897,F5_Plus_Macro,log,Ridge_a100
21,2025-08-01,2025-07-03,1898,F5_Plus_Macro,log,Ridge_a100
21,2025-08-04,2025-07-04,1899,F5_Plus_Macro,log,Ridge_a100
21,2025-08-05,2025-07-07,1900,F5_Plus_Macro,log,Ridge_a100
21,2025-08-06,2025-07-08,1901,F5_Plus_Macro,log,Ridge_a100
21,2025-08-07,2025-07-09,1902,F5_Plus_Macro,log,Ridge_a100
21,2025-08-08,2025-07-10,1903,F5_Plus_Macro,log,Ridge_a100
21,2025-08-11,2025-07-11,1904,F5_Plus_Macro,log,Ridge_a100
21,2025-08-12,2025-07-14,1905,F5_Plus_Macro,log,Ridge_a100
21,2025-08-13,2025-07-15,1906,F5_Plus_Macro,log,Ridge_a100
21,2025-08-14,2025-07-16,1907,F5_Plus_Macro,log,Ridge_a100
21,2025-08-15,2025-07-17,1908,F5_Plus_Macro,log,Ridge_a100
21,2025-08-18,2025-07-18,1909,F5_Plus_Macro,log,Ridge_a100
21,2025-08-19,2025-07-21,1910,F5_Plus_Macro,log,Ridge_a100
21,2025-08-20,2025-07-22,1911,F5_Plus_Macro,log,Ridge_a100
21,2025-08-21,2025-07-23,1912,F5_Plus_Macro,log,Ridge_a100
21,2025-08-22,2025-07-24,1913,F5_Plus_Macro,log,Ridge_a100
21,2025-08-25,2025-07-25,1914,F5_Plus_Macro,log,Ridge_a100
21,2025-08-26,2025-07-28,1915,F5_Plus_Macro,log,Ridge_a100
21,2025-08-27,2025-07-29,1916,F5_Plus_Macro,log,Ridge_a100
21,2025-08-28,2025-07-30,1917,F5_Plus_Macro,log,Ridge_a100
21,2025-08-29,2025-07-31,1918,F5_Plus_Macro,log,Ridge_a100
21,2025-09-01,2025-08-01,1919,F5_Plus_Macro,log,Ridge_a100
21,2025-09-02,2025-08-04,1920,F5_Plus_Macro,log,Ridge_a100
21,2025-09-03,2025-08-05,1921,F5_Plus_Macro,log,Ridge_a100
21,2025-09-04,2025-08-06,1922,F5_Plus_Macro,log,Ridge_a100
21,2025-09-05,2025-08-07,1923,F5_Plus_Macro,log,Ridge_a100
21,2025-09-08,2025-08-08,1924,F5_Plus_Macro,log,Ridge_a100
21,2025-09-09,2025-08-11,1925,F5_Plus_Macro,log,Ridge_a100
21,2025-09-10,2025-08-12,1926,F5_Plus_Macro,log,Ridge_a100
21,2025-09-11,2025-08-13,1927,F5_Plus_Macro,log,Ridge_a100
21,2025-09-12,2025-08-14,1928,F5_Plus_Macro,log,Ridge_a100
21,2025-09-15,2025-08-15,1929,F5_Plus_Macro,log,Ridge_a100
21,2025-09-16,2025-08-18,1930,F5_Plus_Macro,log,Ridge_a100
21,2025-09-17,2025-08-19,1931,F5_Plus_Macro,log,Ridge_a100
21,2025-09-18,2025-08-20,1932,F5_Plus_Macro,log,Ridge_a100
21,2025-09-19,2025-08-21,1933,F5_Plus_Macro,log,Ridge_a100
21,2025-09-22,2025-08-22,1934,F5_Plus_Macro,log,Ridge_a100
21,2025-09-23,2025-08-25,1935,F5_Plus_Macro,log,Ridge_a100
21,2025-09-24,2025-08-26,1936,F5_Plus_Macro,log,Ridge_a100
21,2025-09-25,2025-08-27,1937,F5_Plus_Macro,log,Ridge_a100
21,2025-09-26,2025-08-28,1938,F5_Plus_Macro,log,Ridge_a100
21,2025-09-29,2025-08-29,1939,F5_Plus_Macro,log,Ridge_a100
21,2025-09-30,2025-09-01,1940,F5_Plus_Macro,log,Ridge_a100
21,2025-10-01,2025-09-02,1941,F5_Plus_Macro,log,Ridge_a100
21,2025-10-02,2025-09-03,1942,F5_Plus_Macro,log,Ridge_a100
21,2025-10-03,2025-09-04,1943,F5_Plus_Macro,log,Ridge_a100
21,2025-10-06,2025-09-05,1944,F5_Plus_Macro,log,Ridge_a100
21,2025-10-07,2025-09-08,1945,F5_Plus_Macro,log,Ridge_a100
21,2025-10-08,2025-09-09,1946,F5_Plus_Macro,log,Ridge_a100
21,2025-10-09,2025-09-10,1947,F5_Plus_Macro,log,Ridge_a100
21,2025-10-10,2025-09-11,1948,F5_Plus_Macro,log,Ridge_a100
21,2025-10-13,2025-09-12,1949,F5_Plus_Macro,log,Ridge_a100
21,2025-10-14,2025-09-15,1950,F5_Plus_Macro,log,Ridge_a100
21,2025-10-15,2025-09-16,1951,F5_Plus_Macro,log,Ridge_a100
21,2025-10-16,2025-09-17,1952,F5_Plus_Macro,log,Ridge_a100
21,2025-10-17,2025-09-18,1953,F5_Plus_Macro,log,Ridge_a100
21,2025-10-20,2025-09-19,1954,F5_Plus_Macro,log,Ridge_a100
21,2025-10-21,2025-09-22,1955,F5_Plus_Macro,log,Ridge_a100
21,2025-10-22,2025-09-23,1956,F5_Plus_Macro,log,Ridge_a100
21,2025-10-23,2025-09-24,1957,F5_Plus_Macro,log,Ridge_a100
21,2025-10-24,2025-09-25,1958,F5_Plus_Macro,log,Ridge_a100
21,2025-10-27,2025-09-26,1959,F5_Plus_Macro,log,Ridge_a100
21,2025-10-28,2025-09-29,1960,F5_Plus_Macro,log,Ridge_a100
21,2025-10-29,2025-09-30,1961,F5_Plus_Macro,log,Ridge_a100
21,2025-10-30,2025-10-01,1962,F5_Plus_Macro,log,Ridge_a100
21,2025-10-31,2025-10-02,1963,F5_Plus_Macro,log,Ridge_a100
21,2025-11-03,2025-10-03,1964,F5_Plus_Macro,log,Ridge_a100
21,2025-11-04,2025-10-06,1965,F5_Plus_Macro,log,Ridge_a100
21,2025-11-05,2025-10-07,1966,F5_Plus_Macro,log,Ridge_a100
21,2025-11-06,2025-10-08,1967,F5_Plus_Macro,log,Ridge_a100
21,2025-11-07,2025-10-09,1968,F5_Plus_Macro,log,Ridge_a100
21,2025-11-10,2025-10-10,1969,F5_Plus_Macro,log,Ridge_a100
21,2025-11-11,2025-10-13,1970,F5_Plus_Macro,log,Ridge_a100
21,2025-11-12,2025-10-14,1971,F5_Plus_Macro,log,Ridge_a100
21,2025-11-13,2025-10-15,1972,F5_Plus_Macro,log,Ridge_a100
21,2025-11-14,2025-10-16,1973,F5_Plus_Macro,log,Ridge_a100
21,2025-11-17,2025-10-17,1974,F5_Plus_Macro,log,Ridge_a100
21,2025-11-18,2025-10-20,1975,F5_Plus_Macro,log,Ridge_a100
21,2025-11-19,2025-10-21,1976,F5_Plus_Macro,log,Ridge_a100
21,2025-11-20,2025-10-22,1977,F5_Plus_Macro,log,Ridge_a100
21,2025-11-21,2025-10-23,1978,F5_Plus_Macro,log,Ridge_a100
21,2025-11-24,2025-10-24,1979,F5_Plus_Macro,log,Ridge_a100
21,2025-11-25,2025-10-27,1980,F5_Plus_Macro,log,Ridge_a100
21,2025-11-26,2025-10-28,1981,F5_Plus_Macro,log,Ridge_a100
21,2025-11-27,2025-10-29,1982,F5_Plus_Macro,log,Ridge_a100
21,2025-11-28,2025-10-30,1983,F5_Plus_Macro,log,Ridge_a100
21,2025-12-01,2025-10-31,1984,F5_Plus_Macro,log,Ridge_a100
21,2025-12-02,2025-11-03,1985,F5_Plus_Macro,log,Ridge_a100
21,2025-12-03,2025-11-04,1986,F5_Plus_Macro,log,Ridge_a100
21,2025-12-04,2025-11-05,1987,F5_Plus_Macro,log,Ridge_a100
21,2025-12-05,2025-11-06,1988,F5_Plus_Macro,log,Ridge_a100
21,2025-12-08,2025-11-07,1989,F5_Plus_Macro,log,Ridge_a100
21,2025-12-09,2025-11-10,1990,F5_Plus_Macro,log,Ridge_a100
21,2025-12-10,2025-11-11,1991,F5_Plus_Macro,log,Ridge_a100
21,2025-12-11,2025-11-12,1992,F5_Plus_Macro,log,Ridge_a100
21,2025-12-12,2025-11-13,1993,F5_Plus_Macro,log,Ridge_a100
21,2025-12-15,2025-11-14,1994,F5_Plus_Macro,log,Ridge_a100
21,2025-12-16,2025-11-17,1995,F5_Plus_Macro,log,Ridge_a100
21,2025-12-17,2025-11-18,1996,F5_Plus_Macro,log,Ridge_a100
21,2025-12-18,2025-11-19,1997,F5_Plus_Macro,log,Ridge_a100
21,2025-12-19,2025-11-20,1998,F5_Plus_Macro,log,Ridge_a100
21,2025-12-22,2025-11-21,1999,F5_Plus_Macro,log,Ridge_a100
21,2025-12-23,2025-11-24,2000,F5_Plus_Macro,log,Ridge_a100
21,2025-12-24,2025-11-25,2001,F5_Plus_Macro,log,Ridge_a100
21,2025-12-29,2025-11-26,2002,F5_Plus_Macro,log,Ridge_a100
21,2025-12-30,2025-11-27,2003,F5_Plus_Macro,log,Ridge_a100
21,2025-12-31,2025-11-28,2004,F5_Plus_Macro,log,Ridge_a100
21,2026-01-02,2025-12-01,2005,F5_Plus_Macro,log,Ridge_a100
21,2026-01-05,2025-12-02,2006,F5_Plus_Macro,log,Ridge_a100
21,2026-01-06,2025-12-03,2007,F5_Plus_Macro,log,Ridge_a100
21,2026-01-07,2025-12-04,2008,F5_Plus_Macro,log,Ridge_a100
21,2026-01-08,2025-12-05,2009,F5_Plus_Macro,log,Ridge_a100
21,2026-01-09,2025-12-08,2010,F5_Plus_Macro,log,Ridge_a100
21,2026-01-12,2025-12-09,2011,F5_Plus_Macro,log,Ridge_a100
21,2026-01-13,2025-12-10,2012,F5_Plus_Macro,log,Ridge_a100
21,2026-01-14,2025-12-11,2013,F5_Plus_Macro,log,Ridge_a100
21,2026-01-15,2025-12-12,2014,F5_Plus_Macro,log,Ridge_a100
21,2026-01-16,2025-12-15,2015,F5_Plus_Macro,log,Ridge_a100
21,2026-01-19,2025-12-16,2016,F5_Plus_Macro,log,Ridge_a100
21,2026-01-20,2025-12-17,2017,F5_Plus_Macro,log,Ridge_a100
21,2026-01-21,2025-12-18,2018,F5_Plus_Macro,log,Ridge_a100
21,2026-01-22,2025-12-19,2019,F5_Plus_Macro,log,Ridge_a100
21,2026-01-23,2025-12-22,2020,F5_Plus_Macro,log,Ridge_a100
21,2026-01-27,2025-12-23,2021,F5_Plus_Macro,log,Ridge_a100
21,2026-01-28,2025-12-24,2022,F5_Plus_Macro,log,Ridge_a100
21,2026-01-29,2025-12-29,2023,F5_Plus_Macro,log,Ridge_a100
21,2026-01-30,2025-12-30,2024,F5_Plus_Macro,log,Ridge_a100
21,2026-02-02,2025-12-31,2025,F5_Plus_Macro,log,Ridge_a100
21,2026-02-03,2026-01-02,2026,F5_Plus_Macro,log,Ridge_a100
21,2026-02-04,2026-01-05,2027,F5_Plus_Macro,log,Ridge_a100
21,2026-02-05,2026-01-06,2028,F5_Plus_Macro,log,Ridge_a100
21,2026-02-06,2026-01-07,2029,F5_Plus_Macro,log,Ridge_a100
21,2026-02-09,2026-01-08,2030,F5_Plus_Macro,log,Ridge_a100
21,2026-02-10,2026-01-09,2031,F5_Plus_Macro,log,Ridge_a100
21,2026-02-11,2026-01-12,2032,F5_Plus_Macro,log,Ridge_a100
21,2026-02-12,2026-01-13,2033,F5_Plus_Macro,log,Ridge_a100
21,2026-02-13,2026-01-14,2034,F5_Plus_Macro,log,Ridge_a100
21,2026-02-16,2026-01-15,2035,F5_Plus_Macro,log,Ridge_a100
21,2026-02-17,2026-01-16,2036,F5_Plus_Macro,log,Ridge_a100
21,2026-02-18,2026-01-19,2037,F5_Plus_Macro,log,Ridge_a100
21,2026-02-19,2026-01-20,2038,F5_Plus_Macro,log,Ridge_a100
21,2026-02-20,2026-01-21,2039,F5_Plus_Macro,log,Ridge_a100
21,2026-02-23,2026-01-22,2040,F5_Plus_Macro,log,Ridge_a100
21,2026-02-24,2026-01-23,2041,F5_Plus_Macro,log,Ridge_a100
21,2026-02-25,2026-01-27,2042,F5_Plus_Macro,log,Ridge_a100
21,2026-02-26,2026-01-28,2043,F5_Plus_Macro,log,Ridge_a100
21,2026-02-27,2026-01-29,2044,F5_Plus_Macro,log,Ridge_a100
21,2026-03-02,2026-01-30,2045,F5_Plus_Macro,log,Ridge_a100
21,2026-03-03,2026-02-02,2046,F5_Plus_Macro,log,Ridge_a100
21,2026-03-04,2026-02-03,2047,F5_Plus_Macro,log,Ridge_a100
21,2026-03-05,2026-02-04,2048,F5_Plus_Macro,log,Ridge_a100
21,2026-03-06,2026-02-05,2049,F5_Plus_Macro,log,Ridge_a100
21,2026-03-09,2026-02-06,2050,F5_Plus_Macro,log,Ridge_a100
21,2026-03-10,2026-02-09,2051,F5_Plus_Macro,log,Ridge_a100
21,2026-03-11,2026-02-10,2052,F5_Plus_Macro,log,Ridge_a100
21,2026-03-12,2026-02-11,2053,F5_Plus_Macro,log,Ridge_a100
21,2026-03-13,2026-02-12,2054,F5_Plus_Macro,log,Ridge_a100
21,2026-03-16,2026-02-13,2055,F5_Plus_Macro,log,Ridge_a100
21,2026-03-17,2026-02-16,2056,F5_Plus_Macro,log,Ridge_a100
21,2026-03-18,2026-02-17,2057,F5_Plus_Macro,log,Ridge_a100
21,2026-03-19,2026-02-18,2058,F5_Plus_Macro,log,Ridge_a100
21,2026-03-20,2026-02-19,2059,F5_Plus_Macro,log,Ridge_a100
21,2026-03-23,2026-02-20,2060,F5_Plus_Macro,log,Ridge_a100
21,2026-03-24,2026-02-23,2061,F5_Plus_Macro,log,Ridge_a100
21,2026-03-25,2026-02-24,2062,F5_Plus_Macro,log,Ridge_a100
21,2026-03-26,2026-02-25,2063,F5_Plus_Macro,log,Ridge_a100
21,2026-03-27,2026-02-26,2064,F5_Plus_Macro,log,Ridge_a100
21,2026-03-30,2026-02-27,2065,F5_Plus_Macro,log,Ridge_a100
21,2026-03-31,2026-03-02,2066,F5_Plus_Macro,log,Ridge_a100
21,2026-04-01,2026-03-03,2067,F5_Plus_Macro,log,Ridge_a100
21,2026-04-02,2026-03-04,2068,F5_Plus_Macro,log,Ridge_a100
21,2026-04-07,2026-03-05,2069,F5_Plus_Macro,log,Ridge_a100
21,2026-04-08,2026-03-06,2070,F5_Plus_Macro,log,Ridge_a100
21,2026-04-09,2026-03-09,2071,F5_Plus_Macro,log,Ridge_a100
21,2026-04-10,2026-03-10,2072,F5_Plus_Macro,log,Ridge_a100
21,2026-04-13,2026-03-11,2073,F5_Plus_Macro,log,Ridge_a100
21,2026-04-14,2026-03-12,2074,F5_Plus_Macro,log,Ridge_a100
21,2026-04-15,2026-03-13,2075,F5_Plus_Macro,log,Ridge_a100
21,2026-04-16,2026-03-16,2076,F5_Plus_Macro,log,Ridge_a100
21,2026-04-17,2026-03-17,2077,F5_Plus_Macro,log,Ridge_a100
21,2026-04-20,2026-03-18,2078,F5_Plus_Macro,log,Ridge_a100
21,2026-04-21,2026-03-19,2079,F5_Plus_Macro,log,Ridge_a100
21,2026-04-22,2026-03-20,2080,F5_Plus_Macro,log,Ridge_a100
21,2026-04-23,2026-03-23,2081,F5_Plus_Macro,log,Ridge_a100
21,2026-04-24,2026-03-24,2082,F5_Plus_Macro,log,Ridge_a100
21,2026-04-27,2026-03-25,2083,F5_Plus_Macro,log,Ridge_a100
21,2026-04-28,2026-03-26,2084,F5_Plus_Macro,log,Ridge_a100
21,2026-04-29,2026-03-27,2085,F5_Plus_Macro,log,Ridge_a100
21,2026-04-30,2026-03-30,2086,F5_Plus_Macro,log,Ridge_a100
21,2026-05-01,2026-03-31,2087,F5_Plus_Macro,log,Ridge_a100
21,2026-05-04,2026-04-01,2088,F5_Plus_Macro,log,Ridge_a100
21,2026-05-05,2026-04-02,2089,F5_Plus_Macro,log,Ridge_a100
21,2026-05-06,2026-04-07,2090,F5_Plus_Macro,log,Ridge_a100
21,2026-05-07,2026-04-08,2091,F5_Plus_Macro,log,Ridge_a100
21,2026-05-08,2026-04-09,2092,F5_Plus_Macro,log,Ridge_a100
21,2026-05-11,2026-04-10,2093,F5_Plus_Macro,log,Ridge_a100
21,2026-05-12,2026-04-13,2094,F5_Plus_Macro,log,Ridge_a100
21,2026-05-13,2026-04-14,2095,F5_Plus_Macro,log,Ridge_a100
21,2026-05-14,2026-04-15,2096,F5_Plus_Macro,log,Ridge_a100
21,2026-05-15,2026-04-16,2097,F5_Plus_Macro,log,Ridge_a100
21,2026-05-18,2026-04-17,2098,F5_Plus_Macro,log,Ridge_a100
21,2026-05-19,2026-04-20,2099,F5_Plus_Macro,log,Ridge_a100
21,2026-05-20,2026-04-21,2100,F5_Plus_Macro,log,Ridge_a100
21,2026-05-21,2026-04-22,2101,F5_Plus_Macro,log,Ridge_a100
21,2026-05-22,2026-04-23,2102,F5_Plus_Macro,log,Ridge_a100
21,2026-05-25,2026-04-24,2103,F5_Plus_Macro,log,Ridge_a100
21,2026-05-26,2026-04-27,2104,F5_Plus_Macro,log,Ridge_a100
21,2026-05-27,2026-04-28,2105,F5_Plus_Macro,log,Ridge_a100
21,2026-05-28,2026-04-29,2106,F5_Plus_Macro,log,Ridge_a100
21,2026-05-29,2026-04-30,2107,F5_Plus_Macro,log,Ridge_a100
21,2026-06-01,2026-05-01,2108,F5_Plus_Macro,log,Ridge_a100
21,2026-06-02,2026-05-04,2109,F5_Plus_Macro,log,Ridge_a100
21,2026-06-03,2026-05-05,2110,F5_Plus_Macro,log,Ridge_a100
21,2026-06-04,2026-05-06,2111,F5_Plus_Macro,log,Ridge_a100
21,2026-06-05,2026-05-07,2112,F5_Plus_Macro,log,Ridge_a100
21,2026-06-09,2026-05-08,2113,F5_Plus_Macro,log,Ridge_a100
21,2026-06-10,2026-05-11,2114,F5_Plus_Macro,log,Ridge_a100
21,2026-06-11,2026-05-12,2115,F5_Plus_Macro,log,Ridge_a100
21,2026-06-12,2026-05-13,2116,F5_Plus_Macro,log,Ridge_a100
21,2026-06-15,2026-05-14,2117,F5_Plus_Macro,log,Ridge_a100
21,2026-06-16,2026-05-15,2118,F5_Plus_Macro,log,Ridge_a100
21,2026-06-17,2026-05-18,2119,F5_Plus_Macro,log,Ridge_a100
21,2026-06-18,2026-05-19,2120,F5_Plus_Macro,log,Ridge_a100
21,2026-06-19,2026-05-20,2121,F5_Plus_Macro,log,Ridge_a100
21,2026-06-22,2026-05-21,2122,F5_Plus_Macro,log,Ridge_a100
21,2026-06-23,2026-05-22,2123,F5_Plus_Macro,log,Ridge_a100
21,2026-06-24,2026-05-25,2124,F5_Plus_Macro,log,Ridge_a100
21,2026-06-25,2026-05-26,2125,F5_Plus_Macro,log,Ridge_a100
21,2026-06-26,2026-05-27,2126,F5_Plus_Macro,log,Ridge_a100
21,2026-06-29,2026-05-28,2127,F5_Plus_Macro,log,Ridge_a100
21,2026-06-30,2026-05-29,2128,F5_Plus_Macro,log,Ridge_a100
21,2026-07-01,2026-06-01,2129,F5_Plus_Macro,log,Ridge_a100
21,2026-07-02,2026-06-02,2130,F5_Plus_Macro,log,Ridge_a100
21,2026-07-03,2026-06-03,2131,F5_Plus_Macro,log,Ridge_a100
21,2026-07-06,2026-06-04,2132,F5_Plus_Macro,log,Ridge_a100
21,2026-07-07,2026-06-05,2133,F5_Plus_Macro,log,Ridge_a100
21,2026-07-08,2026-06-09,2134,F5_Plus_Macro,log,Ridge_a100
21,2026-07-09,2026-06-10,2135,F5_Plus_Macro,log,Ridge_a100
21,2026-07-10,2026-06-11,2136,F5_Plus_Macro,log,Ridge_a100
21,2026-07-13,2026-06-12,2137,F5_Plus_Macro,log,Ridge_a100
21,2026-07-14,2026-06-15,2138,F5_Plus_Macro,log,Ridge_a100
21,2026-07-15,2026-06-16,2139,F5_Plus_Macro,log,Ridge_a100
21,2026-07-16,2026-06-17,2140,F5_Plus_Macro,log,Ridge_a100
21,2026-07-17,2026-06-18,2141,F5_Plus_Macro,log,Ridge_a100
21,2026-07-20,2026-06-19,2142,F5_Plus_Macro,log,Ridge_a100
21,2026-07-21,2026-06-22,2143,F5_Plus_Macro,log,Ridge_a100
21,2026-07-22,2026-06-23,2144,F5_Plus_Macro,log,Ridge_a100
21,2026-07-23,2026-06-24,2145,F5_Plus_Macro,log,Ridge_a100
21,2026-07-24,2026-06-25,2146,F5_Plus_Macro,log,Ridge_a100
21,2026-07-27,2026-06-26,2147,F5_Plus_Macro,log,Ridge_a100
21,2026-07-28,2026-06-29,2148,F5_Plus_Macro,log,Ridge_a100
21,2026-07-29,2026-06-30,2149,F5_Plus_Macro,log,Ridge_a100
21,2026-07-30,2026-07-01,2150,F5_Plus_Macro,log,Ridge_a100
21,2026-07-31,2026-07-02,2151,F5_Plus_Macro,log,Ridge_a100
21,2026-08-03,2026-07-03,2152,F5_Plus_Macro,log,Ridge_a100
21,2026-08-04,2026-07-06,2153,F5_Plus_Macro,log,Ridge_a100
21,2026-08-05,2026-07-07,2154,F5_Plus_Macro,log,Ridge_a100
21,2026-08-06,2026-07-08,2155,F5_Plus_Macro,log,Ridge_a100
21,2026-08-07,2026-07-09,2156,F5_Plus_Macro,log,Ridge_a100
21,2026-08-10,2026-07-10,2157,F5_Plus_Macro,log,Ridge_a100
21,2026-08-11,2026-07-13,2158,F5_Plus_Macro,log,Ridge_a100
21,2026-08-12,2026-07-14,2159,F5_Plus_Macro,log,Ridge_a100
21,2026-08-13,2026-07-15,2160,F5_Plus_Macro,log,Ridge_a100
21,2026-08-14,2026-07-16,2161,F5_Plus_Macro,log,Ridge_a100
21,2026-08-17,2026-07-17,2162,F5_Plus_Macro,log,Ridge_a100
21,2026-08-18,2026-07-20,2163,F5_Plus_Macro,log,Ridge_a100
21,2026-08-19,2026-07-21,2164,F5_Plus_Macro,log,Ridge_a100
21,2026-08-20,2026-07-22,2165,F5_Plus_Macro,log,Ridge_a100
63,2025-01-02,2024-10-02,1710,F5_Plus_Macro,raw,XGB_d2
63,2025-01-03,2024-10-03,1711,F5_Plus_Macro,raw,XGB_d2
63,2025-01-06,2024-10-04,1712,F5_Plus_Macro,raw,XGB_d2
63,2025-01-07,2024-10-07,1713,F5_Plus_Macro,raw,XGB_d2
63,2025-01-08,2024-10-08,1714,F5_Plus_Macro,raw,XGB_d2
63,2025-01-09,2024-10-09,1715,F5_Plus_Macro,raw,XGB_d2
63,2025-01-10,2024-10-10,1716,F5_Plus_Macro,raw,XGB_d2
63,2025-01-13,2024-10-11,1717,F5_Plus_Macro,raw,XGB_d2
63,2025-01-14,2024-10-14,1718,F5_Plus_Macro,raw,XGB_d2
63,2025-01-15,2024-10-15,1719,F5_Plus_Macro,raw,XGB_d2
63,2025-01-16,2024-10-16,1720,F5_Plus_Macro,raw,XGB_d2
63,2025-01-17,2024-10-17,1721,F5_Plus_Macro,raw,XGB_d2
63,2025-01-20,2024-10-18,1722,F5_Plus_Macro,raw,XGB_d2
63,2025-01-21,2024-10-21,1723,F5_Plus_Macro,raw,XGB_d2
63,2025-01-22,2024-10-22,1724,F5_Plus_Macro,raw,XGB_d2
63,2025-01-23,2024-10-23,1725,F5_Plus_Macro,raw,XGB_d2
63,2025-01-24,2024-10-24,1726,F5_Plus_Macro,raw,XGB_d2
63,2025-01-28,2024-10-25,1727,F5_Plus_Macro,raw,XGB_d2
63,2025-01-29,2024-10-28,1728,F5_Plus_Macro,raw,XGB_d2
63,2025-01-30,2024-10-29,1729,F5_Plus_Macro,raw,XGB_d2
63,2025-01-31,2024-10-30,1730,F5_Plus_Macro,raw,XGB_d2
63,2025-02-03,2024-10-31,1731,F5_Plus_Macro,raw,XGB_d2
63,2025-02-04,2024-11-01,1732,F5_Plus_Macro,raw,XGB_d2
63,2025-02-05,2024-11-04,1733,F5_Plus_Macro,raw,XGB_d2
63,2025-02-06,2024-11-05,1734,F5_Plus_Macro,raw,XGB_d2
63,2025-02-07,2024-11-06,1735,F5_Plus_Macro,raw,XGB_d2
63,2025-02-10,2024-11-07,1736,F5_Plus_Macro,raw,XGB_d2
63,2025-02-11,2024-11-08,1737,F5_Plus_Macro,raw,XGB_d2
63,2025-02-12,2024-11-11,1738,F5_Plus_Macro,raw,XGB_d2
63,2025-02-13,2024-11-12,1739,F5_Plus_Macro,raw,XGB_d2
63,2025-02-14,2024-11-13,1740,F5_Plus_Macro,raw,XGB_d2
63,2025-02-17,2024-11-14,1741,F5_Plus_Macro,raw,XGB_d2
63,2025-02-18,2024-11-15,1742,F5_Plus_Macro,raw,XGB_d2
63,2025-02-19,2024-11-18,1743,F5_Plus_Macro,raw,XGB_d2
63,2025-02-20,2024-11-19,1744,F5_Plus_Macro,raw,XGB_d2
63,2025-02-21,2024-11-20,1745,F5_Plus_Macro,raw,XGB_d2
63,2025-02-24,2024-11-21,1746,F5_Plus_Macro,raw,XGB_d2
63,2025-02-25,2024-11-22,1747,F5_Plus_Macro,raw,XGB_d2
63,2025-02-26,2024-11-25,1748,F5_Plus_Macro,raw,XGB_d2
63,2025-02-27,2024-11-26,1749,F5_Plus_Macro,raw,XGB_d2
63,2025-02-28,2024-11-27,1750,F5_Plus_Macro,raw,XGB_d2
63,2025-03-03,2024-11-28,1751,F5_Plus_Macro,raw,XGB_d2
63,2025-03-04,2024-11-29,1752,F5_Plus_Macro,raw,XGB_d2
63,2025-03-05,2024-12-02,1753,F5_Plus_Macro,raw,XGB_d2
63,2025-03-06,2024-12-03,1754,F5_Plus_Macro,raw,XGB_d2
63,2025-03-07,2024-12-04,1755,F5_Plus_Macro,raw,XGB_d2
63,2025-03-10,2024-12-05,1756,F5_Plus_Macro,raw,XGB_d2
63,2025-03-11,2024-12-06,1757,F5_Plus_Macro,raw,XGB_d2
63,2025-03-12,2024-12-09,1758,F5_Plus_Macro,raw,XGB_d2
63,2025-03-13,2024-12-10,1759,F5_Plus_Macro,raw,XGB_d2
63,2025-03-14,2024-12-11,1760,F5_Plus_Macro,raw,XGB_d2
63,2025-03-17,2024-12-12,1761,F5_Plus_Macro,raw,XGB_d2
63,2025-03-18,2024-12-13,1762,F5_Plus_Macro,raw,XGB_d2
63,2025-03-19,2024-12-16,1763,F5_Plus_Macro,raw,XGB_d2
63,2025-03-20,2024-12-17,1764,F5_Plus_Macro,raw,XGB_d2
63,2025-03-21,2024-12-18,1765,F5_Plus_Macro,raw,XGB_d2
63,2025-03-24,2024-12-19,1766,F5_Plus_Macro,raw,XGB_d2
63,2025-03-25,2024-12-20,1767,F5_Plus_Macro,raw,XGB_d2
63,2025-03-26,2024-12-23,1768,F5_Plus_Macro,raw,XGB_d2
63,2025-03-27,2024-12-24,1769,F5_Plus_Macro,raw,XGB_d2
63,2025-03-28,2024-12-27,1770,F5_Plus_Macro,raw,XGB_d2
63,2025-03-31,2024-12-30,1771,F5_Plus_Macro,raw,XGB_d2
63,2025-04-01,2024-12-31,1772,F5_Plus_Macro,raw,XGB_d2
63,2025-04-02,2025-01-02,1773,F5_Plus_Macro,raw,XGB_d2
63,2025-04-03,2025-01-03,1774,F5_Plus_Macro,raw,XGB_d2
63,2025-04-04,2025-01-06,1775,F5_Plus_Macro,raw,XGB_d2
63,2025-04-07,2025-01-07,1776,F5_Plus_Macro,raw,XGB_d2
63,2025-04-08,2025-01-08,1777,F5_Plus_Macro,raw,XGB_d2
63,2025-04-09,2025-01-09,1778,F5_Plus_Macro,raw,XGB_d2
63,2025-04-10,2025-01-10,1779,F5_Plus_Macro,raw,XGB_d2
63,2025-04-11,2025-01-13,1780,F5_Plus_Macro,raw,XGB_d2
63,2025-04-14,2025-01-14,1781,F5_Plus_Macro,raw,XGB_d2
63,2025-04-15,2025-01-15,1782,F5_Plus_Macro,raw,XGB_d2
63,2025-04-16,2025-01-16,1783,F5_Plus_Macro,raw,XGB_d2
63,2025-04-17,2025-01-17,1784,F5_Plus_Macro,raw,XGB_d2
63,2025-04-22,2025-01-20,1785,F5_Plus_Macro,raw,XGB_d2
63,2025-04-23,2025-01-21,1786,F5_Plus_Macro,raw,XGB_d2
63,2025-04-24,2025-01-22,1787,F5_Plus_Macro,raw,XGB_d2
63,2025-04-28,2025-01-23,1788,F5_Plus_Macro,raw,XGB_d2
63,2025-04-29,2025-01-24,1789,F5_Plus_Macro,raw,XGB_d2
63,2025-04-30,2025-01-28,1790,F5_Plus_Macro,raw,XGB_d2
63,2025-05-01,2025-01-29,1791,F5_Plus_Macro,raw,XGB_d2
63,2025-05-02,2025-01-30,1792,F5_Plus_Macro,raw,XGB_d2
63,2025-05-05,2025-01-31,1793,F5_Plus_Macro,raw,XGB_d2
63,2025-05-06,2025-02-03,1794,F5_Plus_Macro,raw,XGB_d2
63,2025-05-07,2025-02-04,1795,F5_Plus_Macro,raw,XGB_d2
63,2025-05-08,2025-02-05,1796,F5_Plus_Macro,raw,XGB_d2
63,2025-05-09,2025-02-06,1797,F5_Plus_Macro,raw,XGB_d2
63,2025-05-12,2025-02-07,1798,F5_Plus_Macro,raw,XGB_d2
63,2025-05-13,2025-02-10,1799,F5_Plus_Macro,raw,XGB_d2
63,2025-05-14,2025-02-11,1800,F5_Plus_Macro,raw,XGB_d2
63,2025-05-15,2025-02-12,1801,F5_Plus_Macro,raw,XGB_d2
63,2025-05-16,2025-02-13,1802,F5_Plus_Macro,raw,XGB_d2
63,2025-05-19,2025-02-14,1803,F5_Plus_Macro,raw,XGB_d2
63,2025-05-20,2025-02-17,1804,F5_Plus_Macro,raw,XGB_d2
63,2025-05-21,2025-02-18,1805,F5_Plus_Macro,raw,XGB_d2
63,2025-05-22,2025-02-19,1806,F5_Plus_Macro,raw,XGB_d2
63,2025-05-23,2025-02-20,1807,F5_Plus_Macro,raw,XGB_d2
63,2025-05-26,2025-02-21,1808,F5_Plus_Macro,raw,XGB_d2
63,2025-05-27,2025-02-24,1809,F5_Plus_Macro,raw,XGB_d2
63,2025-05-28,2025-02-25,1810,F5_Plus_Macro,raw,XGB_d2
63,2025-05-29,2025-02-26,1811,F5_Plus_Macro,raw,XGB_d2
63,2025-05-30,2025-02-27,1812,F5_Plus_Macro,raw,XGB_d2
63,2025-06-02,2025-02-28,1813,F5_Plus_Macro,raw,XGB_d2
63,2025-06-03,2025-03-03,1814,F5_Plus_Macro,raw,XGB_d2
63,2025-06-04,2025-03-04,1815,F5_Plus_Macro,raw,XGB_d2
63,2025-06-05,2025-03-05,1816,F5_Plus_Macro,raw,XGB_d2
63,2025-06-06,2025-03-06,1817,F5_Plus_Macro,raw,XGB_d2
63,2025-06-10,2025-03-07,1818,F5_Plus_Macro,raw,XGB_d2
63,2025-06-11,2025-03-10,1819,F5_Plus_Macro,raw,XGB_d2
63,2025-06-12,2025-03-11,1820,F5_Plus_Macro,raw,XGB_d2
63,2025-06-13,2025-03-12,1821,F5_Plus_Macro,raw,XGB_d2
63,2025-06-16,2025-03-13,1822,F5_Plus_Macro,raw,XGB_d2
63,2025-06-17,2025-03-14,1823,F5_Plus_Macro,raw,XGB_d2
63,2025-06-18,2025-03-17,1824,F5_Plus_Macro,raw,XGB_d2
63,2025-06-19,2025-03-18,1825,F5_Plus_Macro,raw,XGB_d2
63,2025-06-20,2025-03-19,1826,F5_Plus_Macro,raw,XGB_d2
63,2025-06-23,2025-03-20,1827,F5_Plus_Macro,raw,XGB_d2
63,2025-06-24,2025-03-21,1828,F5_Plus_Macro,raw,XGB_d2
63,2025-06-25,2025-03-24,1829,F5_Plus_Macro,raw,XGB_d2
63,2025-06-26,2025-03-25,1830,F5_Plus_Macro,raw,XGB_d2
63,2025-06-27,2025-03-26,1831,F5_Plus_Macro,raw,XGB_d2
63,2025-06-30,2025-03-27,1832,F5_Plus_Macro,raw,XGB_d2
63,2025-07-01,2025-03-28,1833,F5_Plus_Macro,raw,XGB_d2
63,2025-07-02,2025-03-31,1834,F5_Plus_Macro,raw,XGB_d2
63,2025-07-03,2025-04-01,1835,F5_Plus_Macro,raw,XGB_d2
63,2025-07-04,2025-04-02,1836,F5_Plus_Macro,raw,XGB_d2
63,2025-07-07,2025-04-03,1837,F5_Plus_Macro,raw,XGB_d2
63,2025-07-08,2025-04-04,1838,F5_Plus_Macro,raw,XGB_d2
63,2025-07-09,2025-04-07,1839,F5_Plus_Macro,raw,XGB_d2
63,2025-07-10,2025-04-08,1840,F5_Plus_Macro,raw,XGB_d2
63,2025-07-11,2025-04-09,1841,F5_Plus_Macro,raw,XGB_d2
63,2025-07-14,2025-04-10,1842,F5_Plus_Macro,raw,XGB_d2
63,2025-07-15,2025-04-11,1843,F5_Plus_Macro,raw,XGB_d2
63,2025-07-16,2025-04-14,1844,F5_Plus_Macro,raw,XGB_d2
63,2025-07-17,2025-04-15,1845,F5_Plus_Macro,raw,XGB_d2
63,2025-07-18,2025-04-16,1846,F5_Plus_Macro,raw,XGB_d2
63,2025-07-21,2025-04-17,1847,F5_Plus_Macro,raw,XGB_d2
63,2025-07-22,2025-04-22,1848,F5_Plus_Macro,raw,XGB_d2
63,2025-07-23,2025-04-23,1849,F5_Plus_Macro,raw,XGB_d2
63,2025-07-24,2025-04-24,1850,F5_Plus_Macro,raw,XGB_d2
63,2025-07-25,2025-04-28,1851,F5_Plus_Macro,raw,XGB_d2
63,2025-07-28,2025-04-29,1852,F5_Plus_Macro,raw,XGB_d2
63,2025-07-29,2025-04-30,1853,F5_Plus_Macro,raw,XGB_d2
63,2025-07-30,2025-05-01,1854,F5_Plus_Macro,raw,XGB_d2
63,2025-07-31,2025-05-02,1855,F5_Plus_Macro,raw,XGB_d2
63,2025-08-01,2025-05-05,1856,F5_Plus_Macro,raw,XGB_d2
63,2025-08-04,2025-05-06,1857,F5_Plus_Macro,raw,XGB_d2
63,2025-08-05,2025-05-07,1858,F5_Plus_Macro,raw,XGB_d2
63,2025-08-06,2025-05-08,1859,F5_Plus_Macro,raw,XGB_d2
63,2025-08-07,2025-05-09,1860,F5_Plus_Macro,raw,XGB_d2
63,2025-08-08,2025-05-12,1861,F5_Plus_Macro,raw,XGB_d2
63,2025-08-11,2025-05-13,1862,F5_Plus_Macro,raw,XGB_d2
63,2025-08-12,2025-05-14,1863,F5_Plus_Macro,raw,XGB_d2
63,2025-08-13,2025-05-15,1864,F5_Plus_Macro,raw,XGB_d2
63,2025-08-14,2025-05-16,1865,F5_Plus_Macro,raw,XGB_d2
63,2025-08-15,2025-05-19,1866,F5_Plus_Macro,raw,XGB_d2
63,2025-08-18,2025-05-20,1867,F5_Plus_Macro,raw,XGB_d2
63,2025-08-19,2025-05-21,1868,F5_Plus_Macro,raw,XGB_d2
63,2025-08-20,2025-05-22,1869,F5_Plus_Macro,raw,XGB_d2
63,2025-08-21,2025-05-23,1870,F5_Plus_Macro,raw,XGB_d2
63,2025-08-22,2025-05-26,1871,F5_Plus_Macro,raw,XGB_d2
63,2025-08-25,2025-05-27,1872,F5_Plus_Macro,raw,XGB_d2
63,2025-08-26,2025-05-28,1873,F5_Plus_Macro,raw,XGB_d2
63,2025-08-27,2025-05-29,1874,F5_Plus_Macro,raw,XGB_d2
63,2025-08-28,2025-05-30,1875,F5_Plus_Macro,raw,XGB_d2
63,2025-08-29,2025-06-02,1876,F5_Plus_Macro,raw,XGB_d2
63,2025-09-01,2025-06-03,1877,F5_Plus_Macro,raw,XGB_d2
63,2025-09-02,2025-06-04,1878,F5_Plus_Macro,raw,XGB_d2
63,2025-09-03,2025-06-05,1879,F5_Plus_Macro,raw,XGB_d2
63,2025-09-04,2025-06-06,1880,F5_Plus_Macro,raw,XGB_d2
63,2025-09-05,2025-06-10,1881,F5_Plus_Macro,raw,XGB_d2
63,2025-09-08,2025-06-11,1882,F5_Plus_Macro,raw,XGB_d2
63,2025-09-09,2025-06-12,1883,F5_Plus_Macro,raw,XGB_d2
63,2025-09-10,2025-06-13,1884,F5_Plus_Macro,raw,XGB_d2
63,2025-09-11,2025-06-16,1885,F5_Plus_Macro,raw,XGB_d2
63,2025-09-12,2025-06-17,1886,F5_Plus_Macro,raw,XGB_d2
63,2025-09-15,2025-06-18,1887,F5_Plus_Macro,raw,XGB_d2
63,2025-09-16,2025-06-19,1888,F5_Plus_Macro,raw,XGB_d2
63,2025-09-17,2025-06-20,1889,F5_Plus_Macro,raw,XGB_d2
63,2025-09-18,2025-06-23,1890,F5_Plus_Macro,raw,XGB_d2
63,2025-09-19,2025-06-24,1891,F5_Plus_Macro,raw,XGB_d2
63,2025-09-22,2025-06-25,1892,F5_Plus_Macro,raw,XGB_d2
63,2025-09-23,2025-06-26,1893,F5_Plus_Macro,raw,XGB_d2
63,2025-09-24,2025-06-27,1894,F5_Plus_Macro,raw,XGB_d2
63,2025-09-25,2025-06-30,1895,F5_Plus_Macro,raw,XGB_d2
63,2025-09-26,2025-07-01,1896,F5_Plus_Macro,raw,XGB_d2
63,2025-09-29,2025-07-02,1897,F5_Plus_Macro,raw,XGB_d2
63,2025-09-30,2025-07-03,1898,F5_Plus_Macro,raw,XGB_d2
63,2025-10-01,2025-07-04,1899,F5_Plus_Macro,raw,XGB_d2
63,2025-10-02,2025-07-07,1900,F5_Plus_Macro,raw,XGB_d2
63,2025-10-03,2025-07-08,1901,F5_Plus_Macro,raw,XGB_d2
63,2025-10-06,2025-07-09,1902,F5_Plus_Macro,raw,XGB_d2
63,2025-10-07,2025-07-10,1903,F5_Plus_Macro,raw,XGB_d2
63,2025-10-08,2025-07-11,1904,F5_Plus_Macro,raw,XGB_d2
63,2025-10-09,2025-07-14,1905,F5_Plus_Macro,raw,XGB_d2
63,2025-10-10,2025-07-15,1906,F5_Plus_Macro,raw,XGB_d2
63,2025-10-13,2025-07-16,1907,F5_Plus_Macro,raw,XGB_d2
63,2025-10-14,2025-07-17,1908,F5_Plus_Macro,raw,XGB_d2
63,2025-10-15,2025-07-18,1909,F5_Plus_Macro,raw,XGB_d2
63,2025-10-16,2025-07-21,1910,F5_Plus_Macro,raw,XGB_d2
63,2025-10-17,2025-07-22,1911,F5_Plus_Macro,raw,XGB_d2
63,2025-10-20,2025-07-23,1912,F5_Plus_Macro,raw,XGB_d2
63,2025-10-21,2025-07-24,1913,F5_Plus_Macro,raw,XGB_d2
63,2025-10-22,2025-07-25,1914,F5_Plus_Macro,raw,XGB_d2
63,2025-10-23,2025-07-28,1915,F5_Plus_Macro,raw,XGB_d2
63,2025-10-24,2025-07-29,1916,F5_Plus_Macro,raw,XGB_d2
63,2025-10-27,2025-07-30,1917,F5_Plus_Macro,raw,XGB_d2
63,2025-10-28,2025-07-31,1918,F5_Plus_Macro,raw,XGB_d2
63,2025-10-29,2025-08-01,1919,F5_Plus_Macro,raw,XGB_d2
63,2025-10-30,2025-08-04,1920,F5_Plus_Macro,raw,XGB_d2
63,2025-10-31,2025-08-05,1921,F5_Plus_Macro,raw,XGB_d2
63,2025-11-03,2025-08-06,1922,F5_Plus_Macro,raw,XGB_d2
63,2025-11-04,2025-08-07,1923,F5_Plus_Macro,raw,XGB_d2
63,2025-11-05,2025-08-08,1924,F5_Plus_Macro,raw,XGB_d2
63,2025-11-06,2025-08-11,1925,F5_Plus_Macro,raw,XGB_d2
63,2025-11-07,2025-08-12,1926,F5_Plus_Macro,raw,XGB_d2
63,2025-11-10,2025-08-13,1927,F5_Plus_Macro,raw,XGB_d2
63,2025-11-11,2025-08-14,1928,F5_Plus_Macro,raw,XGB_d2
63,2025-11-12,2025-08-15,1929,F5_Plus_Macro,raw,XGB_d2
63,2025-11-13,2025-08-18,1930,F5_Plus_Macro,raw,XGB_d2
63,2025-11-14,2025-08-19,1931,F5_Plus_Macro,raw,XGB_d2
63,2025-11-17,2025-08-20,1932,F5_Plus_Macro,raw,XGB_d2
63,2025-11-18,2025-08-21,1933,F5_Plus_Macro,raw,XGB_d2
63,2025-11-19,2025-08-22,1934,F5_Plus_Macro,raw,XGB_d2
63,2025-11-20,2025-08-25,1935,F5_Plus_Macro,raw,XGB_d2
63,2025-11-21,2025-08-26,1936,F5_Plus_Macro,raw,XGB_d2
63,2025-11-24,2025-08-27,1937,F5_Plus_Macro,raw,XGB_d2
63,2025-11-25,2025-08-28,1938,F5_Plus_Macro,raw,XGB_d2
63,2025-11-26,2025-08-29,1939,F5_Plus_Macro,raw,XGB_d2
63,2025-11-27,2025-09-01,1940,F5_Plus_Macro,raw,XGB_d2
63,2025-11-28,2025-09-02,1941,F5_Plus_Macro,raw,XGB_d2
63,2025-12-01,2025-09-03,1942,F5_Plus_Macro,raw,XGB_d2
63,2025-12-02,2025-09-04,1943,F5_Plus_Macro,raw,XGB_d2
63,2025-12-03,2025-09-05,1944,F5_Plus_Macro,raw,XGB_d2
63,2025-12-04,2025-09-08,1945,F5_Plus_Macro,raw,XGB_d2
63,2025-12-05,2025-09-09,1946,F5_Plus_Macro,raw,XGB_d2
63,2025-12-08,2025-09-10,1947,F5_Plus_Macro,raw,XGB_d2
63,2025-12-09,2025-09-11,1948,F5_Plus_Macro,raw,XGB_d2
63,2025-12-10,2025-09-12,1949,F5_Plus_Macro,raw,XGB_d2
63,2025-12-11,2025-09-15,1950,F5_Plus_Macro,raw,XGB_d2
63,2025-12-12,2025-09-16,1951,F5_Plus_Macro,raw,XGB_d2
63,2025-12-15,2025-09-17,1952,F5_Plus_Macro,raw,XGB_d2
63,2025-12-16,2025-09-18,1953,F5_Plus_Macro,raw,XGB_d2
63,2025-12-17,2025-09-19,1954,F5_Plus_Macro,raw,XGB_d2
63,2025-12-18,2025-09-22,1955,F5_Plus_Macro,raw,XGB_d2
63,2025-12-19,2025-09-23,1956,F5_Plus_Macro,raw,XGB_d2
63,2025-12-22,2025-09-24,1957,F5_Plus_Macro,raw,XGB_d2
63,2025-12-23,2025-09-25,1958,F5_Plus_Macro,raw,XGB_d2
63,2025-12-24,2025-09-26,1959,F5_Plus_Macro,raw,XGB_d2
63,2025-12-29,2025-09-29,1960,F5_Plus_Macro,raw,XGB_d2
63,2025-12-30,2025-09-30,1961,F5_Plus_Macro,raw,XGB_d2
63,2025-12-31,2025-10-01,1962,F5_Plus_Macro,raw,XGB_d2
63,2026-01-02,2025-10-02,1963,F5_Plus_Macro,raw,XGB_d2
63,2026-01-05,2025-10-03,1964,F5_Plus_Macro,raw,XGB_d2
63,2026-01-06,2025-10-06,1965,F5_Plus_Macro,raw,XGB_d2
63,2026-01-07,2025-10-07,1966,F5_Plus_Macro,raw,XGB_d2
63,2026-01-08,2025-10-08,1967,F5_Plus_Macro,raw,XGB_d2
63,2026-01-09,2025-10-09,1968,F5_Plus_Macro,raw,XGB_d2
63,2026-01-12,2025-10-10,1969,F5_Plus_Macro,raw,XGB_d2
63,2026-01-13,2025-10-13,1970,F5_Plus_Macro,raw,XGB_d2
63,2026-01-14,2025-10-14,1971,F5_Plus_Macro,raw,XGB_d2
63,2026-01-15,2025-10-15,1972,F5_Plus_Macro,raw,XGB_d2
63,2026-01-16,2025-10-16,1973,F5_Plus_Macro,raw,XGB_d2
63,2026-01-19,2025-10-17,1974,F5_Plus_Macro,raw,XGB_d2
63,2026-01-20,2025-10-20,1975,F5_Plus_Macro,raw,XGB_d2
63,2026-01-21,2025-10-21,1976,F5_Plus_Macro,raw,XGB_d2
63,2026-01-22,2025-10-22,1977,F5_Plus_Macro,raw,XGB_d2
63,2026-01-23,2025-10-23,1978,F5_Plus_Macro,raw,XGB_d2
63,2026-01-27,2025-10-24,1979,F5_Plus_Macro,raw,XGB_d2
63,2026-01-28,2025-10-27,1980,F5_Plus_Macro,raw,XGB_d2
63,2026-01-29,2025-10-28,1981,F5_Plus_Macro,raw,XGB_d2
63,2026-01-30,2025-10-29,1982,F5_Plus_Macro,raw,XGB_d2
63,2026-02-02,2025-10-30,1983,F5_Plus_Macro,raw,XGB_d2
63,2026-02-03,2025-10-31,1984,F5_Plus_Macro,raw,XGB_d2
63,2026-02-04,2025-11-03,1985,F5_Plus_Macro,raw,XGB_d2
63,2026-02-05,2025-11-04,1986,F5_Plus_Macro,raw,XGB_d2
63,2026-02-06,2025-11-05,1987,F5_Plus_Macro,raw,XGB_d2
63,2026-02-09,2025-11-06,1988,F5_Plus_Macro,raw,XGB_d2
63,2026-02-10,2025-11-07,1989,F5_Plus_Macro,raw,XGB_d2
63,2026-02-11,2025-11-10,1990,F5_Plus_Macro,raw,XGB_d2
63,2026-02-12,2025-11-11,1991,F5_Plus_Macro,raw,XGB_d2
63,2026-02-13,2025-11-12,1992,F5_Plus_Macro,raw,XGB_d2
63,2026-02-16,2025-11-13,1993,F5_Plus_Macro,raw,XGB_d2
63,2026-02-17,2025-11-14,1994,F5_Plus_Macro,raw,XGB_d2
63,2026-02-18,2025-11-17,1995,F5_Plus_Macro,raw,XGB_d2
63,2026-02-19,2025-11-18,1996,F5_Plus_Macro,raw,XGB_d2
63,2026-02-20,2025-11-19,1997,F5_Plus_Macro,raw,XGB_d2
63,2026-02-23,2025-11-20,1998,F5_Plus_Macro,raw,XGB_d2
63,2026-02-24,2025-11-21,1999,F5_Plus_Macro,raw,XGB_d2
63,2026-02-25,2025-11-24,2000,F5_Plus_Macro,raw,XGB_d2
63,2026-02-26,2025-11-25,2001,F5_Plus_Macro,raw,XGB_d2
63,2026-02-27,2025-11-26,2002,F5_Plus_Macro,raw,XGB_d2
63,2026-03-02,2025-11-27,2003,F5_Plus_Macro,raw,XGB_d2
63,2026-03-03,2025-11-28,2004,F5_Plus_Macro,raw,XGB_d2
63,2026-03-04,2025-12-01,2005,F5_Plus_Macro,raw,XGB_d2
63,2026-03-05,2025-12-02,2006,F5_Plus_Macro,raw,XGB_d2
63,2026-03-06,2025-12-03,2007,F5_Plus_Macro,raw,XGB_d2
63,2026-03-09,2025-12-04,2008,F5_Plus_Macro,raw,XGB_d2
63,2026-03-10,2025-12-05,2009,F5_Plus_Macro,raw,XGB_d2
63,2026-03-11,2025-12-08,2010,F5_Plus_Macro,raw,XGB_d2
63,2026-03-12,2025-12-09,2011,F5_Plus_Macro,raw,XGB_d2
63,2026-03-13,2025-12-10,2012,F5_Plus_Macro,raw,XGB_d2
63,2026-03-16,2025-12-11,2013,F5_Plus_Macro,raw,XGB_d2
63,2026-03-17,2025-12-12,2014,F5_Plus_Macro,raw,XGB_d2
63,2026-03-18,2025-12-15,2015,F5_Plus_Macro,raw,XGB_d2
63,2026-03-19,2025-12-16,2016,F5_Plus_Macro,raw,XGB_d2
63,2026-03-20,2025-12-17,2017,F5_Plus_Macro,raw,XGB_d2
63,2026-03-23,2025-12-18,2018,F5_Plus_Macro,raw,XGB_d2
63,2026-03-24,2025-12-19,2019,F5_Plus_Macro,raw,XGB_d2
63,2026-03-25,2025-12-22,2020,F5_Plus_Macro,raw,XGB_d2
63,2026-03-26,2025-12-23,2021,F5_Plus_Macro,raw,XGB_d2
63,2026-03-27,2025-12-24,2022,F5_Plus_Macro,raw,XGB_d2
63,2026-03-30,2025-12-29,2023,F5_Plus_Macro,raw,XGB_d2
63,2026-03-31,2025-12-30,2024,F5_Plus_Macro,raw,XGB_d2
63,2026-04-01,2025-12-31,2025,F5_Plus_Macro,raw,XGB_d2
63,2026-04-02,2026-01-02,2026,F5_Plus_Macro,raw,XGB_d2
63,2026-04-07,2026-01-05,2027,F5_Plus_Macro,raw,XGB_d2
63,2026-04-08,2026-01-06,2028,F5_Plus_Macro,raw,XGB_d2
63,2026-04-09,2026-01-07,2029,F5_Plus_Macro,raw,XGB_d2
63,2026-04-10,2026-01-08,2030,F5_Plus_Macro,raw,XGB_d2
63,2026-04-13,2026-01-09,2031,F5_Plus_Macro,raw,XGB_d2
63,2026-04-14,2026-01-12,2032,F5_Plus_Macro,raw,XGB_d2
63,2026-04-15,2026-01-13,2033,F5_Plus_Macro,raw,XGB_d2
63,2026-04-16,2026-01-14,2034,F5_Plus_Macro,raw,XGB_d2
63,2026-04-17,2026-01-15,2035,F5_Plus_Macro,raw,XGB_d2
63,2026-04-20,2026-01-16,2036,F5_Plus_Macro,raw,XGB_d2
63,2026-04-21,2026-01-19,2037,F5_Plus_Macro,raw,XGB_d2
63,2026-04-22,2026-01-20,2038,F5_Plus_Macro,raw,XGB_d2
63,2026-04-23,2026-01-21,2039,F5_Plus_Macro,raw,XGB_d2
63,2026-04-24,2026-01-22,2040,F5_Plus_Macro,raw,XGB_d2
63,2026-04-27,2026-01-23,2041,F5_Plus_Macro,raw,XGB_d2
63,2026-04-28,2026-01-27,2042,F5_Plus_Macro,raw,XGB_d2
63,2026-04-29,2026-01-28,2043,F5_Plus_Macro,raw,XGB_d2
63,2026-04-30,2026-01-29,2044,F5_Plus_Macro,raw,XGB_d2
63,2026-05-01,2026-01-30,2045,F5_Plus_Macro,raw,XGB_d2
63,2026-05-04,2026-02-02,2046,F5_Plus_Macro,raw,XGB_d2
63,2026-05-05,2026-02-03,2047,F5_Plus_Macro,raw,XGB_d2
63,2026-05-06,2026-02-04,2048,F5_Plus_Macro,raw,XGB_d2
63,2026-05-07,2026-02-05,2049,F5_Plus_Macro,raw,XGB_d2
63,2026-05-08,2026-02-06,2050,F5_Plus_Macro,raw,XGB_d2
63,2026-05-11,2026-02-09,2051,F5_Plus_Macro,raw,XGB_d2
63,2026-05-12,2026-02-10,2052,F5_Plus_Macro,raw,XGB_d2
63,2026-05-13,2026-02-11,2053,F5_Plus_Macro,raw,XGB_d2
63,2026-05-14,2026-02-12,2054,F5_Plus_Macro,raw,XGB_d2
63,2026-05-15,2026-02-13,2055,F5_Plus_Macro,raw,XGB_d2
63,2026-05-18,2026-02-16,2056,F5_Plus_Macro,raw,XGB_d2
63,2026-05-19,2026-02-17,2057,F5_Plus_Macro,raw,XGB_d2
63,2026-05-20,2026-02-18,2058,F5_Plus_Macro,raw,XGB_d2
63,2026-05-21,2026-02-19,2059,F5_Plus_Macro,raw,XGB_d2
63,2026-05-22,2026-02-20,2060,F5_Plus_Macro,raw,XGB_d2
63,2026-05-25,2026-02-23,2061,F5_Plus_Macro,raw,XGB_d2
63,2026-05-26,2026-02-24,2062,F5_Plus_Macro,raw,XGB_d2
63,2026-05-27,2026-02-25,2063,F5_Plus_Macro,raw,XGB_d2
63,2026-05-28,2026-02-26,2064,F5_Plus_Macro,raw,XGB_d2
63,2026-05-29,2026-02-27,2065,F5_Plus_Macro,raw,XGB_d2
63,2026-06-01,2026-03-02,2066,F5_Plus_Macro,raw,XGB_d2
63,2026-06-02,2026-03-03,2067,F5_Plus_Macro,raw,XGB_d2
63,2026-06-03,2026-03-04,2068,F5_Plus_Macro,raw,XGB_d2
63,2026-06-04,2026-03-05,2069,F5_Plus_Macro,raw,XGB_d2
63,2026-06-05,2026-03-06,2070,F5_Plus_Macro,raw,XGB_d2
63,2026-06-09,2026-03-09,2071,F5_Plus_Macro,raw,XGB_d2
63,2026-06-10,2026-03-10,2072,F5_Plus_Macro,raw,XGB_d2
63,2026-06-11,2026-03-11,2073,F5_Plus_Macro,raw,XGB_d2
63,2026-06-12,2026-03-12,2074,F5_Plus_Macro,raw,XGB_d2
63,2026-06-15,2026-03-13,2075,F5_Plus_Macro,raw,XGB_d2
63,2026-06-16,2026-03-16,2076,F5_Plus_Macro,raw,XGB_d2
63,2026-06-17,2026-03-17,2077,F5_Plus_Macro,raw,XGB_d2
63,2026-06-18,2026-03-18,2078,F5_Plus_Macro,raw,XGB_d2
63,2026-06-19,2026-03-19,2079,F5_Plus_Macro,raw,XGB_d2
63,2026-06-22,2026-03-20,2080,F5_Plus_Macro,raw,XGB_d2
63,2026-06-23,2026-03-23,2081,F5_Plus_Macro,raw,XGB_d2
