Horizon,Forecast_Origin,Latest_Training_Label_Date,N_Train,Model,Transform,Fit_Seconds
5,2025-01-02,2024-12-23,88014,RF_leaf5,raw,61.87545466423035
5,2025-02-03,2025-01-24,89060,RF_leaf5,raw,57.95858430862427
5,2025-03-04,2025-02-25,90105,RF_leaf5,raw,60.13123559951782
5,2025-04-02,2025-03-26,91150,RF_leaf5,raw,65.9729654788971
5,2025-05-06,2025-04-29,92198,RF_leaf5,raw,63.41842579841614
5,2025-06-04,2025-05-28,93240,RF_leaf5,raw,63.154648780822754
5,2025-07-04,2025-06-27,94290,RF_leaf5,raw,63.38931918144226
5,2025-08-04,2025-07-28,95335,RF_leaf5,raw,66.79845786094666
5,2025-09-02,2025-08-26,96380,RF_leaf5,raw,69.71786284446716
5,2025-10-01,2025-09-24,97425,RF_leaf5,raw,71.1607129573822
5,2025-10-30,2025-10-23,98475,RF_leaf5,raw,69.88161945343018
5,2025-11-28,2025-11-21,99521,RF_leaf5,raw,76.28327822685242
5,2025-12-31,2025-12-22,100558,RF_leaf5,raw,66.6931505203247
5,2026-02-02,2026-01-23,101602,RF_leaf5,raw,75.1564347743988
5,2026-03-03,2026-02-24,102648,RF_leaf5,raw,70.50479745864868
5,2026-04-01,2026-03-25,103689,RF_leaf5,raw,76.0673885345459
5,2026-05-04,2026-04-27,104726,RF_leaf5,raw,75.34952974319458
5,2026-06-02,2026-05-26,105765,RF_leaf5,raw,71.03153324127197
5,2026-07-02,2026-06-25,106810,RF_leaf5,raw,70.41286444664001
5,2026-07-31,2026-07-24,107851,RF_leaf5,raw,80.17668890953064
5,2026-08-31,2026-08-24,108882,RF_leaf5,raw,80.42708110809326
21,2025-01-02,2024-11-29,86086,RF_leaf15,raw,43.29939126968384
21,2025-02-03,2025-01-02,87127,RF_leaf15,raw,43.56502056121826
21,2025-03-04,2025-02-03,88170,RF_leaf15,raw,44.97901654243469
21,2025-04-02,2025-03-04,89188,RF_leaf15,raw,43.303107023239136
21,2025-05-06,2025-04-02,90231,RF_leaf15,raw,46.103978633880615
21,2025-06-04,2025-05-06,91252,RF_leaf15,raw,50.818061113357544
21,2025-07-04,2025-06-04,92291,RF_leaf15,raw,45.9765408039093
21,2025-08-04,2025-07-04,93324,RF_leaf15,raw,48.622963190078735
21,2025-09-02,2025-08-04,94370,RF_leaf15,raw,49.26809048652649
21,2025-10-01,2025-09-02,95408,RF_leaf15,raw,49.179890632629395
21,2025-10-30,2025-10-01,96442,RF_leaf15,raw,51.30756425857544
21,2025-11-28,2025-10-30,97486,RF_leaf15,raw,52.40552854537964
21,2025-12-31,2025-11-28,98485,RF_leaf15,raw,50.113378047943115
21,2026-02-02,2025-12-31,99505,RF_leaf15,raw,53.29382824897766
21,2026-03-03,2026-02-02,100529,RF_leaf15,raw,52.489043951034546
21,2026-04-01,2026-03-03,101554,RF_leaf15,raw,53.27527904510498
21,2026-05-04,2026-04-01,102562,RF_leaf15,raw,54.733717918395996
21,2026-06-02,2026-05-04,103574,RF_leaf15,raw,53.60825037956238
21,2026-07-02,2026-06-02,104605,RF_leaf15,raw,55.21835994720459
21,2026-07-31,2026-07-02,105636,RF_leaf15,raw,56.32555627822876
63,2025-01-02,2024-10-02,81362,RF_leaf5,raw,45.047778844833374
63,2025-02-03,2024-10-31,82401,RF_leaf5,raw,44.78094244003296
63,2025-03-04,2024-11-29,83437,RF_leaf5,raw,43.34449243545532
63,2025-04-02,2025-01-02,84469,RF_leaf5,raw,45.530505418777466
63,2025-05-06,2025-02-03,85494,RF_leaf5,raw,47.325844287872314
63,2025-06-04,2025-03-04,86478,RF_leaf5,raw,44.96488690376282
63,2025-07-04,2025-04-02,87481,RF_leaf5,raw,46.8524489402771
63,2025-08-04,2025-05-06,88474,RF_leaf5,raw,49.00249218940735
63,2025-09-02,2025-06-04,89487,RF_leaf5,raw,48.447882652282715
63,2025-10-01,2025-07-04,90508,RF_leaf5,raw,48.614173412323
63,2025-10-30,2025-08-04,91533,RF_leaf5,raw,54.27110981941223
63,2025-11-28,2025-09-02,92516,RF_leaf5,raw,49.87389659881592
63,2025-12-31,2025-10-01,93482,RF_leaf5,raw,50.06748652458191
63,2026-02-02,2025-10-30,94437,RF_leaf5,raw,51.95207858085632
63,2026-03-03,2025-11-28,95386,RF_leaf5,raw,53.70570158958435
63,2026-04-01,2025-12-31,96372,RF_leaf5,raw,55.326982259750366
63,2026-05-04,2026-02-02,97349,RF_leaf5,raw,55.851722240448
63,2026-06-02,2026-03-03,98320,RF_leaf5,raw,56.69986963272095
