Date,Horizon,Latest_Training_Label_Date,N_Train,Converged,Forecast_Available,Error_Type
2025-01-02,5,2024-12-23,1768,True,True,
2025-01-03,5,2024-12-24,1769,True,True,
2025-01-06,5,2024-12-27,1770,True,True,
2025-01-07,5,2024-12-30,1771,True,True,
2025-01-08,5,2024-12-31,1772,True,True,
2025-01-09,5,2025-01-02,1773,True,True,
2025-01-10,5,2025-01-03,1774,True,True,
2025-01-13,5,2025-01-06,1775,True,True,
2025-01-14,5,2025-01-07,1776,True,True,
2025-01-15,5,2025-01-08,1777,True,True,
2025-01-16,5,2025-01-09,1778,True,True,
2025-01-17,5,2025-01-10,1779,True,True,
2025-01-20,5,2025-01-13,1780,True,True,
2025-01-21,5,2025-01-14,1781,True,True,
2025-01-22,5,2025-01-15,1782,True,True,
2025-01-23,5,2025-01-16,1783,True,True,
2025-01-24,5,2025-01-17,1784,True,True,
2025-01-28,5,2025-01-20,1785,True,True,
2025-01-29,5,2025-01-21,1786,True,True,
2025-01-30,5,2025-01-22,1787,True,True,
2025-01-31,5,2025-01-23,1788,True,True,
2025-02-03,5,2025-01-24,1789,True,True,
2025-02-04,5,2025-01-28,1790,True,True,
2025-02-05,5,2025-01-29,1791,True,True,
2025-02-06,5,2025-01-30,1792,True,True,
2025-02-07,5,2025-01-31,1793,True,True,
2025-02-10,5,2025-02-03,1794,True,True,
2025-02-11,5,2025-02-04,1795,True,True,
2025-02-12,5,2025-02-05,1796,True,True,
2025-02-13,5,2025-02-06,1797,True,True,
2025-02-14,5,2025-02-07,1798,True,True,
2025-02-17,5,2025-02-10,1799,True,True,
2025-02-18,5,2025-02-11,1800,True,True,
2025-02-19,5,2025-02-12,1801,True,True,
2025-02-20,5,2025-02-13,1802,True,True,
2025-02-21,5,2025-02-14,1803,True,True,
2025-02-24,5,2025-02-17,1804,True,True,
2025-02-25,5,2025-02-18,1805,True,True,
2025-02-26,5,2025-02-19,1806,True,True,
2025-02-27,5,2025-02-20,1807,True,True,
2025-02-28,5,2025-02-21,1808,True,True,
2025-03-03,5,2025-02-24,1809,True,True,
2025-03-04,5,2025-02-25,1810,True,True,
2025-03-05,5,2025-02-26,1811,True,True,
2025-03-06,5,2025-02-27,1812,True,True,
2025-03-07,5,2025-02-28,1813,True,True,
2025-03-10,5,2025-03-03,1814,True,True,
2025-03-11,5,2025-03-04,1815,True,True,
2025-03-12,5,2025-03-05,1816,True,True,
2025-03-13,5,2025-03-06,1817,True,True,
2025-03-14,5,2025-03-07,1818,True,True,
2025-03-17,5,2025-03-10,1819,True,True,
2025-03-18,5,2025-03-11,1820,True,True,
2025-03-19,5,2025-03-12,1821,True,True,
2025-03-20,5,2025-03-13,1822,True,True,
2025-03-21,5,2025-03-14,1823,True,True,
2025-03-24,5,2025-03-17,1824,True,True,
2025-03-25,5,2025-03-18,1825,True,True,
2025-03-26,5,2025-03-19,1826,True,True,
2025-03-27,5,2025-03-20,1827,True,True,
2025-03-28,5,2025-03-21,1828,True,True,
2025-03-31,5,2025-03-24,1829,True,True,
2025-04-01,5,2025-03-25,1830,True,True,
2025-04-02,5,2025-03-26,1831,True,True,
2025-04-03,5,2025-03-27,1832,True,True,
2025-04-04,5,2025-03-28,1833,True,True,
2025-04-07,5,2025-03-31,1834,True,True,
2025-04-08,5,2025-04-01,1835,True,True,
2025-04-09,5,2025-04-02,1836,True,True,
2025-04-10,5,2025-04-03,1837,True,True,
2025-04-11,5,2025-04-04,1838,True,True,
2025-04-14,5,2025-04-07,1839,True,True,
2025-04-15,5,2025-04-08,1840,True,True,
2025-04-16,5,2025-04-09,1841,True,True,
2025-04-17,5,2025-04-10,1842,True,True,
2025-04-22,5,2025-04-11,1843,True,True,
2025-04-23,5,2025-04-14,1844,True,True,
2025-04-24,5,2025-04-15,1845,True,True,
2025-04-28,5,2025-04-16,1846,True,True,
2025-04-29,5,2025-04-17,1847,True,True,
2025-04-30,5,2025-04-22,1848,True,True,
2025-05-01,5,2025-04-23,1849,True,True,
2025-05-02,5,2025-04-24,1850,True,True,
2025-05-05,5,2025-04-28,1851,True,True,
2025-05-06,5,2025-04-29,1852,True,True,
2025-05-07,5,2025-04-30,1853,True,True,
2025-05-08,5,2025-05-01,1854,True,True,
2025-05-09,5,2025-05-02,1855,True,True,
2025-05-12,5,2025-05-05,1856,True,True,
2025-05-13,5,2025-05-06,1857,True,True,
2025-05-14,5,2025-05-07,1858,True,True,
2025-05-15,5,2025-05-08,1859,True,True,
2025-05-16,5,2025-05-09,1860,True,True,
2025-05-19,5,2025-05-12,1861,True,True,
2025-05-20,5,2025-05-13,1862,True,True,
2025-05-21,5,2025-05-14,1863,True,True,
2025-05-22,5,2025-05-15,1864,True,True,
2025-05-23,5,2025-05-16,1865,True,True,
2025-05-26,5,2025-05-19,1866,True,True,
2025-05-27,5,2025-05-20,1867,True,True,
2025-05-28,5,2025-05-21,1868,True,True,
2025-05-29,5,2025-05-22,1869,True,True,
2025-05-30,5,2025-05-23,1870,True,True,
2025-06-02,5,2025-05-26,1871,True,True,
2025-06-03,5,2025-05-27,1872,True,True,
2025-06-04,5,2025-05-28,1873,True,True,
2025-06-05,5,2025-05-29,1874,True,True,
2025-06-06,5,2025-05-30,1875,True,True,
2025-06-10,5,2025-06-02,1876,True,True,
2025-06-11,5,2025-06-03,1877,True,True,
2025-06-12,5,2025-06-04,1878,True,True,
2025-06-13,5,2025-06-05,1879,True,True,
2025-06-16,5,2025-06-06,1880,True,True,
2025-06-17,5,2025-06-10,1881,True,True,
2025-06-18,5,2025-06-11,1882,True,True,
2025-06-19,5,2025-06-12,1883,True,True,
2025-06-20,5,2025-06-13,1884,True,True,
2025-06-23,5,2025-06-16,1885,True,True,
2025-06-24,5,2025-06-17,1886,True,True,
2025-06-25,5,2025-06-18,1887,True,True,
2025-06-26,5,2025-06-19,1888,True,True,
2025-06-27,5,2025-06-20,1889,True,True,
2025-06-30,5,2025-06-23,1890,True,True,
2025-07-01,5,2025-06-24,1891,True,True,
2025-07-02,5,2025-06-25,1892,True,True,
2025-07-03,5,2025-06-26,1893,True,True,
2025-07-04,5,2025-06-27,1894,True,True,
2025-07-07,5,2025-06-30,1895,True,True,
2025-07-08,5,2025-07-01,1896,True,True,
2025-07-09,5,2025-07-02,1897,True,True,
2025-07-10,5,2025-07-03,1898,True,True,
2025-07-11,5,2025-07-04,1899,True,True,
2025-07-14,5,2025-07-07,1900,True,True,
2025-07-15,5,2025-07-08,1901,True,True,
2025-07-16,5,2025-07-09,1902,True,True,
2025-07-17,5,2025-07-10,1903,True,True,
2025-07-18,5,2025-07-11,1904,True,True,
2025-07-21,5,2025-07-14,1905,True,True,
2025-07-22,5,2025-07-15,1906,True,True,
2025-07-23,5,2025-07-16,1907,True,True,
2025-07-24,5,2025-07-17,1908,True,True,
2025-07-25,5,2025-07-18,1909,True,True,
2025-07-28,5,2025-07-21,1910,True,True,
2025-07-29,5,2025-07-22,1911,True,True,
2025-07-30,5,2025-07-23,1912,True,True,
2025-07-31,5,2025-07-24,1913,True,True,
2025-08-01,5,2025-07-25,1914,True,True,
2025-08-04,5,2025-07-28,1915,True,True,
2025-08-05,5,2025-07-29,1916,True,True,
2025-08-06,5,2025-07-30,1917,True,True,
2025-08-07,5,2025-07-31,1918,True,True,
2025-08-08,5,2025-08-01,1919,True,True,
2025-08-11,5,2025-08-04,1920,True,True,
2025-08-12,5,2025-08-05,1921,True,True,
2025-08-13,5,2025-08-06,1922,True,True,
2025-08-14,5,2025-08-07,1923,True,True,
2025-08-15,5,2025-08-08,1924,True,True,
2025-08-18,5,2025-08-11,1925,True,True,
2025-08-19,5,2025-08-12,1926,True,True,
2025-08-20,5,2025-08-13,1927,True,True,
2025-08-21,5,2025-08-14,1928,True,True,
2025-08-22,5,2025-08-15,1929,True,True,
2025-08-25,5,2025-08-18,1930,True,True,
2025-08-26,5,2025-08-19,1931,True,True,
2025-08-27,5,2025-08-20,1932,True,True,
2025-08-28,5,2025-08-21,1933,True,True,
2025-08-29,5,2025-08-22,1934,True,True,
2025-09-01,5,2025-08-25,1935,True,True,
2025-09-02,5,2025-08-26,1936,True,True,
2025-09-03,5,2025-08-27,1937,True,True,
2025-09-04,5,2025-08-28,1938,True,True,
2025-09-05,5,2025-08-29,1939,True,True,
2025-09-08,5,2025-09-01,1940,True,True,
2025-09-09,5,2025-09-02,1941,True,True,
2025-09-10,5,2025-09-03,1942,True,True,
2025-09-11,5,2025-09-04,1943,True,True,
2025-09-12,5,2025-09-05,1944,True,True,
2025-09-15,5,2025-09-08,1945,True,True,
2025-09-16,5,2025-09-09,1946,True,True,
2025-09-17,5,2025-09-10,1947,True,True,
2025-09-18,5,2025-09-11,1948,True,True,
2025-09-19,5,2025-09-12,1949,True,True,
2025-09-22,5,2025-09-15,1950,True,True,
2025-09-23,5,2025-09-16,1951,True,True,
2025-09-24,5,2025-09-17,1952,True,True,
2025-09-25,5,2025-09-18,1953,True,True,
2025-09-26,5,2025-09-19,1954,True,True,
2025-09-29,5,2025-09-22,1955,True,True,
2025-09-30,5,2025-09-23,1956,True,True,
2025-10-01,5,2025-09-24,1957,True,True,
2025-10-02,5,2025-09-25,1958,True,True,
2025-10-03,5,2025-09-26,1959,True,True,
2025-10-06,5,2025-09-29,1960,True,True,
2025-10-07,5,2025-09-30,1961,True,True,
2025-10-08,5,2025-10-01,1962,True,True,
2025-10-09,5,2025-10-02,1963,True,True,
2025-10-10,5,2025-10-03,1964,True,True,
2025-10-13,5,2025-10-06,1965,True,True,
2025-10-14,5,2025-10-07,1966,True,True,
2025-10-15,5,2025-10-08,1967,True,True,
2025-10-16,5,2025-10-09,1968,True,True,
2025-10-17,5,2025-10-10,1969,True,True,
2025-10-20,5,2025-10-13,1970,True,True,
2025-10-21,5,2025-10-14,1971,True,True,
2025-10-22,5,2025-10-15,1972,True,True,
2025-10-23,5,2025-10-16,1973,True,True,
2025-10-24,5,2025-10-17,1974,True,True,
2025-10-27,5,2025-10-20,1975,True,True,
2025-10-28,5,2025-10-21,1976,True,True,
2025-10-29,5,2025-10-22,1977,True,True,
2025-10-30,5,2025-10-23,1978,True,True,
2025-10-31,5,2025-10-24,1979,True,True,
2025-11-03,5,2025-10-27,1980,True,True,
2025-11-04,5,2025-10-28,1981,True,True,
2025-11-05,5,2025-10-29,1982,True,True,
2025-11-06,5,2025-10-30,1983,True,True,
2025-11-07,5,2025-10-31,1984,True,True,
2025-11-10,5,2025-11-03,1985,True,True,
2025-11-11,5,2025-11-04,1986,True,True,
2025-11-12,5,2025-11-05,1987,True,True,
2025-11-13,5,2025-11-06,1988,True,True,
2025-11-14,5,2025-11-07,1989,True,True,
2025-11-17,5,2025-11-10,1990,True,True,
2025-11-18,5,2025-11-11,1991,True,True,
2025-11-19,5,2025-11-12,1992,True,True,
2025-11-20,5,2025-11-13,1993,True,True,
2025-11-21,5,2025-11-14,1994,True,True,
2025-11-24,5,2025-11-17,1995,True,True,
2025-11-25,5,2025-11-18,1996,True,True,
2025-11-26,5,2025-11-19,1997,True,True,
2025-11-27,5,2025-11-20,1998,True,True,
2025-11-28,5,2025-11-21,1999,True,True,
2025-12-01,5,2025-11-24,2000,True,True,
2025-12-02,5,2025-11-25,2001,True,True,
2025-12-03,5,2025-11-26,2002,True,True,
2025-12-04,5,2025-11-27,2003,True,True,
2025-12-05,5,2025-11-28,2004,True,True,
2025-12-08,5,2025-12-01,2005,True,True,
2025-12-09,5,2025-12-02,2006,True,True,
2025-12-10,5,2025-12-03,2007,True,True,
2025-12-11,5,2025-12-04,2008,True,True,
2025-12-12,5,2025-12-05,2009,True,True,
2025-12-15,5,2025-12-08,2010,True,True,
2025-12-16,5,2025-12-09,2011,True,True,
2025-12-17,5,2025-12-10,2012,True,True,
2025-12-18,5,2025-12-11,2013,True,True,
2025-12-19,5,2025-12-12,2014,True,True,
2025-12-22,5,2025-12-15,2015,True,True,
2025-12-23,5,2025-12-16,2016,True,True,
2025-12-24,5,2025-12-17,2017,True,True,
2025-12-29,5,2025-12-18,2018,True,True,
2025-12-30,5,2025-12-19,2019,True,True,
2025-12-31,5,2025-12-22,2020,True,True,
2026-01-02,5,2025-12-23,2021,True,True,
2026-01-05,5,2025-12-24,2022,True,True,
2026-01-06,5,2025-12-29,2023,True,True,
2026-01-07,5,2025-12-30,2024,True,True,
2026-01-08,5,2025-12-31,2025,True,True,
2026-01-09,5,2026-01-02,2026,True,True,
2026-01-12,5,2026-01-05,2027,True,True,
2026-01-13,5,2026-01-06,2028,True,True,
2026-01-14,5,2026-01-07,2029,True,True,
2026-01-15,5,2026-01-08,2030,True,True,
2026-01-16,5,2026-01-09,2031,True,True,
2026-01-19,5,2026-01-12,2032,True,True,
2026-01-20,5,2026-01-13,2033,True,True,
2026-01-21,5,2026-01-14,2034,True,True,
2026-01-22,5,2026-01-15,2035,True,True,
2026-01-23,5,2026-01-16,2036,True,True,
2026-01-27,5,2026-01-19,2037,True,True,
2026-01-28,5,2026-01-20,2038,True,True,
2026-01-29,5,2026-01-21,2039,True,True,
2026-01-30,5,2026-01-22,2040,True,True,
2026-02-02,5,2026-01-23,2041,True,True,
2026-02-03,5,2026-01-27,2042,True,True,
2026-02-04,5,2026-01-28,2043,True,True,
2026-02-05,5,2026-01-29,2044,True,True,
2026-02-06,5,2026-01-30,2045,True,True,
2026-02-09,5,2026-02-02,2046,True,True,
2026-02-10,5,2026-02-03,2047,True,True,
2026-02-11,5,2026-02-04,2048,True,True,
2026-02-12,5,2026-02-05,2049,True,True,
2026-02-13,5,2026-02-06,2050,True,True,
2026-02-16,5,2026-02-09,2051,True,True,
2026-02-17,5,2026-02-10,2052,True,True,
2026-02-18,5,2026-02-11,2053,True,True,
2026-02-19,5,2026-02-12,2054,True,True,
2026-02-20,5,2026-02-13,2055,True,True,
2026-02-23,5,2026-02-16,2056,True,True,
2026-02-24,5,2026-02-17,2057,True,True,
2026-02-25,5,2026-02-18,2058,True,True,
2026-02-26,5,2026-02-19,2059,True,True,
2026-02-27,5,2026-02-20,2060,True,True,
2026-03-02,5,2026-02-23,2061,True,True,
2026-03-03,5,2026-02-24,2062,True,True,
2026-03-04,5,2026-02-25,2063,True,True,
2026-03-05,5,2026-02-26,2064,True,True,
2026-03-06,5,2026-02-27,2065,True,True,
2026-03-09,5,2026-03-02,2066,True,True,
2026-03-10,5,2026-03-03,2067,True,True,
2026-03-11,5,2026-03-04,2068,True,True,
2026-03-12,5,2026-03-05,2069,True,True,
2026-03-13,5,2026-03-06,2070,True,True,
2026-03-16,5,2026-03-09,2071,True,True,
2026-03-17,5,2026-03-10,2072,True,True,
2026-03-18,5,2026-03-11,2073,True,True,
2026-03-19,5,2026-03-12,2074,True,True,
2026-03-20,5,2026-03-13,2075,True,True,
2026-03-23,5,2026-03-16,2076,True,True,
2026-03-24,5,2026-03-17,2077,True,True,
2026-03-25,5,2026-03-18,2078,True,True,
2026-03-26,5,2026-03-19,2079,True,True,
2026-03-27,5,2026-03-20,2080,True,True,
2026-03-30,5,2026-03-23,2081,True,True,
2026-03-31,5,2026-03-24,2082,True,True,
2026-04-01,5,2026-03-25,2083,True,True,
2026-04-02,5,2026-03-26,2084,True,True,
2026-04-07,5,2026-03-27,2085,True,True,
2026-04-08,5,2026-03-30,2086,True,True,
2026-04-09,5,2026-03-31,2087,True,True,
2026-04-10,5,2026-04-01,2088,True,True,
2026-04-13,5,2026-04-02,2089,True,True,
2026-04-14,5,2026-04-07,2090,True,True,
2026-04-15,5,2026-04-08,2091,True,True,
2026-04-16,5,2026-04-09,2092,True,True,
2026-04-17,5,2026-04-10,2093,True,True,
2026-04-20,5,2026-04-13,2094,True,True,
2026-04-21,5,2026-04-14,2095,True,True,
2026-04-22,5,2026-04-15,2096,True,True,
2026-04-23,5,2026-04-16,2097,True,True,
2026-04-24,5,2026-04-17,2098,True,True,
2026-04-27,5,2026-04-20,2099,True,True,
2026-04-28,5,2026-04-21,2100,True,True,
2026-04-29,5,2026-04-22,2101,True,True,
2026-04-30,5,2026-04-23,2102,True,True,
2026-05-01,5,2026-04-24,2103,True,True,
2026-05-04,5,2026-04-27,2104,True,True,
2026-05-05,5,2026-04-28,2105,True,True,
2026-05-06,5,2026-04-29,2106,True,True,
2026-05-07,5,2026-04-30,2107,True,True,
2026-05-08,5,2026-05-01,2108,True,True,
2026-05-11,5,2026-05-04,2109,True,True,
2026-05-12,5,2026-05-05,2110,True,True,
2026-05-13,5,2026-05-06,2111,True,True,
2026-05-14,5,2026-05-07,2112,True,True,
2026-05-15,5,2026-05-08,2113,True,True,
2026-05-18,5,2026-05-11,2114,True,True,
2026-05-19,5,2026-05-12,2115,True,True,
2026-05-20,5,2026-05-13,2116,True,True,
2026-05-21,5,2026-05-14,2117,True,True,
2026-05-22,5,2026-05-15,2118,True,True,
2026-05-25,5,2026-05-18,2119,True,True,
2026-05-26,5,2026-05-19,2120,True,True,
2026-05-27,5,2026-05-20,2121,True,True,
2026-05-28,5,2026-05-21,2122,True,True,
2026-05-29,5,2026-05-22,2123,True,True,
2026-06-01,5,2026-05-25,2124,True,True,
2026-06-02,5,2026-05-26,2125,True,True,
2026-06-03,5,2026-05-27,2126,True,True,
2026-06-04,5,2026-05-28,2127,True,True,
2026-06-05,5,2026-05-29,2128,True,True,
2026-06-09,5,2026-06-01,2129,True,True,
2026-06-10,5,2026-06-02,2130,True,True,
2026-06-11,5,2026-06-03,2131,True,True,
2026-06-12,5,2026-06-04,2132,True,True,
2026-06-15,5,2026-06-05,2133,True,True,
2026-06-16,5,2026-06-09,2134,True,True,
2026-06-17,5,2026-06-10,2135,True,True,
2026-06-18,5,2026-06-11,2136,True,True,
2026-06-19,5,2026-06-12,2137,True,True,
2026-06-22,5,2026-06-15,2138,True,True,
2026-06-23,5,2026-06-16,2139,True,True,
2026-06-24,5,2026-06-17,2140,True,True,
2026-06-25,5,2026-06-18,2141,True,True,
2026-06-26,5,2026-06-19,2142,True,True,
2026-06-29,5,2026-06-22,2143,True,True,
2026-06-30,5,2026-06-23,2144,True,True,
2026-07-01,5,2026-06-24,2145,True,True,
2026-07-02,5,2026-06-25,2146,True,True,
2026-07-03,5,2026-06-26,2147,True,True,
2026-07-06,5,2026-06-29,2148,True,True,
2026-07-07,5,2026-06-30,2149,True,True,
2026-07-08,5,2026-07-01,2150,True,True,
2026-07-09,5,2026-07-02,2151,True,True,
2026-07-10,5,2026-07-03,2152,True,True,
2026-07-13,5,2026-07-06,2153,True,True,
2026-07-14,5,2026-07-07,2154,True,True,
2026-07-15,5,2026-07-08,2155,True,True,
2026-07-16,5,2026-07-09,2156,True,True,
2026-07-17,5,2026-07-10,2157,True,True,
2026-07-20,5,2026-07-13,2158,True,True,
2026-07-21,5,2026-07-14,2159,True,True,
2026-07-22,5,2026-07-15,2160,True,True,
2026-07-23,5,2026-07-16,2161,True,True,
2026-07-24,5,2026-07-17,2162,True,True,
2026-07-27,5,2026-07-20,2163,True,True,
2026-07-28,5,2026-07-21,2164,True,True,
2026-07-29,5,2026-07-22,2165,True,True,
2026-07-30,5,2026-07-23,2166,True,True,
2026-07-31,5,2026-07-24,2167,True,True,
2026-08-03,5,2026-07-27,2168,True,True,
2026-08-04,5,2026-07-28,2169,True,True,
2026-08-05,5,2026-07-29,2170,True,True,
2026-08-06,5,2026-07-30,2171,True,True,
2026-08-07,5,2026-07-31,2172,True,True,
2026-08-10,5,2026-08-03,2173,True,True,
2026-08-11,5,2026-08-04,2174,True,True,
2026-08-12,5,2026-08-05,2175,True,True,
2026-08-13,5,2026-08-06,2176,True,True,
2026-08-14,5,2026-08-07,2177,True,True,
2026-08-17,5,2026-08-10,2178,True,True,
2026-08-18,5,2026-08-11,2179,True,True,
2026-08-19,5,2026-08-12,2180,True,True,
2026-08-20,5,2026-08-13,2181,True,True,
2026-08-21,5,2026-08-14,2182,True,True,
2026-08-24,5,2026-08-17,2183,True,True,
2026-08-25,5,2026-08-18,2184,True,True,
2026-08-26,5,2026-08-19,2185,True,True,
2026-08-27,5,2026-08-20,2186,True,True,
2026-08-28,5,2026-08-21,2187,True,True,
2026-08-31,5,2026-08-24,2188,True,True,
2026-09-01,5,2026-08-25,2189,True,True,
2026-09-02,5,2026-08-26,2190,True,True,
2026-09-03,5,2026-08-27,2191,True,True,
2026-09-04,5,2026-08-28,2192,True,True,
2026-09-07,5,2026-08-31,2193,True,True,
2026-09-08,5,2026-09-01,2194,True,True,
2026-09-09,5,2026-09-02,2195,True,True,
2026-09-10,5,2026-09-03,2196,True,True,
2026-09-11,5,2026-09-04,2197,True,True,
2025-01-02,21,2024-11-29,1752,True,True,
2025-01-03,21,2024-12-02,1753,True,True,
2025-01-06,21,2024-12-03,1754,True,True,
2025-01-07,21,2024-12-04,1755,True,True,
2025-01-08,21,2024-12-05,1756,True,True,
2025-01-09,21,2024-12-06,1757,True,True,
2025-01-10,21,2024-12-09,1758,True,True,
2025-01-13,21,2024-12-10,1759,True,True,
2025-01-14,21,2024-12-11,1760,True,True,
2025-01-15,21,2024-12-12,1761,True,True,
2025-01-16,21,2024-12-13,1762,True,True,
2025-01-17,21,2024-12-16,1763,True,True,
2025-01-20,21,2024-12-17,1764,True,True,
2025-01-21,21,2024-12-18,1765,False,True,
2025-01-22,21,2024-12-19,1766,True,True,
2025-01-23,21,2024-12-20,1767,True,True,
2025-01-24,21,2024-12-23,1768,True,True,
2025-01-28,21,2024-12-24,1769,True,True,
2025-01-29,21,2024-12-27,1770,True,True,
2025-01-30,21,2024-12-30,1771,True,True,
2025-01-31,21,2024-12-31,1772,True,True,
2025-02-03,21,2025-01-02,1773,True,True,
2025-02-04,21,2025-01-03,1774,True,True,
2025-02-05,21,2025-01-06,1775,True,True,
2025-02-06,21,2025-01-07,1776,False,True,
2025-02-07,21,2025-01-08,1777,True,True,
2025-02-10,21,2025-01-09,1778,True,True,
2025-02-11,21,2025-01-10,1779,True,True,
2025-02-12,21,2025-01-13,1780,True,True,
2025-02-13,21,2025-01-14,1781,True,True,
2025-02-14,21,2025-01-15,1782,True,True,
2025-02-17,21,2025-01-16,1783,True,True,
2025-02-18,21,2025-01-17,1784,True,True,
2025-02-19,21,2025-01-20,1785,True,True,
2025-02-20,21,2025-01-21,1786,True,True,
2025-02-21,21,2025-01-22,1787,True,True,
2025-02-24,21,2025-01-23,1788,True,True,
2025-02-25,21,2025-01-24,1789,True,True,
2025-02-26,21,2025-01-28,1790,True,True,
2025-02-27,21,2025-01-29,1791,True,True,
2025-02-28,21,2025-01-30,1792,True,True,
2025-03-03,21,2025-01-31,1793,True,True,
2025-03-04,21,2025-02-03,1794,True,True,
2025-03-05,21,2025-02-04,1795,True,True,
2025-03-06,21,2025-02-05,1796,False,True,
2025-03-07,21,2025-02-06,1797,True,True,
2025-03-10,21,2025-02-07,1798,True,True,
2025-03-11,21,2025-02-10,1799,True,True,
2025-03-12,21,2025-02-11,1800,True,True,
2025-03-13,21,2025-02-12,1801,True,True,
2025-03-14,21,2025-02-13,1802,True,True,
2025-03-17,21,2025-02-14,1803,True,True,
2025-03-18,21,2025-02-17,1804,True,True,
2025-03-19,21,2025-02-18,1805,True,True,
2025-03-20,21,2025-02-19,1806,True,True,
2025-03-21,21,2025-02-20,1807,True,True,
2025-03-24,21,2025-02-21,1808,True,True,
2025-03-25,21,2025-02-24,1809,True,True,
2025-03-26,21,2025-02-25,1810,True,True,
2025-03-27,21,2025-02-26,1811,True,True,
2025-03-28,21,2025-02-27,1812,True,True,
2025-03-31,21,2025-02-28,1813,True,True,
2025-04-01,21,2025-03-03,1814,True,True,
2025-04-02,21,2025-03-04,1815,True,True,
2025-04-03,21,2025-03-05,1816,True,True,
2025-04-04,21,2025-03-06,1817,True,True,
2025-04-07,21,2025-03-07,1818,True,True,
2025-04-08,21,2025-03-10,1819,True,True,
2025-04-09,21,2025-03-11,1820,True,True,
2025-04-10,21,2025-03-12,1821,True,True,
2025-04-11,21,2025-03-13,1822,True,True,
2025-04-14,21,2025-03-14,1823,True,True,
2025-04-15,21,2025-03-17,1824,True,True,
2025-04-16,21,2025-03-18,1825,True,True,
2025-04-17,21,2025-03-19,1826,True,True,
2025-04-22,21,2025-03-20,1827,True,True,
2025-04-23,21,2025-03-21,1828,True,True,
2025-04-24,21,2025-03-24,1829,True,True,
2025-04-28,21,2025-03-25,1830,True,True,
2025-04-29,21,2025-03-26,1831,True,True,
2025-04-30,21,2025-03-27,1832,True,True,
2025-05-01,21,2025-03-28,1833,True,True,
2025-05-02,21,2025-03-31,1834,True,True,
2025-05-05,21,2025-04-01,1835,True,True,
2025-05-06,21,2025-04-02,1836,True,True,
2025-05-07,21,2025-04-03,1837,True,True,
2025-05-08,21,2025-04-04,1838,True,True,
2025-05-09,21,2025-04-07,1839,True,True,
2025-05-12,21,2025-04-08,1840,True,True,
2025-05-13,21,2025-04-09,1841,True,True,
2025-05-14,21,2025-04-10,1842,True,True,
2025-05-15,21,2025-04-11,1843,True,True,
2025-05-16,21,2025-04-14,1844,True,True,
2025-05-19,21,2025-04-15,1845,True,True,
2025-05-20,21,2025-04-16,1846,True,True,
2025-05-21,21,2025-04-17,1847,True,True,
2025-05-22,21,2025-04-22,1848,True,True,
2025-05-23,21,2025-04-23,1849,True,True,
2025-05-26,21,2025-04-24,1850,True,True,
2025-05-27,21,2025-04-28,1851,True,True,
2025-05-28,21,2025-04-29,1852,True,True,
2025-05-29,21,2025-04-30,1853,True,True,
2025-05-30,21,2025-05-01,1854,True,True,
2025-06-02,21,2025-05-02,1855,True,True,
2025-06-03,21,2025-05-05,1856,True,True,
2025-06-04,21,2025-05-06,1857,True,True,
2025-06-05,21,2025-05-07,1858,True,True,
2025-06-06,21,2025-05-08,1859,True,True,
2025-06-10,21,2025-05-09,1860,True,True,
2025-06-11,21,2025-05-12,1861,True,True,
2025-06-12,21,2025-05-13,1862,False,True,
2025-06-13,21,2025-05-14,1863,True,True,
2025-06-16,21,2025-05-15,1864,True,True,
2025-06-17,21,2025-05-16,1865,True,True,
2025-06-18,21,2025-05-19,1866,True,True,
2025-06-19,21,2025-05-20,1867,True,True,
2025-06-20,21,2025-05-21,1868,True,True,
2025-06-23,21,2025-05-22,1869,True,True,
2025-06-24,21,2025-05-23,1870,False,True,
2025-06-25,21,2025-05-26,1871,True,True,
2025-06-26,21,2025-05-27,1872,True,True,
2025-06-27,21,2025-05-28,1873,True,True,
2025-06-30,21,2025-05-29,1874,True,True,
2025-07-01,21,2025-05-30,1875,True,True,
2025-07-02,21,2025-06-02,1876,True,True,
2025-07-03,21,2025-06-03,1877,True,True,
2025-07-04,21,2025-06-04,1878,True,True,
2025-07-07,21,2025-06-05,1879,True,True,
2025-07-08,21,2025-06-06,1880,True,True,
2025-07-09,21,2025-06-10,1881,True,True,
2025-07-10,21,2025-06-11,1882,True,True,
2025-07-11,21,2025-06-12,1883,True,True,
2025-07-14,21,2025-06-13,1884,True,True,
2025-07-15,21,2025-06-16,1885,True,True,
2025-07-16,21,2025-06-17,1886,True,True,
2025-07-17,21,2025-06-18,1887,True,True,
2025-07-18,21,2025-06-19,1888,True,True,
2025-07-21,21,2025-06-20,1889,True,True,
2025-07-22,21,2025-06-23,1890,True,True,
2025-07-23,21,2025-06-24,1891,True,True,
2025-07-24,21,2025-06-25,1892,True,True,
2025-07-25,21,2025-06-26,1893,True,True,
2025-07-28,21,2025-06-27,1894,True,True,
2025-07-29,21,2025-06-30,1895,True,True,
2025-07-30,21,2025-07-01,1896,True,True,
2025-07-31,21,2025-07-02,1897,True,True,
2025-08-01,21,2025-07-03,1898,True,True,
2025-08-04,21,2025-07-04,1899,True,True,
2025-08-05,21,2025-07-07,1900,True,True,
2025-08-06,21,2025-07-08,1901,True,True,
2025-08-07,21,2025-07-09,1902,True,True,
2025-08-08,21,2025-07-10,1903,False,True,
2025-08-11,21,2025-07-11,1904,True,True,
2025-08-12,21,2025-07-14,1905,True,True,
2025-08-13,21,2025-07-15,1906,True,True,
2025-08-14,21,2025-07-16,1907,True,True,
2025-08-15,21,2025-07-17,1908,True,True,
2025-08-18,21,2025-07-18,1909,True,True,
2025-08-19,21,2025-07-21,1910,True,True,
2025-08-20,21,2025-07-22,1911,True,True,
2025-08-21,21,2025-07-23,1912,True,True,
2025-08-22,21,2025-07-24,1913,True,True,
2025-08-25,21,2025-07-25,1914,True,True,
2025-08-26,21,2025-07-28,1915,False,True,
2025-08-27,21,2025-07-29,1916,True,True,
2025-08-28,21,2025-07-30,1917,True,True,
2025-08-29,21,2025-07-31,1918,True,True,
2025-09-01,21,2025-08-01,1919,True,True,
2025-09-02,21,2025-08-04,1920,True,True,
2025-09-03,21,2025-08-05,1921,True,True,
2025-09-04,21,2025-08-06,1922,True,True,
2025-09-05,21,2025-08-07,1923,True,True,
2025-09-08,21,2025-08-08,1924,True,True,
2025-09-09,21,2025-08-11,1925,True,True,
2025-09-10,21,2025-08-12,1926,True,True,
2025-09-11,21,2025-08-13,1927,True,True,
2025-09-12,21,2025-08-14,1928,True,True,
2025-09-15,21,2025-08-15,1929,True,True,
2025-09-16,21,2025-08-18,1930,True,True,
2025-09-17,21,2025-08-19,1931,True,True,
2025-09-18,21,2025-08-20,1932,True,True,
2025-09-19,21,2025-08-21,1933,True,True,
2025-09-22,21,2025-08-22,1934,True,True,
2025-09-23,21,2025-08-25,1935,False,True,
2025-09-24,21,2025-08-26,1936,True,True,
2025-09-25,21,2025-08-27,1937,True,True,
2025-09-26,21,2025-08-28,1938,True,True,
2025-09-29,21,2025-08-29,1939,True,True,
2025-09-30,21,2025-09-01,1940,True,True,
2025-10-01,21,2025-09-02,1941,True,True,
2025-10-02,21,2025-09-03,1942,True,True,
2025-10-03,21,2025-09-04,1943,True,True,
2025-10-06,21,2025-09-05,1944,True,True,
2025-10-07,21,2025-09-08,1945,True,True,
2025-10-08,21,2025-09-09,1946,True,True,
2025-10-09,21,2025-09-10,1947,True,True,
2025-10-10,21,2025-09-11,1948,True,True,
2025-10-13,21,2025-09-12,1949,True,True,
2025-10-14,21,2025-09-15,1950,True,True,
2025-10-15,21,2025-09-16,1951,True,True,
2025-10-16,21,2025-09-17,1952,True,True,
2025-10-17,21,2025-09-18,1953,True,True,
2025-10-20,21,2025-09-19,1954,True,True,
2025-10-21,21,2025-09-22,1955,True,True,
2025-10-22,21,2025-09-23,1956,True,True,
2025-10-23,21,2025-09-24,1957,True,True,
2025-10-24,21,2025-09-25,1958,True,True,
2025-10-27,21,2025-09-26,1959,True,True,
2025-10-28,21,2025-09-29,1960,True,True,
2025-10-29,21,2025-09-30,1961,True,True,
2025-10-30,21,2025-10-01,1962,True,True,
2025-10-31,21,2025-10-02,1963,True,True,
2025-11-03,21,2025-10-03,1964,True,True,
2025-11-04,21,2025-10-06,1965,True,True,
2025-11-05,21,2025-10-07,1966,True,True,
2025-11-06,21,2025-10-08,1967,True,True,
2025-11-07,21,2025-10-09,1968,True,True,
2025-11-10,21,2025-10-10,1969,True,True,
2025-11-11,21,2025-10-13,1970,True,True,
2025-11-12,21,2025-10-14,1971,True,True,
2025-11-13,21,2025-10-15,1972,True,True,
2025-11-14,21,2025-10-16,1973,True,True,
2025-11-17,21,2025-10-17,1974,True,True,
2025-11-18,21,2025-10-20,1975,True,True,
2025-11-19,21,2025-10-21,1976,True,True,
2025-11-20,21,2025-10-22,1977,True,True,
2025-11-21,21,2025-10-23,1978,True,True,
2025-11-24,21,2025-10-24,1979,True,True,
2025-11-25,21,2025-10-27,1980,True,True,
2025-11-26,21,2025-10-28,1981,True,True,
2025-11-27,21,2025-10-29,1982,True,True,
2025-11-28,21,2025-10-30,1983,True,True,
2025-12-01,21,2025-10-31,1984,True,True,
2025-12-02,21,2025-11-03,1985,True,True,
2025-12-03,21,2025-11-04,1986,True,True,
2025-12-04,21,2025-11-05,1987,True,True,
2025-12-05,21,2025-11-06,1988,True,True,
2025-12-08,21,2025-11-07,1989,True,True,
2025-12-09,21,2025-11-10,1990,True,True,
2025-12-10,21,2025-11-11,1991,True,True,
2025-12-11,21,2025-11-12,1992,True,True,
2025-12-12,21,2025-11-13,1993,True,True,
2025-12-15,21,2025-11-14,1994,True,True,
2025-12-16,21,2025-11-17,1995,True,True,
2025-12-17,21,2025-11-18,1996,True,True,
2025-12-18,21,2025-11-19,1997,True,True,
2025-12-19,21,2025-11-20,1998,True,True,
2025-12-22,21,2025-11-21,1999,True,True,
2025-12-23,21,2025-11-24,2000,True,True,
2025-12-24,21,2025-11-25,2001,True,True,
2025-12-29,21,2025-11-26,2002,True,True,
2025-12-30,21,2025-11-27,2003,False,True,
2025-12-31,21,2025-11-28,2004,True,True,
2026-01-02,21,2025-12-01,2005,True,True,
2026-01-05,21,2025-12-02,2006,True,True,
2026-01-06,21,2025-12-03,2007,True,True,
2026-01-07,21,2025-12-04,2008,True,True,
2026-01-08,21,2025-12-05,2009,True,True,
2026-01-09,21,2025-12-08,2010,True,True,
2026-01-12,21,2025-12-09,2011,True,True,
2026-01-13,21,2025-12-10,2012,True,True,
2026-01-14,21,2025-12-11,2013,True,True,
2026-01-15,21,2025-12-12,2014,True,True,
2026-01-16,21,2025-12-15,2015,True,True,
2026-01-19,21,2025-12-16,2016,True,True,
2026-01-20,21,2025-12-17,2017,True,True,
2026-01-21,21,2025-12-18,2018,True,True,
2026-01-22,21,2025-12-19,2019,True,True,
2026-01-23,21,2025-12-22,2020,False,True,
2026-01-27,21,2025-12-23,2021,True,True,
2026-01-28,21,2025-12-24,2022,True,True,
2026-01-29,21,2025-12-29,2023,True,True,
2026-01-30,21,2025-12-30,2024,True,True,
2026-02-02,21,2025-12-31,2025,True,True,
2026-02-03,21,2026-01-02,2026,True,True,
2026-02-04,21,2026-01-05,2027,True,True,
2026-02-05,21,2026-01-06,2028,True,True,
2026-02-06,21,2026-01-07,2029,True,True,
2026-02-09,21,2026-01-08,2030,True,True,
2026-02-10,21,2026-01-09,2031,True,True,
2026-02-11,21,2026-01-12,2032,True,True,
2026-02-12,21,2026-01-13,2033,True,True,
2026-02-13,21,2026-01-14,2034,True,True,
2026-02-16,21,2026-01-15,2035,True,True,
2026-02-17,21,2026-01-16,2036,True,True,
2026-02-18,21,2026-01-19,2037,True,True,
2026-02-19,21,2026-01-20,2038,True,True,
2026-02-20,21,2026-01-21,2039,True,True,
2026-02-23,21,2026-01-22,2040,True,True,
2026-02-24,21,2026-01-23,2041,True,True,
2026-02-25,21,2026-01-27,2042,True,True,
2026-02-26,21,2026-01-28,2043,True,True,
2026-02-27,21,2026-01-29,2044,True,True,
2026-03-02,21,2026-01-30,2045,True,True,
2026-03-03,21,2026-02-02,2046,True,True,
2026-03-04,21,2026-02-03,2047,True,True,
2026-03-05,21,2026-02-04,2048,True,True,
2026-03-06,21,2026-02-05,2049,True,True,
2026-03-09,21,2026-02-06,2050,True,True,
2026-03-10,21,2026-02-09,2051,True,True,
2026-03-11,21,2026-02-10,2052,True,True,
2026-03-12,21,2026-02-11,2053,True,True,
2026-03-13,21,2026-02-12,2054,True,True,
2026-03-16,21,2026-02-13,2055,True,True,
2026-03-17,21,2026-02-16,2056,False,True,
2026-03-18,21,2026-02-17,2057,True,True,
2026-03-19,21,2026-02-18,2058,True,True,
2026-03-20,21,2026-02-19,2059,True,True,
2026-03-23,21,2026-02-20,2060,True,True,
2026-03-24,21,2026-02-23,2061,True,True,
2026-03-25,21,2026-02-24,2062,True,True,
2026-03-26,21,2026-02-25,2063,True,True,
2026-03-27,21,2026-02-26,2064,True,True,
2026-03-30,21,2026-02-27,2065,True,True,
2026-03-31,21,2026-03-02,2066,True,True,
2026-04-01,21,2026-03-03,2067,True,True,
2026-04-02,21,2026-03-04,2068,True,True,
2026-04-07,21,2026-03-05,2069,True,True,
2026-04-08,21,2026-03-06,2070,True,True,
2026-04-09,21,2026-03-09,2071,False,True,
2026-04-10,21,2026-03-10,2072,True,True,
2026-04-13,21,2026-03-11,2073,True,True,
2026-04-14,21,2026-03-12,2074,True,True,
2026-04-15,21,2026-03-13,2075,True,True,
2026-04-16,21,2026-03-16,2076,True,True,
2026-04-17,21,2026-03-17,2077,True,True,
2026-04-20,21,2026-03-18,2078,True,True,
2026-04-21,21,2026-03-19,2079,True,True,
2026-04-22,21,2026-03-20,2080,True,True,
2026-04-23,21,2026-03-23,2081,True,True,
2026-04-24,21,2026-03-24,2082,True,True,
2026-04-27,21,2026-03-25,2083,True,True,
2026-04-28,21,2026-03-26,2084,True,True,
2026-04-29,21,2026-03-27,2085,True,True,
2026-04-30,21,2026-03-30,2086,True,True,
2026-05-01,21,2026-03-31,2087,True,True,
2026-05-04,21,2026-04-01,2088,True,True,
2026-05-05,21,2026-04-02,2089,True,True,
2026-05-06,21,2026-04-07,2090,True,True,
2026-05-07,21,2026-04-08,2091,True,True,
2026-05-08,21,2026-04-09,2092,True,True,
2026-05-11,21,2026-04-10,2093,True,True,
2026-05-12,21,2026-04-13,2094,False,True,
2026-05-13,21,2026-04-14,2095,True,True,
2026-05-14,21,2026-04-15,2096,False,True,
2026-05-15,21,2026-04-16,2097,True,True,
2026-05-18,21,2026-04-17,2098,True,True,
2026-05-19,21,2026-04-20,2099,True,True,
2026-05-20,21,2026-04-21,2100,True,True,
2026-05-21,21,2026-04-22,2101,True,True,
2026-05-22,21,2026-04-23,2102,True,True,
2026-05-25,21,2026-04-24,2103,True,True,
2026-05-26,21,2026-04-27,2104,True,True,
2026-05-27,21,2026-04-28,2105,True,True,
2026-05-28,21,2026-04-29,2106,True,True,
2026-05-29,21,2026-04-30,2107,True,True,
2026-06-01,21,2026-05-01,2108,True,True,
2026-06-02,21,2026-05-04,2109,True,True,
2026-06-03,21,2026-05-05,2110,True,True,
2026-06-04,21,2026-05-06,2111,True,True,
2026-06-05,21,2026-05-07,2112,True,True,
2026-06-09,21,2026-05-08,2113,True,True,
2026-06-10,21,2026-05-11,2114,True,True,
2026-06-11,21,2026-05-12,2115,False,True,
2026-06-12,21,2026-05-13,2116,True,True,
2026-06-15,21,2026-05-14,2117,True,True,
2026-06-16,21,2026-05-15,2118,True,True,
2026-06-17,21,2026-05-18,2119,True,True,
2026-06-18,21,2026-05-19,2120,True,True,
2026-06-19,21,2026-05-20,2121,True,True,
2026-06-22,21,2026-05-21,2122,True,True,
2026-06-23,21,2026-05-22,2123,True,True,
2026-06-24,21,2026-05-25,2124,True,True,
2026-06-25,21,2026-05-26,2125,True,True,
2026-06-26,21,2026-05-27,2126,False,True,
2026-06-29,21,2026-05-28,2127,True,True,
2026-06-30,21,2026-05-29,2128,True,True,
2026-07-01,21,2026-06-01,2129,True,True,
2026-07-02,21,2026-06-02,2130,True,True,
2026-07-03,21,2026-06-03,2131,True,True,
2026-07-06,21,2026-06-04,2132,False,True,
2026-07-07,21,2026-06-05,2133,True,True,
2026-07-08,21,2026-06-09,2134,True,True,
2026-07-09,21,2026-06-10,2135,True,True,
2026-07-10,21,2026-06-11,2136,True,True,
2026-07-13,21,2026-06-12,2137,True,True,
2026-07-14,21,2026-06-15,2138,True,True,
2026-07-15,21,2026-06-16,2139,True,True,
2026-07-16,21,2026-06-17,2140,True,True,
2026-07-17,21,2026-06-18,2141,True,True,
2026-07-20,21,2026-06-19,2142,True,True,
2026-07-21,21,2026-06-22,2143,True,True,
2026-07-22,21,2026-06-23,2144,True,True,
2026-07-23,21,2026-06-24,2145,True,True,
2026-07-24,21,2026-06-25,2146,True,True,
2026-07-27,21,2026-06-26,2147,True,True,
2026-07-28,21,2026-06-29,2148,True,True,
2026-07-29,21,2026-06-30,2149,True,True,
2026-07-30,21,2026-07-01,2150,True,True,
2026-07-31,21,2026-07-02,2151,True,True,
2026-08-03,21,2026-07-03,2152,True,True,
2026-08-04,21,2026-07-06,2153,True,True,
2026-08-05,21,2026-07-07,2154,True,True,
2026-08-06,21,2026-07-08,2155,True,True,
2026-08-07,21,2026-07-09,2156,True,True,
2026-08-10,21,2026-07-10,2157,True,True,
2026-08-11,21,2026-07-13,2158,True,True,
2026-08-12,21,2026-07-14,2159,True,True,
2026-08-13,21,2026-07-15,2160,True,True,
2026-08-14,21,2026-07-16,2161,True,True,
2026-08-17,21,2026-07-17,2162,True,True,
2026-08-18,21,2026-07-20,2163,True,True,
2026-08-19,21,2026-07-21,2164,True,True,
2026-08-20,21,2026-07-22,2165,True,True,
2025-01-02,63,2024-10-02,1710,True,True,
2025-01-03,63,2024-10-03,1711,True,True,
2025-01-06,63,2024-10-04,1712,True,True,
2025-01-07,63,2024-10-07,1713,True,True,
2025-01-08,63,2024-10-08,1714,True,True,
2025-01-09,63,2024-10-09,1715,True,True,
2025-01-10,63,2024-10-10,1716,True,True,
2025-01-13,63,2024-10-11,1717,True,True,
2025-01-14,63,2024-10-14,1718,True,True,
2025-01-15,63,2024-10-15,1719,True,True,
2025-01-16,63,2024-10-16,1720,True,True,
2025-01-17,63,2024-10-17,1721,True,True,
2025-01-20,63,2024-10-18,1722,True,True,
2025-01-21,63,2024-10-21,1723,True,True,
2025-01-22,63,2024-10-22,1724,True,True,
2025-01-23,63,2024-10-23,1725,True,True,
2025-01-24,63,2024-10-24,1726,False,True,
2025-01-28,63,2024-10-25,1727,True,True,
2025-01-29,63,2024-10-28,1728,True,True,
2025-01-30,63,2024-10-29,1729,True,True,
2025-01-31,63,2024-10-30,1730,True,True,
2025-02-03,63,2024-10-31,1731,True,True,
2025-02-04,63,2024-11-01,1732,False,True,
2025-02-05,63,2024-11-04,1733,True,True,
2025-02-06,63,2024-11-05,1734,True,True,
2025-02-07,63,2024-11-06,1735,True,True,
2025-02-10,63,2024-11-07,1736,True,True,
2025-02-11,63,2024-11-08,1737,True,True,
2025-02-12,63,2024-11-11,1738,True,True,
2025-02-13,63,2024-11-12,1739,True,True,
2025-02-14,63,2024-11-13,1740,True,True,
2025-02-17,63,2024-11-14,1741,True,True,
2025-02-18,63,2024-11-15,1742,True,True,
2025-02-19,63,2024-11-18,1743,True,True,
2025-02-20,63,2024-11-19,1744,True,True,
2025-02-21,63,2024-11-20,1745,True,True,
2025-02-24,63,2024-11-21,1746,True,True,
2025-02-25,63,2024-11-22,1747,True,True,
2025-02-26,63,2024-11-25,1748,True,True,
2025-02-27,63,2024-11-26,1749,True,True,
2025-02-28,63,2024-11-27,1750,True,True,
2025-03-03,63,2024-11-28,1751,True,True,
2025-03-04,63,2024-11-29,1752,True,True,
2025-03-05,63,2024-12-02,1753,True,True,
2025-03-06,63,2024-12-03,1754,True,True,
2025-03-07,63,2024-12-04,1755,True,True,
2025-03-10,63,2024-12-05,1756,True,True,
2025-03-11,63,2024-12-06,1757,True,True,
2025-03-12,63,2024-12-09,1758,True,True,
2025-03-13,63,2024-12-10,1759,True,True,
2025-03-14,63,2024-12-11,1760,True,True,
2025-03-17,63,2024-12-12,1761,True,True,
2025-03-18,63,2024-12-13,1762,True,True,
2025-03-19,63,2024-12-16,1763,True,True,
2025-03-20,63,2024-12-17,1764,True,True,
2025-03-21,63,2024-12-18,1765,True,True,
2025-03-24,63,2024-12-19,1766,True,True,
2025-03-25,63,2024-12-20,1767,True,True,
2025-03-26,63,2024-12-23,1768,True,True,
2025-03-27,63,2024-12-24,1769,True,True,
2025-03-28,63,2024-12-27,1770,True,True,
2025-03-31,63,2024-12-30,1771,True,True,
2025-04-01,63,2024-12-31,1772,True,True,
2025-04-02,63,2025-01-02,1773,True,True,
2025-04-03,63,2025-01-03,1774,True,True,
2025-04-04,63,2025-01-06,1775,True,True,
2025-04-07,63,2025-01-07,1776,True,True,
2025-04-08,63,2025-01-08,1777,True,True,
2025-04-09,63,2025-01-09,1778,True,True,
2025-04-10,63,2025-01-10,1779,True,True,
2025-04-11,63,2025-01-13,1780,True,True,
2025-04-14,63,2025-01-14,1781,True,True,
2025-04-15,63,2025-01-15,1782,True,True,
2025-04-16,63,2025-01-16,1783,True,True,
2025-04-17,63,2025-01-17,1784,True,True,
2025-04-22,63,2025-01-20,1785,False,True,
2025-04-23,63,2025-01-21,1786,True,True,
2025-04-24,63,2025-01-22,1787,True,True,
2025-04-28,63,2025-01-23,1788,True,True,
2025-04-29,63,2025-01-24,1789,True,True,
2025-04-30,63,2025-01-28,1790,True,True,
2025-05-01,63,2025-01-29,1791,True,True,
2025-05-02,63,2025-01-30,1792,True,True,
2025-05-05,63,2025-01-31,1793,True,True,
2025-05-06,63,2025-02-03,1794,True,True,
2025-05-07,63,2025-02-04,1795,True,True,
2025-05-08,63,2025-02-05,1796,True,True,
2025-05-09,63,2025-02-06,1797,True,True,
2025-05-12,63,2025-02-07,1798,True,True,
2025-05-13,63,2025-02-10,1799,True,True,
2025-05-14,63,2025-02-11,1800,True,True,
2025-05-15,63,2025-02-12,1801,True,True,
2025-05-16,63,2025-02-13,1802,True,True,
2025-05-19,63,2025-02-14,1803,True,True,
2025-05-20,63,2025-02-17,1804,True,True,
2025-05-21,63,2025-02-18,1805,True,True,
2025-05-22,63,2025-02-19,1806,True,True,
2025-05-23,63,2025-02-20,1807,True,True,
2025-05-26,63,2025-02-21,1808,True,True,
2025-05-27,63,2025-02-24,1809,True,True,
2025-05-28,63,2025-02-25,1810,True,True,
2025-05-29,63,2025-02-26,1811,True,True,
2025-05-30,63,2025-02-27,1812,True,True,
2025-06-02,63,2025-02-28,1813,True,True,
2025-06-03,63,2025-03-03,1814,True,True,
2025-06-04,63,2025-03-04,1815,True,True,
2025-06-05,63,2025-03-05,1816,True,True,
2025-06-06,63,2025-03-06,1817,True,True,
2025-06-10,63,2025-03-07,1818,False,True,
2025-06-11,63,2025-03-10,1819,True,True,
2025-06-12,63,2025-03-11,1820,True,True,
2025-06-13,63,2025-03-12,1821,True,True,
2025-06-16,63,2025-03-13,1822,True,True,
2025-06-17,63,2025-03-14,1823,True,True,
2025-06-18,63,2025-03-17,1824,True,True,
2025-06-19,63,2025-03-18,1825,True,True,
2025-06-20,63,2025-03-19,1826,True,True,
2025-06-23,63,2025-03-20,1827,True,True,
2025-06-24,63,2025-03-21,1828,True,True,
2025-06-25,63,2025-03-24,1829,False,True,
2025-06-26,63,2025-03-25,1830,True,True,
2025-06-27,63,2025-03-26,1831,False,True,
2025-06-30,63,2025-03-27,1832,True,True,
2025-07-01,63,2025-03-28,1833,True,True,
2025-07-02,63,2025-03-31,1834,True,True,
2025-07-03,63,2025-04-01,1835,True,True,
2025-07-04,63,2025-04-02,1836,True,True,
2025-07-07,63,2025-04-03,1837,True,True,
2025-07-08,63,2025-04-04,1838,True,True,
2025-07-09,63,2025-04-07,1839,True,True,
2025-07-10,63,2025-04-08,1840,False,True,
2025-07-11,63,2025-04-09,1841,True,True,
2025-07-14,63,2025-04-10,1842,True,True,
2025-07-15,63,2025-04-11,1843,True,True,
2025-07-16,63,2025-04-14,1844,True,True,
2025-07-17,63,2025-04-15,1845,True,True,
2025-07-18,63,2025-04-16,1846,True,True,
2025-07-21,63,2025-04-17,1847,True,True,
2025-07-22,63,2025-04-22,1848,False,True,
2025-07-23,63,2025-04-23,1849,True,True,
2025-07-24,63,2025-04-24,1850,True,True,
2025-07-25,63,2025-04-28,1851,True,True,
2025-07-28,63,2025-04-29,1852,True,True,
2025-07-29,63,2025-04-30,1853,True,True,
2025-07-30,63,2025-05-01,1854,True,True,
2025-07-31,63,2025-05-02,1855,True,True,
2025-08-01,63,2025-05-05,1856,True,True,
2025-08-04,63,2025-05-06,1857,True,True,
2025-08-05,63,2025-05-07,1858,True,True,
2025-08-06,63,2025-05-08,1859,True,True,
2025-08-07,63,2025-05-09,1860,True,True,
2025-08-08,63,2025-05-12,1861,True,True,
2025-08-11,63,2025-05-13,1862,True,True,
2025-08-12,63,2025-05-14,1863,True,True,
2025-08-13,63,2025-05-15,1864,True,True,
2025-08-14,63,2025-05-16,1865,True,True,
2025-08-15,63,2025-05-19,1866,True,True,
2025-08-18,63,2025-05-20,1867,True,True,
2025-08-19,63,2025-05-21,1868,True,True,
2025-08-20,63,2025-05-22,1869,True,True,
2025-08-21,63,2025-05-23,1870,True,True,
2025-08-22,63,2025-05-26,1871,True,True,
2025-08-25,63,2025-05-27,1872,True,True,
2025-08-26,63,2025-05-28,1873,True,True,
2025-08-27,63,2025-05-29,1874,True,True,
2025-08-28,63,2025-05-30,1875,True,True,
2025-08-29,63,2025-06-02,1876,True,True,
2025-09-01,63,2025-06-03,1877,True,True,
2025-09-02,63,2025-06-04,1878,True,True,
2025-09-03,63,2025-06-05,1879,True,True,
2025-09-04,63,2025-06-06,1880,True,True,
2025-09-05,63,2025-06-10,1881,True,True,
2025-09-08,63,2025-06-11,1882,True,True,
2025-09-09,63,2025-06-12,1883,True,True,
2025-09-10,63,2025-06-13,1884,True,True,
2025-09-11,63,2025-06-16,1885,True,True,
2025-09-12,63,2025-06-17,1886,True,True,
2025-09-15,63,2025-06-18,1887,True,True,
2025-09-16,63,2025-06-19,1888,True,True,
2025-09-17,63,2025-06-20,1889,True,True,
2025-09-18,63,2025-06-23,1890,True,True,
2025-09-19,63,2025-06-24,1891,True,True,
2025-09-22,63,2025-06-25,1892,True,True,
2025-09-23,63,2025-06-26,1893,True,True,
2025-09-24,63,2025-06-27,1894,True,True,
2025-09-25,63,2025-06-30,1895,True,True,
2025-09-26,63,2025-07-01,1896,True,True,
2025-09-29,63,2025-07-02,1897,True,True,
2025-09-30,63,2025-07-03,1898,True,True,
2025-10-01,63,2025-07-04,1899,True,True,
2025-10-02,63,2025-07-07,1900,True,True,
2025-10-03,63,2025-07-08,1901,True,True,
2025-10-06,63,2025-07-09,1902,True,True,
2025-10-07,63,2025-07-10,1903,True,True,
2025-10-08,63,2025-07-11,1904,True,True,
2025-10-09,63,2025-07-14,1905,True,True,
2025-10-10,63,2025-07-15,1906,False,True,
2025-10-13,63,2025-07-16,1907,True,True,
2025-10-14,63,2025-07-17,1908,True,True,
2025-10-15,63,2025-07-18,1909,True,True,
2025-10-16,63,2025-07-21,1910,True,True,
2025-10-17,63,2025-07-22,1911,False,True,
2025-10-20,63,2025-07-23,1912,True,True,
2025-10-21,63,2025-07-24,1913,True,True,
2025-10-22,63,2025-07-25,1914,True,True,
2025-10-23,63,2025-07-28,1915,True,True,
2025-10-24,63,2025-07-29,1916,True,True,
2025-10-27,63,2025-07-30,1917,True,True,
2025-10-28,63,2025-07-31,1918,True,True,
2025-10-29,63,2025-08-01,1919,True,True,
2025-10-30,63,2025-08-04,1920,True,True,
2025-10-31,63,2025-08-05,1921,True,True,
2025-11-03,63,2025-08-06,1922,True,True,
2025-11-04,63,2025-08-07,1923,True,True,
2025-11-05,63,2025-08-08,1924,True,True,
2025-11-06,63,2025-08-11,1925,True,True,
2025-11-07,63,2025-08-12,1926,True,True,
2025-11-10,63,2025-08-13,1927,True,True,
2025-11-11,63,2025-08-14,1928,True,True,
2025-11-12,63,2025-08-15,1929,True,True,
2025-11-13,63,2025-08-18,1930,True,True,
2025-11-14,63,2025-08-19,1931,True,True,
2025-11-17,63,2025-08-20,1932,True,True,
2025-11-18,63,2025-08-21,1933,True,True,
2025-11-19,63,2025-08-22,1934,True,True,
2025-11-20,63,2025-08-25,1935,True,True,
2025-11-21,63,2025-08-26,1936,True,True,
2025-11-24,63,2025-08-27,1937,True,True,
2025-11-25,63,2025-08-28,1938,True,True,
2025-11-26,63,2025-08-29,1939,True,True,
2025-11-27,63,2025-09-01,1940,True,True,
2025-11-28,63,2025-09-02,1941,True,True,
2025-12-01,63,2025-09-03,1942,True,True,
2025-12-02,63,2025-09-04,1943,True,True,
2025-12-03,63,2025-09-05,1944,True,True,
2025-12-04,63,2025-09-08,1945,True,True,
2025-12-05,63,2025-09-09,1946,True,True,
2025-12-08,63,2025-09-10,1947,True,True,
2025-12-09,63,2025-09-11,1948,True,True,
2025-12-10,63,2025-09-12,1949,True,True,
2025-12-11,63,2025-09-15,1950,True,True,
2025-12-12,63,2025-09-16,1951,True,True,
2025-12-15,63,2025-09-17,1952,True,True,
2025-12-16,63,2025-09-18,1953,True,True,
2025-12-17,63,2025-09-19,1954,True,True,
2025-12-18,63,2025-09-22,1955,True,True,
2025-12-19,63,2025-09-23,1956,True,True,
2025-12-22,63,2025-09-24,1957,True,True,
2025-12-23,63,2025-09-25,1958,True,True,
2025-12-24,63,2025-09-26,1959,True,True,
2025-12-29,63,2025-09-29,1960,True,True,
2025-12-30,63,2025-09-30,1961,True,True,
2025-12-31,63,2025-10-01,1962,True,True,
2026-01-02,63,2025-10-02,1963,True,True,
2026-01-05,63,2025-10-03,1964,True,True,
2026-01-06,63,2025-10-06,1965,True,True,
2026-01-07,63,2025-10-07,1966,True,True,
2026-01-08,63,2025-10-08,1967,True,True,
2026-01-09,63,2025-10-09,1968,True,True,
2026-01-12,63,2025-10-10,1969,True,True,
2026-01-13,63,2025-10-13,1970,True,True,
2026-01-14,63,2025-10-14,1971,True,True,
2026-01-15,63,2025-10-15,1972,True,True,
2026-01-16,63,2025-10-16,1973,True,True,
2026-01-19,63,2025-10-17,1974,True,True,
2026-01-20,63,2025-10-20,1975,True,True,
2026-01-21,63,2025-10-21,1976,True,True,
2026-01-22,63,2025-10-22,1977,True,True,
2026-01-23,63,2025-10-23,1978,True,True,
2026-01-27,63,2025-10-24,1979,True,True,
2026-01-28,63,2025-10-27,1980,True,True,
2026-01-29,63,2025-10-28,1981,True,True,
2026-01-30,63,2025-10-29,1982,True,True,
2026-02-02,63,2025-10-30,1983,True,True,
2026-02-03,63,2025-10-31,1984,True,True,
2026-02-04,63,2025-11-03,1985,True,True,
2026-02-05,63,2025-11-04,1986,True,True,
2026-02-06,63,2025-11-05,1987,True,True,
2026-02-09,63,2025-11-06,1988,True,True,
2026-02-10,63,2025-11-07,1989,True,True,
2026-02-11,63,2025-11-10,1990,True,True,
2026-02-12,63,2025-11-11,1991,True,True,
2026-02-13,63,2025-11-12,1992,True,True,
2026-02-16,63,2025-11-13,1993,True,True,
2026-02-17,63,2025-11-14,1994,True,True,
2026-02-18,63,2025-11-17,1995,True,True,
2026-02-19,63,2025-11-18,1996,True,True,
2026-02-20,63,2025-11-19,1997,True,True,
2026-02-23,63,2025-11-20,1998,True,True,
2026-02-24,63,2025-11-21,1999,True,True,
2026-02-25,63,2025-11-24,2000,True,True,
2026-02-26,63,2025-11-25,2001,True,True,
2026-02-27,63,2025-11-26,2002,True,True,
2026-03-02,63,2025-11-27,2003,True,True,
2026-03-03,63,2025-11-28,2004,True,True,
2026-03-04,63,2025-12-01,2005,True,True,
2026-03-05,63,2025-12-02,2006,True,True,
2026-03-06,63,2025-12-03,2007,True,True,
2026-03-09,63,2025-12-04,2008,True,True,
2026-03-10,63,2025-12-05,2009,True,True,
2026-03-11,63,2025-12-08,2010,True,True,
2026-03-12,63,2025-12-09,2011,True,True,
2026-03-13,63,2025-12-10,2012,True,True,
2026-03-16,63,2025-12-11,2013,True,True,
2026-03-17,63,2025-12-12,2014,False,True,
2026-03-18,63,2025-12-15,2015,True,True,
2026-03-19,63,2025-12-16,2016,True,True,
2026-03-20,63,2025-12-17,2017,True,True,
2026-03-23,63,2025-12-18,2018,True,True,
2026-03-24,63,2025-12-19,2019,True,True,
2026-03-25,63,2025-12-22,2020,True,True,
2026-03-26,63,2025-12-23,2021,True,True,
2026-03-27,63,2025-12-24,2022,True,True,
2026-03-30,63,2025-12-29,2023,True,True,
2026-03-31,63,2025-12-30,2024,True,True,
2026-04-01,63,2025-12-31,2025,True,True,
2026-04-02,63,2026-01-02,2026,True,True,
2026-04-07,63,2026-01-05,2027,True,True,
2026-04-08,63,2026-01-06,2028,True,True,
2026-04-09,63,2026-01-07,2029,True,True,
2026-04-10,63,2026-01-08,2030,True,True,
2026-04-13,63,2026-01-09,2031,True,True,
2026-04-14,63,2026-01-12,2032,True,True,
2026-04-15,63,2026-01-13,2033,True,True,
2026-04-16,63,2026-01-14,2034,True,True,
2026-04-17,63,2026-01-15,2035,True,True,
2026-04-20,63,2026-01-16,2036,True,True,
2026-04-21,63,2026-01-19,2037,True,True,
2026-04-22,63,2026-01-20,2038,True,True,
2026-04-23,63,2026-01-21,2039,True,True,
2026-04-24,63,2026-01-22,2040,True,True,
2026-04-27,63,2026-01-23,2041,True,True,
2026-04-28,63,2026-01-27,2042,True,True,
2026-04-29,63,2026-01-28,2043,True,True,
2026-04-30,63,2026-01-29,2044,True,True,
2026-05-01,63,2026-01-30,2045,True,True,
2026-05-04,63,2026-02-02,2046,False,True,
2026-05-05,63,2026-02-03,2047,True,True,
2026-05-06,63,2026-02-04,2048,True,True,
2026-05-07,63,2026-02-05,2049,True,True,
2026-05-08,63,2026-02-06,2050,True,True,
2026-05-11,63,2026-02-09,2051,True,True,
2026-05-12,63,2026-02-10,2052,False,True,
2026-05-13,63,2026-02-11,2053,True,True,
2026-05-14,63,2026-02-12,2054,True,True,
2026-05-15,63,2026-02-13,2055,True,True,
2026-05-18,63,2026-02-16,2056,True,True,
2026-05-19,63,2026-02-17,2057,True,True,
2026-05-20,63,2026-02-18,2058,True,True,
2026-05-21,63,2026-02-19,2059,True,True,
2026-05-22,63,2026-02-20,2060,True,True,
2026-05-25,63,2026-02-23,2061,True,True,
2026-05-26,63,2026-02-24,2062,False,True,
2026-05-27,63,2026-02-25,2063,True,True,
2026-05-28,63,2026-02-26,2064,True,True,
2026-05-29,63,2026-02-27,2065,True,True,
2026-06-01,63,2026-03-02,2066,True,True,
2026-06-02,63,2026-03-03,2067,True,True,
2026-06-03,63,2026-03-04,2068,True,True,
2026-06-04,63,2026-03-05,2069,False,True,
2026-06-05,63,2026-03-06,2070,True,True,
2026-06-09,63,2026-03-09,2071,True,True,
2026-06-10,63,2026-03-10,2072,True,True,
2026-06-11,63,2026-03-11,2073,True,True,
2026-06-12,63,2026-03-12,2074,True,True,
2026-06-15,63,2026-03-13,2075,True,True,
2026-06-16,63,2026-03-16,2076,True,True,
2026-06-17,63,2026-03-17,2077,True,True,
2026-06-18,63,2026-03-18,2078,True,True,
2026-06-19,63,2026-03-19,2079,False,True,
2026-06-22,63,2026-03-20,2080,False,True,
2026-06-23,63,2026-03-23,2081,True,True,
