Available_Date,AUS_UNEMPLOYMENT,AUS_LONG_RATE,AUS_SHORT_RATE,AUS_REAL_GDP,AUS_YIELD_SPREAD
1960-03-16,,,,157411.0,
1961-03-17,,,,156627.0,
1962-03-17,,,,165396.0,
1963-03-17,,,,175398.0,
1964-03-16,,,,186901.0,
1965-03-17,,,,195868.0,
1966-03-17,,,,201810.0,
1967-03-17,,,,215544.0,
1968-02-05,,,5.1,,
1968-03-07,,,5.15,,
1968-03-16,,,,227466.0,
1968-04-05,,,5.15,,
1968-05-06,,,5.15,,
1968-06-05,,,5.3,,
1968-07-06,,,5.5,,
1968-08-05,,,5.1,,
1968-09-05,,,5.1,,
1968-10-06,,,5.05,,
1968-11-05,,,5.0,,
1968-12-06,,,4.9,,
1969-01-05,,,4.9,,
1969-02-05,,,5.1,,
1969-03-08,,,5.1,,
1969-03-17,,,,243389.0,
1969-04-05,,,5.15,,
1969-05-06,,,5.4,,
1969-06-05,,,5.5,,
1969-07-06,,,5.9,,
1969-08-05,,5.8,5.8,,0.0
1969-09-05,,5.79,6.1,,-0.3099999999999996
1969-10-06,,5.81,5.8,,0.009999999999999787
1969-11-05,,5.83,5.6,,0.23000000000000043
1969-12-06,,5.85,0.0,,5.85
1970-01-05,,5.95,5.65,,0.2999999999999998
1970-02-05,,5.95,5.8,,0.15000000000000036
1970-03-08,,5.96,6.3,,-0.33999999999999986
1970-03-17,,,,259298.0,
1970-04-05,,6.05,7.15,,-1.1000000000000005
1970-05-06,,6.94,8.6,,-1.6599999999999993
1970-06-05,,6.85,9.1,,-2.25
1970-07-06,,6.86,8.7,,-1.839999999999999
1970-08-05,,6.89,7.4,,-0.5100000000000007
1970-09-05,,6.87,6.8,,0.07000000000000028
1970-10-06,,6.87,6.35,,0.5200000000000005
1970-11-05,,6.88,6.4,,0.47999999999999954
1970-12-06,,6.83,6.2,,0.6299999999999999
1971-01-05,,6.81,6.5,,0.3099999999999996
1971-02-05,,6.85,6.6,,0.25
1971-03-08,,6.85,7.6,,-0.75
1971-03-17,,,,268803.0,
1971-04-05,,6.84,8.0,,-1.1600000000000001
1971-05-06,,6.85,7.8,,-0.9500000000000002
1971-06-05,,6.82,7.8,,-0.9799999999999995
1971-07-06,,6.83,8.15,,-1.3200000000000003
1971-08-05,,6.81,6.8,,0.009999999999999787
1971-09-05,,6.82,6.7,,0.1200000000000001
1971-10-06,,6.78,6.45,,0.33000000000000007
1971-11-05,,6.58,6.3,,0.28000000000000025
1971-12-06,,6.38,6.0,,0.3799999999999999
1972-01-05,,6.15,5.9,,0.25
1972-02-05,,6.14,5.6,,0.54
1972-03-07,,5.84,5.5,,0.33999999999999986
1972-03-16,,,,275051.0,
1972-04-05,,5.84,5.5,,0.33999999999999986
1972-05-06,,5.85,5.5,,0.34999999999999964
1972-06-05,,5.85,5.6,,0.25
1972-07-06,,5.85,5.75,,0.09999999999999964
1972-08-05,,5.8,4.6,,1.2000000000000002
1972-09-05,,5.75,4.6,,1.1500000000000004
1972-10-06,,5.75,4.5,,1.25
1972-11-05,,5.77,4.3,,1.4699999999999998
1972-12-06,,5.76,5.1,,0.6600000000000001
1973-01-05,,5.78,4.45,,1.33
1973-02-05,,5.69,4.7,,0.9900000000000002
1973-03-08,,5.76,4.8,,0.96
1973-03-17,,,,287716.0,
1973-04-05,,5.8,5.45,,0.34999999999999964
1973-05-06,,6.12,5.8,,0.3200000000000003
1973-06-05,,6.2,6.4,,-0.20000000000000018
1973-07-06,,6.72,6.4,,0.3199999999999994
1973-08-05,,6.74,6.5,,0.2400000000000002
1973-09-05,,6.73,6.4,,0.33000000000000007
1973-10-06,,8.38,9.25,,-0.8699999999999992
1973-11-05,,8.35,9.65,,-1.3000000000000007
1973-12-06,,8.35,9.2,,-0.8499999999999996
1974-01-05,,8.36,9.25,,-0.8900000000000006
1974-02-05,,8.36,9.25,,-0.8900000000000006
1974-03-08,,8.36,9.5,,-1.1400000000000006
1974-03-17,,,,292463.0,
1974-04-05,,8.37,10.1,,-1.7300000000000004
1974-05-06,,8.38,16.25,,-7.869999999999999
1974-06-05,,8.45,21.75,,-13.3
1974-07-06,,9.52,18.8,,-9.280000000000001
1974-08-05,,9.5,15.0,,-5.5
1974-09-05,,9.5,14.2,,-4.699999999999999
1974-10-06,,9.5,12.6,,-3.0999999999999996
1974-11-05,,9.5,10.4,,-0.9000000000000004
1974-12-06,,9.5,10.3,,-0.8000000000000007
1975-01-05,,9.5,9.75,,-0.25
1975-02-05,,9.4,8.95,,0.45000000000000107
1975-03-08,,9.5,9.0,,0.5
1975-03-17,,,,298830.0,
1975-04-05,,9.5,8.75,,0.75
1975-05-06,,9.5,9.8,,-0.3000000000000007
1975-06-05,,9.5,8.9,,0.5999999999999996
1975-07-06,,9.5,8.8,,0.6999999999999993
1975-08-05,,10.0,8.15,,1.8499999999999996
1975-09-05,,10.0,8.15,,1.8499999999999996
1975-10-06,,10.0,8.1,,1.9000000000000004
1975-11-05,,10.0,7.95,,2.05
1975-12-06,,10.0,8.05,,1.9499999999999993
1976-01-05,,10.0,7.7,,2.3
1976-02-05,,10.02,7.65,,2.369999999999999
1976-03-07,,10.0,8.35,,1.6500000000000004
1976-03-16,,,,309995.0,
1976-04-05,,9.99,8.4,,1.5899999999999999
1976-05-06,,10.0,9.61,,0.39000000000000057
1976-06-05,,10.0,10.24,,-0.2400000000000002
1976-07-06,,9.99,10.27,,-0.27999999999999936
1976-08-05,,10.0,9.67,,0.33000000000000007
1976-09-05,,9.99,9.36,,0.6300000000000008
1976-10-06,,9.99,9.31,,0.6799999999999997
1976-11-05,,9.98,9.06,,0.9199999999999999
1976-12-06,,10.0,9.52,,0.4800000000000004
1977-01-05,,10.41,9.44,,0.9700000000000006
1977-02-05,,10.4,8.93,,1.4700000000000006
1977-03-08,,10.4,9.31,,1.0899999999999999
1977-03-17,,,,315437.0,
1977-04-05,,10.4,9.73,,0.6699999999999999
1977-05-06,,10.4,10.86,,-0.4599999999999991
1977-06-05,,10.41,10.94,,-0.5299999999999994
1977-07-06,,10.41,10.95,,-0.5399999999999991
1977-08-05,,10.41,10.72,,-0.3100000000000005
1977-09-05,,10.41,10.9,,-0.4900000000000002
1977-10-06,,10.18,10.43,,-0.25
1977-11-05,,10.01,10.02,,-0.009999999999999787
1977-12-06,,9.79,10.01,,-0.22000000000000064
1978-01-05,,9.5,9.75,,-0.25
1978-02-05,,9.36,9.49,,-0.13000000000000078
1978-02-21,6.644727,,,,
1978-03-08,,9.2,9.55,,-0.3500000000000014
1978-03-17,,,,322632.0,
1978-03-21,6.302981,,,,
1978-04-05,,9.2,10.04,,-0.8399999999999999
1978-04-21,6.267467,,,,
1978-05-06,,9.17,10.86,,-1.6899999999999995
1978-05-21,6.209395,,,,
1978-06-05,,9.1,10.6,,-1.5
1978-06-21,6.304106,,,,
1978-07-06,,9.1,10.63,,-1.5300000000000011
1978-07-21,6.221535,,,,
1978-08-05,,9.1,9.84,,-0.7400000000000002
1978-08-21,6.490023,,,,
1978-09-05,,9.0,9.7,,-0.6999999999999993
1978-09-21,6.255276,,,,
1978-10-06,,9.0,9.72,,-0.7200000000000006
1978-10-21,6.163184,,,,
1978-11-05,,8.89,9.74,,-0.8499999999999996
1978-11-21,6.331214,,,,
1978-12-06,,8.8,9.19,,-0.3899999999999988
1978-12-21,6.405487,,,,
1979-01-05,,8.8,8.76,,0.040000000000000924
1979-01-21,6.372048,,,,
1979-02-05,,8.85,8.51,,0.33999999999999986
1979-02-21,6.257206,,,,
1979-03-08,,9.0,8.6,,0.40000000000000036
1979-03-17,,,,335103.0,
1979-03-21,6.303299,,,,
1979-04-05,,9.35,9.16,,0.1899999999999995
1979-04-21,6.498407,,,,
1979-05-06,,9.65,10.42,,-0.7699999999999996
1979-05-21,6.203675,,,,
1979-06-05,,9.7,10.54,,-0.8399999999999999
1979-06-21,6.251824,,,,
1979-07-06,,10.0,10.26,,-0.2599999999999998
1979-07-21,6.271638,,,,
1979-08-05,,10.07,9.86,,0.21000000000000085
1979-08-21,6.117989,,,,
1979-09-05,,10.07,9.78,,0.2900000000000009
1979-09-21,6.232167,,,,
1979-10-06,,10.07,9.87,,0.20000000000000107
1979-10-21,6.383647,,,,
1979-11-05,,10.07,10.04,,0.030000000000001137
1979-11-21,6.044987,,,,
1979-12-06,,10.08,10.12,,-0.03999999999999915
1979-12-21,6.120185,,,,
1980-01-05,,10.08,10.12,,-0.03999999999999915
1980-01-21,6.147081,,,,
1980-02-05,,10.45,10.03,,0.41999999999999993
1980-02-21,5.998678,,,,
1980-03-07,,10.55,10.06,,0.4900000000000002
1980-03-16,,,,345274.0,
1980-03-21,5.93679,,,,
1980-04-05,,11.2,11.47,,-0.27000000000000135
1980-04-21,6.114769,,,,
1980-05-06,,11.73,13.28,,-1.549999999999999
1980-05-21,6.245949,,,,
1980-06-05,,11.78,13.83,,-2.0500000000000007
1980-06-21,6.323449,,,,
1980-07-06,,11.76,13.83,,-2.0700000000000003
1980-07-21,6.073957,,,,
1980-08-05,,11.78,12.87,,-1.0899999999999999
1980-08-21,6.177014,,,,
1980-09-05,,11.82,12.33,,-0.5099999999999998
1980-09-21,6.140869,,,,
1980-10-06,,11.78,11.69,,0.08999999999999986
1980-10-21,6.055064,,,,
1980-11-05,,11.9,11.22,,0.6799999999999997
1980-11-21,5.850337,,,,
1980-12-06,,12.42,11.27,,1.1500000000000004
1980-12-21,6.051105,,,,
1981-01-05,,12.6,12.45,,0.15000000000000036
1981-01-21,5.915809,,,,
1981-02-05,,13.1,12.61,,0.4900000000000002
1981-02-21,5.616468,,,,
1981-03-08,,13.1,13.36,,-0.2599999999999998
1981-03-17,,,,359597.0,
1981-03-21,5.746195,,,,
1981-04-05,,13.1,14.63,,-1.5300000000000011
1981-04-21,5.554915,,,,
1981-05-06,,13.1,16.69,,-3.5900000000000016
1981-05-21,5.588861,,,,
1981-06-05,,13.1,16.28,,-3.1800000000000015
1981-06-21,5.37447,,,,
1981-07-06,,13.1,15.58,,-2.4800000000000004
1981-07-21,5.823916,,,,
1981-08-05,,13.9,15.39,,-1.4900000000000002
1981-08-21,5.84609,,,,
1981-09-05,,15.0,15.72,,-0.7200000000000006
1981-09-21,5.811966,,,,
1981-10-06,,15.0,15.35,,-0.34999999999999964
1981-10-21,5.872454,,,,
1981-11-05,,15.0,14.69,,0.3100000000000005
1981-11-21,5.995199,,,,
1981-12-06,,15.0,14.62,,0.3800000000000008
1981-12-21,6.026948,,,,
1982-01-05,,15.0,15.54,,-0.5399999999999991
1982-01-21,5.981326,,,,
1982-02-05,,15.0,16.21,,-1.2100000000000009
1982-02-21,6.308316,,,,
1982-03-08,,15.1,17.12,,-2.0200000000000014
1982-03-17,,,,359863.0,
1982-03-21,6.323091,,,,
1982-04-05,,15.15,18.89,,-3.74
1982-04-21,6.333381,,,,
1982-05-06,,15.2,21.39,,-6.190000000000001
1982-05-21,6.592861,,,,
1982-06-05,,16.4,18.45,,-2.0500000000000007
1982-06-21,6.76701,,,,
1982-07-06,,16.4,18.57,,-2.1700000000000017
1982-07-21,6.878645,,,,
1982-08-05,,16.4,17.29,,-0.8900000000000006
1982-08-21,7.01135,,,,
1982-09-05,,16.5,17.17,,-0.6700000000000017
1982-09-21,7.429395,,,,
1982-10-06,,15.2,15.46,,-0.26000000000000156
1982-10-21,8.295027,,,,
1982-11-05,,14.55,14.57,,-0.019999999999999574
1982-11-21,8.679664,,,,
1982-12-06,,14.6,14.76,,-0.16000000000000014
1982-12-21,9.401896,,,,
1983-01-05,,14.0,12.13,,1.8699999999999992
1983-01-21,9.2974,,,,
1983-02-05,,13.0,10.65,,2.3499999999999996
1983-02-21,9.65848,,,,
1983-03-08,,13.6,13.77,,-0.16999999999999993
1983-03-17,,,,358594.0,
1983-03-21,9.951744,,,,
1983-04-05,,14.4,15.26,,-0.8599999999999994
1983-04-21,10.15208,,,,
1983-05-06,,14.1,13.92,,0.17999999999999972
1983-05-21,10.32327,,,,
1983-06-05,,13.1,12.15,,0.9499999999999993
1983-06-21,10.20413,,,,
1983-07-06,,14.7,14.24,,0.4599999999999991
1983-07-21,10.52516,,,,
1983-08-05,,14.8,12.8,,2.0
1983-08-21,10.21872,,,,
1983-09-05,,14.7,12.16,,2.539999999999999
1983-09-21,10.33797,,,,
1983-10-06,,14.15,11.06,,3.09
1983-10-21,10.0082,,,,
1983-11-05,,13.4,10.94,,2.460000000000001
1983-11-21,9.654567,,,,
1983-12-06,,13.2,10.55,,2.6499999999999986
1983-12-21,9.457228,,,,
1984-01-05,,13.5,8.89,,4.609999999999999
1984-01-21,9.494918,,,,
1984-02-05,,13.5,9.76,,3.74
1984-02-21,9.385474,,,,
1984-03-07,,14.0,12.04,,1.9600000000000009
1984-03-16,,,,380698.0,
1984-03-21,9.208429,,,,
1984-04-05,,14.1,13.77,,0.33000000000000007
1984-04-21,9.369945,,,,
1984-05-06,,13.9,13.88,,0.019999999999999574
1984-05-21,8.936656,,,,
1984-06-05,,14.15,13.78,,0.370000000000001
1984-06-21,9.09631,,,,
1984-07-06,,13.75,12.81,,0.9399999999999995
1984-07-21,8.921842,,,,
1984-08-05,,13.15,12.3,,0.8499999999999996
1984-08-21,8.82812,,,,
1984-09-05,,12.8,11.56,,1.2400000000000002
1984-09-21,8.734806,,,,
1984-10-06,,13.1,10.53,,2.5700000000000003
1984-10-21,8.695613,,,,
1984-11-05,,13.2,11.17,,2.0299999999999994
1984-11-21,8.679566,,,,
1984-12-06,,13.25,11.26,,1.9900000000000002
1984-12-21,8.519395,,,,
1985-01-05,,13.4,12.34,,1.0600000000000005
1985-01-21,8.552582,,,,
1985-02-05,,13.1,13.35,,-0.25
1985-02-21,8.388975,,,,
1985-03-08,,13.7,13.81,,-0.11000000000000121
1985-03-17,,,,401781.0,
1985-03-21,8.665508,,,,
1985-04-05,,13.8,15.29,,-1.4899999999999984
1985-04-21,8.401387,,,,
1985-05-06,,13.95,15.79,,-1.8399999999999999
1985-05-21,8.375981,,,,
1985-06-05,,13.8,15.53,,-1.7299999999999986
1985-06-21,8.571422,,,,
1985-07-06,,13.5,15.75,,-2.25
1985-07-21,8.31066,,,,
1985-08-05,,13.4,15.14,,-1.7400000000000002
1985-08-21,8.155125,,,,
1985-09-05,,13.95,16.25,,-2.3000000000000007
1985-09-21,8.057306,,,,
1985-10-06,,13.8,16.78,,-2.9800000000000004
1985-10-21,7.84881,,,,
1985-11-05,,14.55,16.36,,-1.8099999999999987
1985-11-21,7.950631,,,,
1985-12-06,,15.05,18.18,,-3.129999999999999
1985-12-21,7.784771,,,,
1986-01-05,,14.85,19.56,,-4.709999999999999
1986-01-21,7.806527,,,,
1986-02-05,,14.1,18.97,,-4.869999999999999
1986-02-21,8.002106,,,,
1986-03-08,,13.7,18.29,,-4.59
1986-03-17,,,,411287.0,
1986-03-21,7.926555,,,,
1986-04-05,,12.6,16.44,,-3.8400000000000016
1986-04-21,7.900182,,,,
1986-05-06,,12.25,15.76,,-3.51
1986-05-21,7.846708,,,,
1986-06-05,,12.65,14.73,,-2.08
1986-06-21,7.652811,,,,
1986-07-06,,12.95,14.68,,-1.7300000000000004
1986-07-21,8.105261,,,,
1986-08-05,,14.2,14.85,,-0.6500000000000004
1986-08-21,8.238805,,,,
1986-09-05,,14.1,17.37,,-3.2700000000000014
1986-09-21,8.337985,,,,
1986-10-06,,13.85,18.08,,-4.229999999999999
1986-10-21,8.309957,,,,
1986-11-05,,13.6,16.82,,-3.2200000000000006
1986-11-21,8.319187,,,,
1986-12-06,,13.6,15.9,,-2.3000000000000007
1986-12-21,8.363909,,,,
1987-01-05,,13.4,15.53,,-2.129999999999999
1987-01-21,8.187126,,,,
1987-02-05,,13.8,15.86,,-2.0599999999999987
1987-02-21,8.209846,,,,
1987-03-08,,14.0,16.7,,-2.6999999999999993
1987-03-17,,,,431465.0,
1987-03-21,8.434531,,,,
1987-04-05,,13.45,16.41,,-2.960000000000001
1987-04-21,8.299613,,,,
1987-05-06,,13.05,15.08,,-2.0299999999999994
1987-05-21,8.202046,,,,
1987-06-05,,13.0,14.14,,-1.1400000000000006
1987-06-21,8.007244,,,,
1987-07-06,,12.8,13.68,,-0.879999999999999
1987-07-21,8.07223,,,,
1987-08-05,,12.95,12.99,,-0.040000000000000924
1987-08-21,8.104888,,,,
1987-09-05,,12.95,12.54,,0.41000000000000014
1987-09-21,7.755125,,,,
1987-10-06,,12.5,11.7,,0.8000000000000007
1987-10-21,8.085747,,,,
1987-11-05,,13.65,11.99,,1.6600000000000001
1987-11-21,7.931125,,,,
1987-12-06,,13.3,12.45,,0.8500000000000014
1987-12-21,7.729044,,,,
1988-01-05,,12.85,11.46,,1.3899999999999988
1988-01-21,7.630812,,,,
1988-02-05,,12.4,11.05,,1.3499999999999996
1988-02-21,7.415782,,,,
1988-03-07,,12.3,10.95,,1.3500000000000014
1988-03-16,,,,450130.0,
1988-03-21,7.502637,,,,
1988-04-05,,11.9,10.95,,0.9500000000000011
1988-04-21,7.91221,,,,
1988-05-06,,11.5,11.39,,0.10999999999999943
1988-05-21,7.451358,,,,
1988-06-05,,12.3,12.28,,0.02000000000000135
1988-06-21,7.584606,,,,
1988-07-06,,11.95,13.1,,-1.1500000000000004
1988-07-21,6.754314,,,,
1988-08-05,,11.95,13.08,,-1.1300000000000008
1988-08-21,7.068111,,,,
1988-09-05,,11.8,13.32,,-1.5199999999999996
1988-09-21,6.934283,,,,
1988-10-06,,11.95,13.64,,-1.6900000000000013
1988-10-21,6.817752,,,,
1988-11-05,,11.9,14.0,,-2.0999999999999996
1988-11-21,6.61256,,,,
1988-12-06,,12.35,14.73,,-2.380000000000001
1988-12-21,6.833443,,,,
1989-01-05,,12.95,15.11,,-2.16
1989-01-21,6.805777,,,,
1989-02-05,,13.3,15.56,,-2.26
1989-02-21,6.63673,,,,
1989-03-08,,13.65,16.54,,-2.889999999999999
1989-03-17,,,,470212.0,
1989-03-21,6.343586,,,,
1989-04-05,,13.65,17.25,,-3.5999999999999996
1989-04-21,6.199614,,,,
1989-05-06,,13.4,17.46,,-4.0600000000000005
1989-05-21,6.279666,,,,
1989-06-05,,13.9,17.52,,-3.619999999999999
1989-06-21,6.010303,,,,
1989-07-06,,13.5,18.37,,-4.870000000000001
1989-07-21,6.041127,,,,
1989-08-05,,13.35,18.06,,-4.709999999999999
1989-08-21,5.943595,,,,
1989-09-05,,12.95,17.96,,-5.010000000000002
1989-09-21,6.030864,,,,
1989-10-06,,13.65,18.12,,-4.470000000000001
1989-10-21,5.923982,,,,
1989-11-05,,13.55,18.36,,-4.809999999999999
1989-11-21,5.786509,,,,
1989-12-06,,13.1,18.25,,-5.15
1989-12-21,5.848977,,,,
1990-01-05,,12.9,17.89,,-4.99
1990-01-21,6.110621,,,,
1990-02-05,,12.8,17.33,,-4.529999999999998
1990-02-21,6.390821,,,,
1990-03-08,,13.3,16.2,,-2.8999999999999986
1990-03-17,,,,477263.0,
1990-03-21,6.187736,,,,
1990-04-05,,13.44,15.84,,-2.4000000000000004
1990-04-21,6.278717,,,,
1990-05-06,,13.78,15.14,,-1.3600000000000012
1990-05-21,6.504385,,,,
1990-06-05,,13.51,15.05,,-1.540000000000001
1990-06-21,6.607008,,,,
1990-07-06,,13.4,15.02,,-1.6199999999999992
1990-07-21,7.0984,,,,
1990-08-05,,13.16,14.83,,-1.67
1990-08-21,7.211204,,,,
1990-09-05,,13.49,13.92,,-0.4299999999999997
1990-09-21,7.374269,,,,
1990-10-06,,13.63,13.52,,0.11000000000000121
1990-10-21,7.637248,,,,
1990-11-05,,13.35,13.07,,0.27999999999999936
1990-11-21,7.945916,,,,
1990-12-06,,12.23,12.41,,-0.17999999999999972
1990-12-21,8.020647,,,,
1991-01-05,,12.07,12.19,,-0.11999999999999922
1991-01-21,8.400401,,,,
1991-02-05,,11.52,11.93,,-0.41000000000000014
1991-02-21,8.615942,,,,
1991-03-08,,11.53,11.62,,-0.08999999999999986
1991-03-17,,,,473125.0,
1991-03-21,9.185421,,,,
1991-04-05,,11.38,11.49,,-0.10999999999999943
1991-04-21,9.86035,,,,
1991-05-06,,10.98,11.36,,-0.379999999999999
1991-05-21,9.502886,,,,
1991-06-05,,10.75,10.72,,0.02999999999999936
1991-06-21,9.558183,,,,
1991-07-06,,11.17,10.39,,0.7799999999999994
1991-07-21,9.674954,,,,
1991-08-05,,10.99,10.34,,0.6500000000000004
1991-08-21,9.790629,,,,
1991-09-05,,10.67,10.13,,0.5399999999999991
1991-09-21,10.03303,,,,
1991-10-06,,10.31,9.58,,0.7300000000000004
1991-10-21,9.987679,,,,
1991-11-05,,9.82,8.97,,0.8499999999999996
1991-11-21,10.19834,,,,
1991-12-06,,9.78,8.34,,1.4399999999999995
1991-12-21,10.47607,,,,
1992-01-05,,9.39,7.84,,1.5500000000000007
1992-01-21,10.35008,,,,
1992-02-05,,10.11,7.45,,2.6599999999999993
1992-02-21,10.4044,,,,
1992-03-07,,10.04,7.52,,2.5199999999999996
1992-03-16,,,,485485.0,
1992-03-21,10.4985,,,,
1992-04-05,,9.89,7.51,,2.380000000000001
1992-04-21,10.47069,,,,
1992-05-06,,9.43,7.18,,2.25
1992-05-21,10.61972,,,,
1992-06-05,,9.12,6.56,,2.5599999999999996
1992-06-21,10.80877,,,,
1992-07-06,,8.9,6.42,,2.4800000000000004
1992-07-21,11.14076,,,,
1992-08-05,,8.3,5.64,,2.660000000000001
1992-08-21,10.72253,,,,
1992-09-05,,8.97,5.73,,3.24
1992-09-21,10.61722,,,,
1992-10-06,,8.94,5.94,,2.999999999999999
1992-10-21,11.09169,,,,
1992-11-05,,8.86,5.86,,2.999999999999999
1992-11-21,11.13706,,,,
1992-12-06,,9.14,5.88,,3.2600000000000007
1992-12-21,11.22023,,,,
1993-01-05,,8.94,5.9,,3.039999999999999
1993-01-21,10.83463,,,,
1993-02-05,,8.6,5.88,,2.7199999999999998
1993-02-21,11.01395,,,,
1993-03-08,,7.98,5.82,,2.16
1993-03-17,,,,505163.0,
1993-03-21,10.85935,,,,
1993-04-05,,7.82,5.38,,2.4400000000000004
1993-04-21,10.76593,,,,
1993-05-06,,7.55,5.27,,2.2800000000000002
1993-05-21,10.78739,,,,
1993-06-05,,7.71,5.15,,2.5599999999999996
1993-06-21,10.99059,,,,
1993-07-06,,7.37,5.22,,2.1500000000000004
1993-07-21,10.94842,,,,
1993-08-05,,6.88,5.05,,1.83
1993-08-21,10.9835,,,,
1993-09-05,,6.64,4.78,,1.8599999999999994
1993-09-21,10.74225,,,,
1993-10-06,,6.84,4.86,,1.9799999999999995
1993-10-21,10.95778,,,,
1993-11-05,,6.49,4.81,,1.6800000000000006
1993-11-21,10.94974,,,,
1993-12-06,,6.81,4.78,,2.0299999999999994
1993-12-21,10.75924,,,,
1994-01-05,,6.68,4.82,,1.8599999999999994
1994-01-21,10.56802,,,,
1994-02-05,,6.36,4.81,,1.5500000000000007
1994-02-21,10.3989,,,,
1994-03-08,,7.05,4.8,,2.25
1994-03-17,,,,529032.0,
1994-03-21,10.3543,,,,
1994-04-05,,7.95,4.88,,3.0700000000000003
1994-04-21,10.06265,,,,
1994-05-06,,8.44,4.92,,3.5199999999999996
1994-05-21,9.767555,,,,
1994-06-05,,8.79,4.85,,3.9399999999999995
1994-06-21,9.817874,,,,
1994-07-06,,9.63,5.12,,4.510000000000001
1994-07-21,9.633769,,,,
1994-08-05,,9.57,5.41,,4.16
1994-08-21,9.445017,,,,
1994-09-05,,9.36,5.6,,3.76
1994-09-21,9.354648,,,,
1994-10-06,,10.33,5.93,,4.4
1994-10-21,9.092789,,,,
1994-11-05,,10.51,6.45,,4.06
1994-11-21,9.14344,,,,
1994-12-06,,10.47,7.16,,3.3100000000000005
1994-12-21,8.936929,,,,
1995-01-05,,10.04,7.95,,2.089999999999999
1995-01-21,8.855318,,,,
1995-02-05,,10.3345,8.37,,1.964500000000001
1995-02-21,8.823561,,,,
1995-03-08,,10.1465,8.08,,2.0664999999999996
1995-03-17,,,,546931.0,
1995-03-21,8.617436,,,,
1995-04-05,,10.1378260869565,8.13,,2.0078260869564986
1995-04-21,8.267159,,,,
1995-05-06,,9.79882352941176,7.89,,1.9088235294117597
1995-05-21,8.475,,,,
1995-06-05,,9.10608695652174,7.7,,1.4060869565217393
1995-06-21,8.35241,,,,
1995-07-06,,8.85619047619048,7.55,,1.3061904761904808
1995-07-21,8.428261,,,,
1995-08-05,,9.08190476190476,7.56,,1.5219047619047599
1995-08-21,8.320287,,,,
1995-09-05,,9.12434782608696,7.58,,1.5443478260869608
1995-09-21,8.363319,,,,
1995-10-06,,8.68619047619048,7.49,,1.1961904761904805
1995-10-21,8.575218,,,,
1995-11-05,,8.50863636363636,7.47,,1.0386363636363596
1995-11-21,8.452427,,,,
1995-12-06,,8.495,7.46,,1.0349999999999993
1995-12-21,8.14514,,,,
1996-01-05,,8.25473684210526,7.43,,0.8247368421052599
1996-01-21,8.451765,,,,
1996-02-05,,8.11238095238095,7.46,,0.6523809523809492
1996-02-21,8.327196,,,,
1996-03-07,,8.24857142857143,7.47,,0.7785714285714311
1996-03-16,,,,568857.0,
1996-03-21,8.421384,,,,
1996-04-05,,8.80809523809524,7.53,,1.278095238095239
1996-04-21,8.578163,,,,
1996-05-06,,8.87368421052632,7.57,,1.3036842105263204
1996-05-21,8.414644,,,,
1996-06-05,,8.83217391304348,7.55,,1.2821739130434802
1996-06-21,8.254397,,,,
1996-07-06,,8.93157894736842,7.57,,1.36157894736842
1996-07-21,8.568745,,,,
1996-08-05,,8.6295652173913,7.56,,1.0695652173912995
1996-08-21,8.722334,,,,
1996-09-05,,8.04,6.92,,1.1199999999999992
1996-09-21,8.576827,,,,
1996-10-06,,8.00333333333333,6.91,,1.0933333333333302
1996-10-21,8.759612,,,,
1996-11-05,,7.5504347826087,6.7,,0.8504347826086995
1996-11-21,8.471126,,,,
1996-12-06,,7.15666666666667,6.45,,0.7066666666666697
1996-12-21,8.631034,,,,
1997-01-05,,7.324,6.13,,1.194
1997-01-21,8.568425,,,,
1997-02-05,,7.45904761904762,5.82,,1.63904761904762
1997-02-21,8.703149,,,,
1997-03-08,,7.394,5.91,,1.484
1997-03-17,,,,593032.0,
1997-03-21,8.5926,,,,
1997-04-05,,7.89947368421053,6.05,,1.8494736842105306
1997-04-21,8.568338,,,,
1997-05-06,,7.92380952380952,6.04,,1.8838095238095196
1997-05-21,8.547787,,,,
1997-06-05,,7.67454545454545,5.87,,1.8045454545454502
1997-06-21,8.331244,,,,
1997-07-06,,7.151,5.35,,1.8010000000000002
1997-07-21,8.589899,,,,
1997-08-05,,6.64260869565217,5.19,,1.4526086956521693
1997-08-21,8.465378,,,,
1997-09-05,,6.65095238095238,4.9,,1.7509523809523797
1997-09-21,8.068257,,,,
1997-10-06,,6.31136363636364,4.77,,1.5413636363636405
1997-10-21,8.03336,,,,
1997-11-05,,6.18217391304348,4.83,,1.3521739130434796
1997-11-21,7.987388,,,,
1997-12-06,,6.031,4.95,,1.0809999999999995
1997-12-21,7.910815,,,,
1998-01-05,,6.13904761904762,5.07,,1.0690476190476197
1998-01-21,7.866287,,,,
1998-02-05,,5.806,4.99,,0.8159999999999998
1998-02-21,7.772816,,,,
1998-03-08,,5.887,4.97,,0.9169999999999998
1998-03-17,,,,622353.0,
1998-03-21,7.883766,,,,
1998-04-05,,5.865,4.96,,0.9050000000000002
1998-04-21,7.603862,,,,
1998-05-06,,5.685,4.92,,0.7649999999999997
1998-05-21,7.765222,,,,
1998-06-05,,5.63904761904762,4.96,,0.67904761904762
1998-06-21,7.832401,,,,
1998-07-06,,5.57619047619048,5.32,,0.2561904761904801
1998-07-21,7.975123,,,,
1998-08-05,,5.52130434782609,5.17,,0.35130434782609044
1998-08-21,7.75563,,,,
1998-09-05,,5.63857142857143,5.19,,0.4485714285714293
1998-09-21,7.634111,,,,
1998-10-06,,5.34590909090909,5.03,,0.3159090909090896
1998-10-21,7.313861,,,,
1998-11-05,,4.96590909090909,4.83,,0.13590909090908987
1998-11-21,7.626467,,,,
1998-12-06,,5.13095238095238,4.88,,0.2509523809523797
1998-12-21,7.184079,,,,
1999-01-05,,4.85476190476191,4.8,,0.054761904761909896
1999-01-21,7.118979,,,,
1999-02-05,,5.12789473684211,4.79,,0.33789473684211035
1999-02-21,7.115457,,,,
1999-03-08,,5.3,4.77,,0.5300000000000002
1999-03-17,,,,648296.0,
1999-03-21,7.01294,,,,
1999-04-05,,5.52652173913043,4.81,,0.7165217391304308
1999-04-21,6.979688,,,,
1999-05-06,,5.3575,4.76,,0.5975000000000001
1999-05-21,7.025277,,,,
1999-06-05,,5.87571428571429,4.86,,1.0157142857142896
1999-06-21,6.653368,,,,
1999-07-06,,6.20666666666667,4.93,,1.27666666666667
1999-07-21,6.675606,,,,
1999-08-05,,6.13590909090909,4.89,,1.2459090909090902
1999-08-21,6.906044,,,,
1999-09-05,,6.34,4.92,,1.42
1999-09-21,7.041564,,,,
1999-10-06,,6.34136363636364,5.01,,1.3313636363636405
1999-10-21,6.776575,,,,
1999-11-05,,6.60666666666667,5.31,,1.2966666666666704
1999-11-21,6.440506,,,,
1999-12-06,,6.55636363636364,5.44,,1.1163636363636398
1999-12-21,6.684793,,,,
2000-01-05,,6.73714285714286,5.65,,1.0871428571428599
2000-01-21,6.766912,,,,
2000-02-05,,7.1778947368421,5.66,,1.5178947368421003
2000-02-21,6.619306,,,,
2000-03-07,,6.95761904761905,5.8,,1.1576190476190504
2000-03-16,,,,668641.0,
2000-03-21,6.565288,,,,
2000-04-05,,6.5704347826087,5.89,,0.6804347826087005
2000-04-21,6.376498,,,,
2000-05-06,,6.26470588235294,6.04,,0.2247058823529402
2000-05-21,6.414651,,,,
2000-06-05,,6.46565217391304,6.31,,0.15565217391304031
2000-06-21,6.115061,,,,
2000-07-06,,6.17238095238095,6.23,,-0.05761904761905079
2000-07-21,5.954364,,,,
2000-08-05,,6.16190476190476,6.2,,-0.038095238095239736
2000-08-21,6.051593,,,,
2000-09-05,,6.22739130434783,6.49,,-0.2626086956521698
2000-09-21,5.963264,,,,
2000-10-06,,6.13619047619048,6.57,,-0.4338095238095203
2000-10-21,6.009985,,,,
2000-11-05,,6.10795454545455,6.41,,-0.30204545454544984
2000-11-21,6.262171,,,,
2000-12-06,,5.98954545454545,6.33,,-0.34045454545455023
2000-12-21,6.244171,,,,
2001-01-05,,5.54315789473684,6.2,,-0.6568421052631601
2001-01-21,6.137761,,,,
2001-02-05,,5.40547619047619,5.91,,-0.5045238095238105
2001-02-21,6.50205,,,,
2001-03-08,,5.32125,5.59,,-0.2687499999999998
2001-03-17,,,,685353.0,
2001-03-21,6.458921,,,,
2001-04-05,,5.13068181818182,5.14,,-0.00931818181817956
2001-04-21,6.782522,,,,
2001-05-06,,5.57722222222222,4.86,,0.7172222222222198
2001-05-21,6.893152,,,,
2001-06-05,,5.94347826086957,4.89,,1.0534782608695705
2001-06-21,6.932938,,,,
2001-07-06,,5.89675,4.97,,0.9267500000000002
2001-07-21,6.880187,,,,
2001-08-05,,6.08636363636364,5.04,,1.0463636363636404
2001-08-21,6.881162,,,,
2001-09-05,,5.76152173913044,4.95,,0.8115217391304395
2001-09-21,6.841999,,,,
2001-10-06,,5.57825,4.55,,1.0282499999999999
2001-10-21,7.193716,,,,
2001-11-05,,5.40760869565217,4.36,,1.04760869565217
2001-11-21,6.883147,,,,
2001-12-06,,5.45772727272727,4.28,,1.17772727272727
2001-12-21,6.861583,,,,
2002-01-05,,5.81684210526316,4.25,,1.5668421052631603
2002-01-21,6.915702,,,,
2002-02-05,,5.85833333333333,4.26,,1.59833333333333
2002-02-21,6.536532,,,,
2002-03-08,,5.94575,4.31,,1.6357500000000007
2002-03-17,,,,712473.0,
2002-03-21,6.430444,,,,
2002-04-05,,6.309,4.46,,1.8490000000000002
2002-04-21,6.345589,,,,
2002-05-06,,6.294,4.59,,1.7039999999999997
2002-05-21,6.372657,,,,
2002-06-05,,6.21521739130435,4.84,,1.37521739130435
2002-06-21,6.495931,,,,
2002-07-06,,6.00763157894737,5.07,,0.9376315789473697
2002-07-21,6.179946,,,,
2002-08-05,,5.85978260869565,4.98,,0.87978260869565
2002-08-21,6.349165,,,,
2002-09-05,,5.64840909090909,4.96,,0.6884090909090901
2002-09-21,6.312302,,,,
2002-10-06,,5.43571428571429,4.92,,0.5157142857142905
2002-10-21,6.128392,,,,
2002-11-05,,5.65913043478261,4.9,,0.7591304347826098
2002-11-21,6.162763,,,,
2002-12-06,,5.49952380952381,4.84,,0.6595238095238098
2002-12-21,6.182296,,,,
2003-01-05,,5.395,4.83,,0.5649999999999995
2003-01-21,6.08249,,,,
2003-02-05,,5.275,4.8,,0.47500000000000053
2003-02-21,5.955029,,,,
2003-03-08,,5.16775,4.75,,0.41774999999999984
2003-03-17,,,,735401.0,
2003-03-21,6.131339,,,,
2003-04-05,,5.27166666666667,4.76,,0.5116666666666703
2003-04-21,6.029623,,,,
2003-05-06,,5.34605263157895,4.79,,0.5560526315789502
2003-05-21,6.06923,,,,
2003-06-05,,5.02818181818182,4.78,,0.24818181818181984
2003-06-21,6.054782,,,,
2003-07-06,,4.80275,4.67,,0.1327499999999997
2003-07-21,6.12815,,,,
2003-08-05,,5.23282608695652,4.72,,0.5128260869565207
2003-08-21,5.817875,,,,
2003-09-05,,5.52404761904762,4.82,,0.7040476190476195
2003-09-21,5.775564,,,,
2003-10-06,,5.51295454545455,4.91,,0.6029545454545495
2003-10-21,5.783569,,,,
2003-11-05,,5.60869565217391,4.97,,0.6386956521739107
2003-11-21,5.661823,,,,
2003-12-06,,5.874,5.31,,0.5640000000000001
2003-12-21,5.681464,,,,
2004-01-05,,5.75738095238095,5.47,,0.28738095238094985
2004-01-21,5.531558,,,,
2004-02-05,,5.7005,5.55,,0.15050000000000008
2004-02-21,5.643064,,,,
2004-03-07,,5.6205,5.57,,0.050499999999999545
2004-03-16,,,,765192.0,
2004-03-21,5.437513,,,,
2004-04-05,,5.4154347826087,5.51,,-0.09456521739129986
2004-04-21,5.507201,,,,
2004-05-06,,5.803,5.54,,0.2629999999999999
2004-05-21,5.336932,,,,
2004-06-05,,5.95809523809524,5.51,,0.4480952380952399
2004-06-21,5.463309,,,,
2004-07-06,,5.84547619047619,5.49,,0.35547619047618984
2004-07-21,5.55071,,,,
2004-08-05,,5.71772727272727,5.46,,0.25772727272727014
2004-08-21,5.517147,,,,
2004-09-05,,5.58318181818182,5.44,,0.1431818181818194
2004-09-21,5.370692,,,,
2004-10-06,,5.41204545454546,5.42,,-0.007954545454539996
2004-10-21,5.122748,,,,
2004-11-05,,5.40142857142857,5.41,,-0.008571428571429784
2004-11-21,5.161255,,,,
2004-12-06,,5.4,5.43,,-0.02999999999999936
2004-12-21,5.068655,,,,
2005-01-05,,5.23190476190476,5.41,,-0.1780952380952403
2005-01-21,5.073361,,,,
2005-02-05,,5.35184210526316,5.42,,-0.06815789473683953
2005-02-21,5.084222,,,,
2005-03-08,,5.39775,5.63,,-0.23224999999999962
2005-03-17,,,,788802.0,
2005-03-21,5.162768,,,,
2005-04-05,,5.65261904761905,5.81,,-0.15738095238094996
2005-04-21,5.122008,,,,
2005-05-06,,5.472,5.75,,-0.2779999999999996
2005-05-21,5.099526,,,,
2005-06-05,,5.28772727272727,5.68,,-0.3922727272727293
2005-06-21,4.950055,,,,
2005-07-06,,5.14047619047619,5.66,,-0.5195238095238102
2005-07-21,4.972166,,,,
2005-08-05,,5.1902380952381,5.65,,-0.4597619047619004
2005-08-21,4.901398,,,,
2005-09-05,,5.21869565217391,5.62,,-0.40130434782609026
2005-09-21,5.002244,,,,
2005-10-06,,5.18636363636364,5.62,,-0.43363636363636004
2005-10-21,5.015754,,,,
2005-11-05,,5.4002380952381,5.63,,-0.22976190476189995
2005-11-21,4.938182,,,,
2005-12-06,,5.43522727272727,5.63,,-0.19477272727272954
2005-12-21,5.069922,,,,
2006-01-05,,5.3465,5.63,,-0.2835000000000001
2006-01-21,5.162093,,,,
2006-02-05,,5.2035,5.63,,-0.4264999999999999
2006-02-21,5.103541,,,,
2006-03-08,,5.272,5.61,,-0.3380000000000001
2006-03-17,,,,810721.0,
2006-03-21,4.867129,,,,
2006-04-05,,5.34130434782609,5.61,,-0.26869565217391056
2006-04-21,4.965619,,,,
2006-05-06,,5.57970588235294,5.69,,-0.11029411764706065
2006-05-21,4.798316,,,,
2006-06-05,,5.75,5.87,,-0.1200000000000001
2006-06-21,4.808181,,,,
2006-07-06,,5.73785714285714,5.96,,-0.22214285714285964
2006-07-21,4.65688,,,,
2006-08-05,,5.83404761904762,6.05,,-0.21595238095237956
2006-08-21,4.712182,,,,
2006-09-05,,5.77326086956522,6.19,,-0.41673913043478006
2006-09-21,4.666036,,,,
2006-10-06,,5.60166666666667,6.21,,-0.6083333333333298
2006-10-21,4.463221,,,,
2006-11-05,,5.665,6.28,,-0.6150000000000002
2006-11-21,4.515113,,,,
2006-12-06,,5.59954545454545,6.37,,-0.7704545454545499
2006-12-21,4.568116,,,,
2007-01-05,,5.69657894736842,6.39,,-0.6934210526315798
2007-01-21,4.55352,,,,
2007-02-05,,5.87761904761905,6.43,,-0.5523809523809495
2007-02-21,4.634456,,,,
2007-03-08,,5.80925,6.37,,-0.5607500000000005
2007-03-17,,,,848145.0,
2007-03-21,4.459739,,,,
2007-04-05,,5.73681818181818,6.43,,-0.6931818181818201
2007-04-21,4.386101,,,,
2007-05-06,,5.90972222222222,6.48,,-0.5702777777777808
2007-05-21,4.2646,,,,
2007-06-05,,5.92086956521739,6.37,,-0.44913043478261017
2007-06-21,4.324144,,,,
2007-07-06,,6.20475,6.42,,-0.21525000000000016
2007-07-21,4.253369,,,,
2007-08-05,,6.14977272727273,6.47,,-0.32022727272727014
2007-08-21,4.298995,,,,
2007-09-05,,5.92590909090909,6.75,,-0.8240909090909101
2007-09-21,4.213336,,,,
2007-10-06,,5.99210526315789,6.94,,-0.9478947368421107
2007-10-21,4.326213,,,,
2007-11-05,,6.17434782608696,6.91,,-0.7356521739130404
2007-11-21,4.426834,,,,
2007-12-06,,6.02545454545455,7.15,,-1.1245454545454505
2007-12-21,4.308406,,,,
2008-01-05,,6.20763157894737,7.29,,-1.0823684210526299
2008-01-21,4.222486,,,,
2008-02-05,,6.07642857142857,7.18,,-1.1035714285714295
2008-02-21,3.979028,,,,
2008-03-07,,6.29452380952381,7.69,,-1.3954761904761908
2008-03-16,,,,869146.0,
2008-03-21,4.057154,,,,
2008-04-05,,6.08552631578947,7.9,,-1.8144736842105305
2008-04-21,4.265633,,,,
2008-05-06,,6.17047619047619,7.84,,-1.6695238095238096
2008-05-21,4.26652,,,,
2008-06-05,,6.355,7.75,,-1.3949999999999996
2008-06-21,4.243539,,,,
2008-07-06,,6.58675,7.81,,-1.2232499999999993
2008-07-21,4.25043,,,,
2008-08-05,,6.36652173913044,7.75,,-1.38347826086956
2008-08-21,4.015375,,,,
2008-09-05,,5.8625,7.31,,-1.4474999999999998
2008-09-21,4.289198,,,,
2008-10-06,,5.64590909090909,7.27,,-1.62409090909091
2008-10-21,4.290136,,,,
2008-11-05,,5.21522727272727,6.03,,-0.8147727272727305
2008-11-21,4.462929,,,,
2008-12-06,,4.94075,4.76,,0.18075000000000063
2008-12-21,4.570035,,,,
2009-01-05,,4.21571428571429,4.39,,-0.17428571428570994
2009-01-21,4.908155,,,,
2009-02-05,,4.08575,3.74,,0.3457499999999998
2009-02-21,5.302573,,,,
2009-03-08,,4.253,3.16,,1.093
2009-03-17,,,,880883.0,
2009-03-21,5.711344,,,,
2009-04-05,,4.32772727272727,3.16,,1.1677272727272703
2009-04-21,5.513339,,,,
2009-05-06,,4.512,3.1,,1.4119999999999995
2009-05-21,5.812236,,,,
2009-06-05,,5.00428571428571,3.13,,1.8742857142857101
2009-06-21,5.861533,,,,
2009-07-06,,5.55666666666667,3.25,,2.30666666666667
2009-07-21,5.672875,,,,
2009-08-05,,5.48782608695652,3.14,,2.34782608695652
2009-08-21,5.714836,,,,
2009-09-05,,5.53325,3.3,,2.23325
2009-09-21,5.661935,,,,
2009-10-06,,5.32363636363636,3.37,,1.9536363636363596
2009-10-21,5.623707,,,,
2009-11-05,,5.4502380952381,3.78,,1.6702380952381
2009-11-21,5.558652,,,,
2009-12-06,,5.46666666666667,3.95,,1.5166666666666702
2009-12-21,5.491163,,,,
2010-01-05,,5.47309523809524,4.12904761904762,,1.34404761904762
2010-01-21,5.266158,,,,
2010-02-05,,5.5575,4.2025,,1.3550000000000004
2010-02-21,5.298203,,,,
2010-03-08,,5.4775,4.16,,1.3175
2010-03-17,,,,902684.0,
2010-03-21,5.422618,,,,
2010-04-05,,5.62,4.3275,,1.2925000000000004
2010-04-21,5.498934,,,,
2010-05-06,,5.795,4.545,,1.25
2010-05-21,5.229763,,,,
2010-06-05,,5.48,4.805,,0.6750000000000007
2010-06-21,5.144123,,,,
2010-07-06,,5.3275,4.8875,,0.4399999999999995
2010-07-21,5.28825,,,,
2010-08-05,,5.145,4.84,,0.3049999999999997
2010-08-21,5.032184,,,,
2010-09-05,,4.97,4.7425,,0.22750000000000004
2010-09-21,5.054316,,,,
2010-10-06,,5.0025,4.815,,0.1875
2010-10-21,5.284854,,,,
2010-11-05,,5.085,4.81,,0.27500000000000036
2010-11-21,5.109206,,,,
2010-12-06,,5.3775,5.015,,0.3625000000000007
2010-12-21,4.876918,,,,
2011-01-05,,5.555,5.025,,0.5299999999999994
2011-01-21,5.003428,,,,
2011-02-05,,5.52,4.955,,0.5649999999999995
2011-02-21,4.97187,,,,
2011-03-08,,5.61,4.9175,,0.6924999999999999
2011-03-17,,,,922870.0,
2011-03-21,4.926472,,,,
2011-04-05,,5.435,4.92,,0.5149999999999997
2011-04-21,4.959724,,,,
2011-05-06,,5.5125,4.9,,0.6124999999999998
2011-05-21,5.013318,,,,
2011-06-05,,5.325,5.0025,,0.3224999999999998
2011-06-21,4.916609,,,,
2011-07-06,,5.16,4.9925,,0.16750000000000043
2011-07-21,5.092914,,,,
2011-08-05,,5.02,4.955,,0.0649999999999995
2011-08-21,5.270048,,,,
2011-09-05,,4.4925,4.8575,,-0.3650000000000002
2011-09-21,5.221719,,,,
2011-10-06,,4.2025,4.81,,-0.6074999999999999
2011-10-21,5.187731,,,,
2011-11-05,,4.37,4.725,,-0.35499999999999954
2011-11-21,5.231228,,,,
2011-12-06,,4.0825,4.6225,,-0.54
2011-12-21,5.196874,,,,
2012-01-05,,3.825,4.5075,,-0.6825000000000001
2012-01-21,5.047909,,,,
2012-02-05,,3.795,4.41,,-0.6150000000000002
2012-02-21,5.191717,,,,
2012-03-07,,3.97,4.37,,-0.3999999999999999
2012-03-21,5.183195,,,,
2012-04-05,,4.15,4.4425,,-0.29249999999999954
2012-04-21,4.994934,,,,
2012-05-06,,3.8575,4.2025,,-0.34499999999999975
2012-05-21,5.200464,,,,
2012-06-05,,3.2775,3.655,,-0.37749999999999995
2012-06-21,5.162393,,,,
2012-07-06,,2.995,3.4925,,-0.49750000000000005
2012-07-21,5.182356,,,,
2012-08-05,,2.8875,3.545,,-0.6574999999999998
2012-08-21,5.157031,,,,
2012-09-05,,3.1875,3.6175,,-0.43000000000000016
2012-09-21,5.488333,,,,
2012-10-06,,3.0925,3.49,,-0.3975000000000004
2012-10-21,5.410439,,,,
2012-11-05,,3.0225,3.1625,,-0.14000000000000012
2012-11-21,5.256884,,,,
2012-12-06,,3.0875,3.2425,,-0.15500000000000025
2012-12-21,5.432442,,,,
2013-01-05,,3.2275,3.1125,,0.11500000000000021
2013-01-21,5.389523,,,,
2013-02-05,,3.3975,3.0,,0.39749999999999996
2013-02-21,5.394335,,,,
2013-03-08,,3.4975,2.94,,0.5575000000000001
2013-03-21,5.640448,,,,
2013-04-05,,3.5125,3.05,,0.46250000000000036
2013-04-21,5.589105,,,,
2013-05-06,,3.245,3.02,,0.2250000000000001
2013-05-21,5.609777,,,,
2013-06-05,,3.225,2.82,,0.40500000000000025
2013-06-21,5.694923,,,,
2013-07-06,,3.555,2.8,,0.7550000000000003
2013-07-21,5.635702,,,,
2013-08-05,,3.772,2.76,,1.012
2013-08-21,5.84368,,,,
2013-09-05,,3.894,2.6,,1.294
2013-09-21,5.706468,,,,
2013-10-06,,4.033,2.58,,1.4530000000000003
2013-10-21,5.823086,,,,
2013-11-05,,4.009,2.58,,1.4290000000000003
2013-11-21,5.796395,,,,
2013-12-06,,4.175,2.58,,1.5949999999999998
2013-12-21,5.900763,,,,
2014-01-05,,4.262,2.6,,1.6619999999999995
2014-01-21,5.947085,,,,
2014-02-05,,4.158,2.62,,1.5380000000000003
2014-02-21,5.876436,,,,
2014-03-08,,4.104,2.63,,1.4740000000000002
2014-03-21,5.875191,,,,
2014-04-05,,4.092,2.65,,1.4419999999999997
2014-04-21,5.80466,,,,
2014-05-06,,4.027,2.68,,1.347
2014-05-21,5.930003,,,,
2014-06-05,,3.781,2.69,,1.0910000000000002
2014-06-21,6.048375,,,,
2014-07-06,,3.713,2.7,,1.013
2014-07-21,6.171325,,,,
2014-08-05,,3.486,2.65,,0.8360000000000003
2014-08-21,6.10046,,,,
2014-09-05,,3.43,2.63,,0.8000000000000003
2014-09-21,6.236833,,,,
2014-10-06,,3.573,2.66,,0.9129999999999998
2014-10-21,6.357332,,,,
2014-11-05,,3.344,2.72,,0.6239999999999997
2014-11-21,6.296836,,,,
2014-12-06,,3.294,2.75,,0.544
2014-12-21,6.106007,,,,
2015-01-05,,2.964,2.75,,0.21399999999999997
2015-01-21,6.35161,,,,
2015-02-05,,2.622,2.7,,-0.07800000000000029
2015-02-21,6.153363,,,,
2015-03-08,,2.49,2.36,,0.13000000000000034
2015-03-21,6.103465,,,,
2015-04-05,,2.475,2.3,,0.17500000000000027
2015-04-21,6.112659,,,,
2015-05-06,,2.41,2.25,,0.16000000000000014
2015-05-21,5.931117,,,,
2015-06-05,,2.882,2.15,,0.7320000000000002
2015-06-21,6.007611,,,,
2015-07-06,,2.985,2.15,,0.835
2015-07-21,6.27376,,,,
2015-08-05,,2.922,2.14,,0.782
2015-08-21,6.087391,,,,
2015-09-05,,2.738,2.14,,0.5979999999999999
2015-09-21,6.174273,,,,
2015-10-06,,2.724,2.17,,0.5540000000000003
2015-10-21,5.912071,,,,
2015-11-05,,2.657,2.15,,0.5070000000000001
2015-11-21,5.850397,,,,
2015-12-06,,2.889,2.22,,0.6689999999999996
2015-12-21,5.74113,,,,
2016-01-05,,2.852,2.34,,0.512
2016-01-21,6.041169,,,,
2016-02-05,,2.708,2.3,,0.40800000000000036
2016-02-21,5.694438,,,,
2016-03-07,,2.465,2.28,,0.18500000000000005
2016-03-21,5.653578,,,,
2016-04-05,,2.561,2.31,,0.2509999999999999
2016-04-21,5.645434,,,,
2016-05-06,,2.512,2.26,,0.2520000000000002
2016-05-21,5.72171,,,,
2016-06-05,,2.322,2.0,,0.32200000000000006
2016-06-21,5.695338,,,,
2016-07-06,,2.125,1.99,,0.135
2016-07-21,5.692999,,,,
2016-08-05,,1.936,1.93,,0.006000000000000005
2016-08-21,5.614959,,,,
2016-09-05,,1.892,1.76,,0.1319999999999999
2016-09-21,5.664861,,,,
2016-10-06,,2.004,1.73,,0.274
2016-10-21,5.596512,,,,
2016-11-05,,2.231,1.74,,0.4909999999999999
2016-11-21,5.767118,,,,
2016-12-06,,2.535,1.76,,0.7750000000000001
2016-12-21,5.836587,,,,
2017-01-05,,2.799,1.78,,1.019
2017-01-21,5.683755,,,,
2017-02-05,,2.711,1.78,,0.9309999999999998
2017-02-21,5.893282,,,,
2017-03-08,,2.738,1.78,,0.958
2017-03-21,5.845982,,,,
2017-04-05,,2.804,1.79,,1.0139999999999998
2017-04-21,5.609199,,,,
2017-05-06,,2.557,1.77,,0.7869999999999999
2017-05-21,5.547534,,,,
2017-06-05,,2.548,1.73,,0.8180000000000001
2017-06-21,5.622869,,,,
2017-07-06,,2.421,1.72,,0.7009999999999998
2017-07-21,5.605175,,,,
2017-08-05,,2.664,1.7,,0.9640000000000002
2017-08-21,5.529722,,,,
2017-09-05,,2.626,1.7,,0.9259999999999999
2017-09-21,5.462973,,,,
2017-10-06,,2.71,1.72,,0.99
2017-10-21,5.403244,,,,
2017-11-05,,2.768,1.7,,1.0679999999999998
2017-11-21,5.454136,,,,
2017-12-06,,2.565,1.72,,0.845
2017-12-21,5.616885,,,,
2018-01-05,,2.583,1.77,,0.8130000000000002
2018-01-21,5.524104,,,,
2018-02-05,,2.747,1.79,,0.9569999999999999
2018-02-21,5.581652,,,,
2018-03-08,,2.845,1.77,,1.0750000000000002
2018-03-21,5.530407,,,,
2018-04-05,,2.713,1.93,,0.7830000000000001
2018-04-21,5.545162,,,,
2018-05-06,,2.734,2.06,,0.6739999999999999
2018-05-21,5.436615,,,,
2018-06-05,,2.79,1.96,,0.8300000000000001
2018-06-21,5.341984,,,,
2018-07-06,,2.697,2.07,,0.6270000000000002
2018-07-21,5.29424,,,,
2018-08-05,,2.637,2.02,,0.617
2018-08-21,5.243611,,,,
2018-09-05,,2.59,1.96,,0.6299999999999999
2018-09-21,5.018031,,,,
2018-10-06,,2.631,1.93,,0.7009999999999998
2018-10-21,5.001291,,,,
2018-11-05,,2.682,1.93,,0.752
2018-11-21,5.108883,,,,
2018-12-06,,2.683,1.94,,0.7429999999999999
2018-12-21,5.018082,,,,
2019-01-05,,2.431,2.02,,0.41100000000000003
2019-01-21,5.049368,,,,
2019-02-05,,2.271,2.07,,0.20100000000000007
2019-02-21,4.992832,,,,
2019-03-08,,2.126,1.96,,0.16599999999999993
2019-03-21,5.088956,,,,
2019-04-05,,1.957,1.83,,0.127
2019-04-21,5.21961,,,,
2019-05-06,,1.865,1.68,,0.18500000000000005
2019-05-21,5.197409,,,,
2019-06-05,,1.655,1.54,,0.11499999999999999
2019-06-21,5.259503,,,,
2019-07-06,,1.386,1.29,,0.09599999999999986
2019-07-21,5.274817,,,,
2019-08-05,,1.32,1.11,,0.20999999999999996
2019-08-21,5.257444,,,,
2019-09-05,,0.959,0.98,,-0.02100000000000002
2019-09-21,5.226007,,,,
2019-10-06,,1.035,0.98,,0.05499999999999994
2019-10-21,5.301924,,,,
2019-11-05,,1.037,0.88,,0.15699999999999992
2019-11-21,5.172451,,,,
2019-12-06,,1.152,0.91,,0.24199999999999988
2019-12-21,5.039639,,,,
2020-01-05,,1.202,0.9,,0.30199999999999994
2020-01-21,5.248896,,,,
2020-02-05,,1.159,0.89,,0.269
2020-02-21,5.113196,,,,
2020-03-07,,0.984,0.89,,0.09399999999999997
2020-03-21,5.198636,,,,
2020-04-05,,0.884,0.53,,0.354
2020-04-21,6.301623,,,,
2020-05-06,,0.854,0.17,,0.6839999999999999
2020-05-21,6.991954,,,,
2020-06-05,,0.903,0.1,,0.803
2020-06-21,7.423463,,,,
2020-07-06,,0.928,0.1,,0.8280000000000001
2020-07-21,7.434264,,,,
2020-08-05,,0.897,0.1,,0.797
2020-08-21,6.792851,,,,
2020-09-05,,0.905,0.1,,0.805
2020-09-21,6.923532,,,,
2020-10-06,,0.894,0.09,,0.804
2020-10-21,6.948039,,,,
2020-11-05,,0.802,0.07,,0.732
2020-11-21,6.811051,,,,
2020-12-06,,0.856,0.02,,0.836
2020-12-21,6.559897,,,,
2021-01-05,,0.976,0.02,,0.956
2021-01-21,6.276704,,,,
2021-02-05,,1.053,0.01,,1.043
2021-02-21,5.847815,,,,
2021-03-08,,1.334,0.01,,1.324
2021-03-21,5.674388,,,,
2021-04-05,,1.707,0.03,,1.677
2021-04-21,5.464977,,,,
2021-05-06,,1.676,0.04,,1.636
2021-05-21,5.113817,,,,
2021-06-05,,1.66,0.04,,1.6199999999999999
2021-06-21,5.023409,,,,
2021-07-06,,1.531,0.03,,1.501
2021-07-21,4.721186,,,,
2021-08-05,,1.254,0.02,,1.234
2021-08-21,4.572714,,,,
2021-09-05,,1.135,0.01,,1.125
2021-09-21,4.700182,,,,
2021-10-06,,1.282,0.01,,1.272
2021-10-21,5.235433,,,,
2021-11-05,,1.71,0.04,,1.67
2021-11-21,4.633631,,,,
2021-12-06,,1.806,0.04,,1.766
2021-12-21,4.210193,,,,
2022-01-05,,1.609,0.06,,1.549
2022-01-21,4.166702,,,,
2022-02-05,,1.888,0.07,,1.8179999999999998
2022-02-21,4.032009,,,,
2022-03-08,,2.111,0.07,,2.0410000000000004
2022-03-21,3.984333,,,,
2022-04-05,,2.5,0.17,,2.33
2022-04-21,3.85153,,,,
2022-05-06,,3.008,0.41,,2.598
2022-05-21,3.942165,,,,
2022-06-05,,3.381,1.0,,2.381
2022-06-21,3.604603,,,,
2022-07-06,,3.767,1.6,,2.167
2022-07-21,3.446002,,,,
2022-08-05,,3.429,2.07,,1.359
2022-08-21,3.526324,,,,
2022-09-05,,3.361,2.31,,1.0510000000000002
2022-09-21,3.59594,,,,
2022-10-06,,3.747,2.76,,0.9870000000000001
2022-10-21,3.435673,,,,
2022-11-05,,3.919,2.95,,0.9689999999999999
2022-11-21,3.516584,,,,
2022-12-06,,3.696,3.06,,0.6360000000000001
2022-12-21,3.526499,,,,
2023-01-05,,3.551,3.17,,0.3810000000000002
2023-01-21,3.661857,,,,
2023-02-05,,3.604,3.32,,0.28400000000000025
2023-02-21,3.61105,,,,
2023-03-08,,3.702,3.46,,0.242
2023-03-21,3.59653,,,,
2023-04-05,,3.468,3.64,,-0.17200000000000015
2023-04-21,3.703707,,,,
2023-05-06,,3.343,3.66,,-0.31700000000000017
2023-05-21,3.590103,,,,
2023-06-05,,3.5,3.9,,-0.3999999999999999
2023-06-21,3.518124,,,,
2023-07-06,,3.916,4.25,,-0.3340000000000001
2023-07-21,3.711599,,,,
2023-08-05,,4.036,4.3,,-0.26400000000000023
2023-08-21,3.678611,,,,
2023-09-05,,4.128,4.15,,-0.02200000000000024
2023-09-21,3.556344,,,,
2023-10-06,,4.211,4.13,,0.0810000000000004
2023-10-21,3.778222,,,,
2023-11-05,,4.633,4.21,,0.42300000000000004
2023-11-21,3.932314,,,,
2023-12-06,,4.578,4.38,,0.1980000000000004
2023-12-21,3.987057,,,,
2024-01-05,,4.187,4.35,,-0.16299999999999937
2024-01-21,4.092523,,,,
2024-02-05,,4.148,4.35,,-0.20199999999999996
2024-02-21,3.741341,,,,
2024-03-07,,4.141,4.34,,-0.19899999999999984
2024-03-21,3.90005,,,,
2024-04-05,,4.045,4.35,,-0.3049999999999997
2024-04-21,4.081468,,,,
2024-05-06,,4.268,4.37,,-0.10200000000000031
2024-05-21,4.005112,,,,
2024-06-05,,4.325,4.36,,-0.03500000000000014
2024-06-21,4.033387,,,,
2024-07-06,,4.242,4.39,,-0.1479999999999997
2024-07-21,4.191932,,,,
2024-08-05,,4.326,4.46,,-0.13400000000000034
2024-08-21,4.125323,,,,
2024-09-05,,3.976,4.38,,-0.4039999999999999
2024-09-21,4.012471,,,,
2024-10-06,,3.922,4.42,,-0.4979999999999998
2024-10-21,4.090812,,,,
2024-11-05,,4.267,4.41,,-0.1429999999999998
2024-11-21,3.93646,,,,
2024-12-06,,4.544,4.42,,0.12399999999999967
2024-12-21,3.998586,,,,
2025-01-05,,4.313,4.44,,-0.12700000000000067
2025-01-21,4.126966,,,,
2025-02-05,,4.481,4.33,,0.1509999999999998
2025-02-21,4.074125,,,,
2025-03-08,,4.423,4.17,,0.2530000000000001
2025-03-21,4.082637,,,,
2025-04-05,,4.421,4.12,,0.30100000000000016
2025-04-21,4.054703,,,,
2025-05-06,,4.267,4.02,,0.24700000000000077
2025-05-21,4.101358,,,,
2025-06-05,,4.35,3.78,,0.5699999999999998
2025-06-21,4.317864,,,,
2025-07-06,,4.208,3.69,,0.5180000000000002
2025-07-21,4.235744,,,,
2025-08-05,,4.291,3.68,,0.6110000000000002
2025-08-21,4.244703,,,,
2025-09-05,,4.275,3.61,,0.6650000000000005
2025-09-21,4.437698,,,,
2025-10-06,,4.298,3.58,,0.718
2025-10-21,4.331548,,,,
2025-11-05,,4.234,3.56,,0.6739999999999999
2025-11-21,4.322312,,,,
2025-12-06,,4.416,3.65,,0.7660000000000005
2025-12-21,4.11812,,,,
2026-01-05,,4.719,3.71,,1.0090000000000003
2026-01-21,4.082335,,,,
2026-02-05,,4.75,3.77,,0.98
2026-02-21,4.305017,,,,
2026-03-08,,4.758,3.96,,0.798
2026-03-21,4.284076,,,,
2026-04-05,,4.926,4.19,,0.7359999999999998
2026-04-21,4.49108,,,,
2026-05-06,,4.969,4.34,,0.6290000000000004
2026-05-21,4.379606,,,,
2026-06-05,,4.982,4.43,,0.5520000000000005
2026-06-21,4.431548,,,,
2026-07-06,,4.831,4.46,,0.37100000000000044
2026-07-21,4.461825,,,,
2026-08-05,,4.919,4.48,,0.43899999999999917
2026-09-05,,5.015,4.51,,0.5049999999999999
